{"skeleton":{"hash":"2L6dThNfVXwtze0qrgZ4Qjp9QPY","spine":"3.1.08","width":2312.19,"height":1028.93,"images":"./images/"},"bones":[{"name":"root"},{"name":"bone2","parent":"root","x":-33.21,"y":-542.12},{"name":"bone","parent":"bone2","x":-23.42,"y":256.58},{"name":"guangxiao","parent":"bone","x":48.9,"y":309.73,"rotation":1.47},{"name":"guangxiao2","parent":"bone","x":49.75,"y":330.32,"scaleX":0.298,"scaleY":0.298},{"name":"guangxiao3","parent":"bone","x":13.44,"y":294.28,"scaleX":0.99,"scaleY":0.99},{"name":"guangxiao4","parent":"bone","x":77.96,"y":352.82,"scaleX":0.631,"scaleY":0.631,"rotation":-2.9},{"name":"guangxiao5","parent":"bone","x":39.71,"y":265.82,"scaleX":0.64,"scaleY":0.64},{"name":"guangxiao6","parent":"bone","x":58.65,"y":301.32,"scaleX":0.477,"scaleY":0.477,"rotation":-2.9},{"name":"kaishi","parent":"bone","x":336.74,"y":264.42},{"name":"kaishi1","parent":"bone","length":203.07,"x":398.06,"y":1074.42,"rotation":88.94},{"name":"kaishi2","parent":"bone","x":1116.71,"y":265.26},{"name":"kaishibg","parent":"bone2","x":525.75,"y":514.22},{"name":"youxi","parent":"bone","x":-241.82,"y":307.35},{"name":"youxi1","parent":"bone","length":251.92,"x":-199.78,"y":1112.02,"rotation":90},{"name":"youxi2","parent":"bone","x":-952.44,"y":311.42},{"name":"youxibg","parent":"bone","x":-452,"y":318.66}],"slots":[{"name":"kaishibg","bone":"kaishibg","attachment":"kaishibg"},{"name":"youxibg","bone":"youxibg","attachment":"youxibg"},{"name":"youxi","bone":"youxi","attachment":"youxi"},{"name":"kaishi","bone":"kaishi","attachment":"kaishi"},{"name":"kaishi2","bone":"kaishi2"},{"name":"youxi2","bone":"youxi2"},{"name":"kaishi1","bone":"kaishi1"},{"name":"youxi1","bone":"youxi1"},{"name":"guangxiao2","bone":"guangxiao2"},{"name":"guangxiao3","bone":"guangxiao3"},{"name":"guangxiao5","bone":"guangxiao5"},{"name":"guangxiao4","bone":"guangxiao4"},{"name":"guangxiao6","bone":"guangxiao6"},{"name":"guangxiao","bone":"guangxiao","attachment":"guangxiao"}],"skins":{"default":{"guangxiao":{"guangxiao":{"x":-29.82,"y":-28.35,"width":790,"height":1009}},"guangxiao2":{"guangxiao2":{"x":-1.26,"y":1.63,"width":65,"height":64}},"guangxiao3":{"guangxiao2":{"x":-1.26,"y":1.63,"width":65,"height":64}},"guangxiao4":{"guangxiao2":{"x":-1.26,"y":1.63,"width":65,"height":64}},"guangxiao5":{"guangxiao2":{"x":-1.26,"y":1.63,"width":65,"height":64}},"guangxiao6":{"guangxiao2":{"x":-1.26,"y":1.63,"width":65,"height":64}},"kaishi":{"kaishi":{"x":2.09,"y":-6.11,"width":429,"height":223}},"kaishi1":{"kaishi1":{"x":87.89,"y":-8.43,"rotation":-88.94,"width":479,"height":281}},"kaishi2":{"kaishi2":{"x":-7.19,"y":-5.63,"width":569,"height":221}},"kaishibg":{"kaishibg":{"x":45.58,"y":10.52,"width":1245,"height":339}},"youxi":{"youxi":{"x":-16.14,"y":-5.32,"width":438,"height":222}},"youxi1":{"youxi1":{"x":99.76,"y":-12.28,"rotation":-90,"width":506,"height":298}},"youxi2":{"youxi2":{"x":-10.42,"y":-6.36,"width":578,"height":221}},"youxibg":{"youxibg":{"x":-42.43,"y":-5.84,"width":1201,"height":337}}}},"events":{"end":{},"start":{}},"animations":{"animation":{"slots":{"guangxiao":{"attachment":[{"time":0,"name":null},{"time":0.0666,"name":"guangxiao"}],"color":[{"time":0,"color":"ffffffff","curve":"stepped"},{"time":0.2,"color":"ffffffff"},{"time":0.4,"color":"ffffff00"}]},"guangxiao2":{"attachment":[{"time":0,"name":null},{"time":0.0666,"name":"guangxiao2"}],"color":[{"time":0,"color":"ffffffff","curve":"stepped"},{"time":0.0666,"color":"ffffffff"},{"time":0.2666,"color":"ffffff00"}]},"guangxiao3":{"attachment":[{"time":0,"name":null},{"time":0.0666,"name":"guangxiao2"}],"color":[{"time":0,"color":"ffffffff","curve":"stepped"},{"time":0.0666,"color":"ffffffff"},{"time":0.2,"color":"ffffff00"}]},"guangxiao4":{"attachment":[{"time":0,"name":null},{"time":0.0666,"name":"guangxiao2"}],"color":[{"time":0,"color":"ffffffff","curve":"stepped"},{"time":0.2333,"color":"ffffffff","curve":[0.25,0,0.75,1]},{"time":0.3,"color":"ffffff00"}]},"guangxiao5":{"attachment":[{"time":0,"name":null},{"time":0.0666,"name":"guangxiao2"}],"color":[{"time":0,"color":"ffffffff","curve":"stepped"},{"time":0.0666,"color":"ffffffff","curve":"stepped"},{"time":0.4,"color":"ffffffff"},{"time":0.5666,"color":"ffffff00"}]},"guangxiao6":{"attachment":[{"time":0,"name":null},{"time":0.0666,"name":"guangxiao2"}],"color":[{"time":0,"color":"ffffffff","curve":"stepped"},{"time":0.0666,"color":"ffffffff","curve":"stepped"},{"time":0.2333,"color":"ffffffff"},{"time":0.4666,"color":"ffffff00"}]},"kaishi":{"attachment":[{"time":0,"name":null},{"time":0.1,"name":"kaishi"}],"color":[{"time":0,"color":"ffffffff","curve":"stepped"},{"time":0.5666,"color":"ffffffff","curve":[0.25,0,0.75,1]},{"time":0.6333,"color":"ffffff00"}]},"kaishi1":{"attachment":[{"time":0,"name":null},{"time":0.1,"name":"kaishi1"}],"color":[{"time":0,"color":"ffffffff","curve":[0.25,0,0.75,1]},{"time":0.1,"color":"ffffffd1","curve":[0.25,0,0.75,1]},{"time":0.3333,"color":"ffffff00","curve":"stepped"},{"time":0.5666,"color":"ffffffff","curve":[0.25,0,0.75,1]},{"time":0.7,"color":"ffffff00"}]},"kaishi2":{"attachment":[{"time":0,"name":"kaishi2"},{"time":0.1,"name":null}],"color":[{"time":0,"color":"ffffffff"}]},"kaishibg":{"attachment":[{"time":0,"name":"kaishibg"}],"color":[{"time":0,"color":"ffffffff","curve":"stepped"},{"time":0.6,"color":"ffffffff","curve":[0.25,0,0.75,1]},{"time":0.6666,"color":"ffffff00"}]},"youxi":{"attachment":[{"time":0,"name":null},{"time":0.1,"name":"youxi"}],"color":[{"time":0,"color":"ffffffff","curve":"stepped"},{"time":0.5666,"color":"ffffffff","curve":[0.25,0,0.75,1]},{"time":0.6333,"color":"ffffff00"}]},"youxi1":{"attachment":[{"time":0,"name":null},{"time":0.1,"name":"youxi1"}],"color":[{"time":0,"color":"ffffffff","curve":[0.25,0,0.75,1]},{"time":0.1,"color":"ffffffd2","curve":[0.25,0,0.75,1]},{"time":0.3333,"color":"ffffff00","curve":"stepped"},{"time":0.5666,"color":"ffffffff","curve":[0.25,0,0.75,1]},{"time":0.7,"color":"ffffff00"}]},"youxi2":{"attachment":[{"time":0,"name":"youxi2"},{"time":0.1,"name":null}],"color":[{"time":0,"color":"ffffffff"}]},"youxibg":{"attachment":[{"time":0,"name":"youxibg"}],"color":[{"time":0,"color":"ffffffff","curve":"stepped"},{"time":0.6,"color":"ffffffff","curve":[0.25,0,0.75,1]},{"time":0.6666,"color":"ffffff00"}]}},"bones":{"guangxiao":{"rotate":[{"time":0,"angle":0}],"translate":[{"time":0,"x":0,"y":0},{"time":0.0666,"x":288.71,"y":698.94},{"time":0.1,"x":59.88,"y":146.66},{"time":0.2,"x":-11.91,"y":-72.91},{"time":0.4,"x":-328.96,"y":-741.71}],"scale":[{"time":0,"x":1,"y":1},{"time":0.0666,"x":1.463,"y":1.463},{"time":0.1,"x":2.777,"y":2.777},{"time":0.2,"x":7.612,"y":7.55},{"time":0.4,"x":0.745,"y":0.662}]},"guangxiao2":{"rotate":[{"time":0,"angle":0,"curve":"stepped"},{"time":0.0666,"angle":0}],"translate":[{"time":0,"x":0,"y":0,"curve":"stepped"},{"time":0.0666,"x":0,"y":0,"curve":[0.002,0.79,0.75,1]},{"time":0.2666,"x":339.68,"y":-226.45}],"scale":[{"time":0,"x":1,"y":1},{"time":0.0666,"x":1.392,"y":1.392},{"time":0.2666,"x":2.91,"y":2.91}]},"guangxiao3":{"rotate":[{"time":0,"angle":0,"curve":"stepped"},{"time":0.0666,"angle":0}],"translate":[{"time":0,"x":0,"y":0,"curve":"stepped"},{"time":0.0666,"x":0,"y":0,"curve":[0,0.72,0.553,0.93]},{"time":0.1333,"x":-396,"y":237.53,"curve":[0.403,0.94,0.768,1]},{"time":0.2,"x":-644,"y":371.23}],"scale":[{"time":0,"x":1,"y":1},{"time":0.0666,"x":1.421,"y":1.421},{"time":0.1333,"x":1.282,"y":1.282},{"time":0.2,"x":0.51,"y":0.51}]},"guangxiao4":{"rotate":[{"time":0,"angle":0}],"translate":[{"time":0,"x":0,"y":0,"curve":"stepped"},{"time":0.0666,"x":0,"y":0,"curve":[0.25,0,0.75,1]},{"time":0.1333,"x":310.15,"y":262.48,"curve":[0.25,0,0.75,1]},{"time":0.3,"x":382.67,"y":375.53}],"scale":[{"time":0,"x":1,"y":1,"curve":[0.25,0,0.75,1]},{"time":0.0666,"x":1.421,"y":1.421,"curve":[0.25,0,0.75,1]},{"time":0.1333,"x":2.266,"y":2.266,"curve":[0.25,0,0.75,1]},{"time":0.3,"x":1.034,"y":1.034}]},"guangxiao5":{"rotate":[{"time":0,"angle":0,"curve":"stepped"},{"time":0.0666,"angle":0}],"translate":[{"time":0,"x":0,"y":0,"curve":"stepped"},{"time":0.0666,"x":0,"y":0,"curve":[0,0.47,0.488,0.8]},{"time":0.1333,"x":266.57,"y":-364.45,"curve":[0.386,0.67,0.785,1]},{"time":0.5666,"x":359.55,"y":-498.11}],"scale":[{"time":0,"x":1,"y":1},{"time":0.0666,"x":1.421,"y":1.421},{"time":0.1333,"x":1.368,"y":1.368},{"time":0.5666,"x":0.287,"y":0.287}]},"guangxiao6":{"rotate":[{"time":0,"angle":0}],"translate":[{"time":0,"x":0,"y":0,"curve":"stepped"},{"time":0.0666,"x":0,"y":0,"curve":[0.25,0,0.75,1]},{"time":0.1333,"x":-11.37,"y":287.22,"curve":[0.25,0,0.75,1]},{"time":0.4666,"x":-13.65,"y":344.71}],"scale":[{"time":0,"x":1,"y":1},{"time":0.0666,"x":1.421,"y":1.421},{"time":0.2333,"x":1.268,"y":1.268},{"time":0.4666,"x":0.466,"y":0.466}]},"kaishi":{"rotate":[{"time":0,"angle":0}],"translate":[{"time":0,"x":0,"y":0,"curve":[0.25,0,0.75,1]},{"time":0.1,"x":-46.65,"y":0,"curve":[0.25,0,0.75,1]},{"time":0.2333,"x":0,"y":0}],"scale":[{"time":0,"x":1,"y":1}]},"kaishi1":{"rotate":[{"time":0,"angle":0,"curve":"stepped"},{"time":0.1,"angle":0}],"translate":[{"time":0,"x":0,"y":0,"curve":[0.25,0,0.75,1]},{"time":0.1,"x":-118.05,"y":-897.68,"curve":[0.25,0,0.75,1]},{"time":0.3333,"x":7.32,"y":-962.22,"curve":"stepped"},{"time":0.5666,"x":-70.4,"y":-896.16,"curve":[0.25,0,0.75,1]},{"time":0.7,"x":337.84,"y":-1068.53}],"scale":[{"time":0,"x":1,"y":1,"curve":"stepped"},{"time":0.1,"x":1,"y":1,"curve":[0.25,0,0.75,1]},{"time":0.3333,"x":2,"y":2,"curve":"stepped"},{"time":0.5666,"x":1,"y":1,"curve":[0.25,0,0.75,1]},{"time":0.7,"x":3.5,"y":3.5}]},"kaishi2":{"rotate":[{"time":0,"angle":0}],"translate":[{"time":0,"x":213.03,"y":0,"curve":[0.25,0,0.75,1]},{"time":0.0666,"x":-720.22,"y":0}],"scale":[{"time":0,"x":1,"y":1}]},"kaishibg":{"rotate":[{"time":0,"angle":0}],"translate":[{"time":0,"x":231.82,"y":0,"curve":[0.25,0,0.75,1]},{"time":0.0333,"x":0,"y":0,"curve":"stepped"},{"time":0.6,"x":0,"y":0,"curve":[0.25,0,0.75,1]},{"time":0.6666,"x":518.75,"y":0}],"scale":[{"time":0,"x":1,"y":1}]},"youxi":{"rotate":[{"time":0,"angle":0}],"translate":[{"time":0,"x":0,"y":0,"curve":[0.25,0,0.75,1]},{"time":0.1,"x":35.59,"y":0,"curve":[0.25,0,0.75,1]},{"time":0.2333,"x":0,"y":0}],"scale":[{"time":0,"x":1,"y":1}]},"youxi1":{"rotate":[{"time":0,"angle":0}],"translate":[{"time":0,"x":0,"y":0,"curve":[0.25,0,0.75,1]},{"time":0.1,"x":-34.41,"y":-899.82,"curve":[0.25,0,0.75,1]},{"time":0.3333,"x":-204.17,"y":-993.98,"curve":"stepped"},{"time":0.5666,"x":-70.71,"y":-902.14,"curve":[0.25,0,0.75,1]},{"time":0.7,"x":-551.52,"y":-1142.55}],"scale":[{"time":0,"x":1,"y":1,"curve":"stepped"},{"time":0.1,"x":1,"y":1,"curve":[0.25,0,0.75,1]},{"time":0.3333,"x":2,"y":2,"curve":"stepped"},{"time":0.5666,"x":1,"y":1,"curve":[0.25,0,0.75,1]},{"time":0.7,"x":3.5,"y":3.5}]},"youxi2":{"rotate":[{"time":0,"angle":0}],"translate":[{"time":0,"x":-240.44,"y":0,"curve":[0.25,0,0.75,1]},{"time":0.0666,"x":648.77,"y":0}],"scale":[{"time":0,"x":1,"y":1}]},"youxibg":{"rotate":[{"time":0,"angle":0}],"translate":[{"time":0,"x":-224.9,"y":0,"curve":[0.25,0,0.75,1]},{"time":0.0333,"x":0,"y":0,"curve":"stepped"},{"time":0.6,"x":0,"y":0,"curve":[0.25,0,0.75,1]},{"time":0.6666,"x":-522.08,"y":0}],"scale":[{"time":0,"x":1,"y":1}]},"bone":{"rotate":[{"time":0,"angle":0}],"translate":[{"time":0,"x":0,"y":0}],"scale":[{"time":0,"x":1,"y":1}]}},"drawOrder":[{"time":0},{"time":0.0666}],"events":[{"time":0,"name":"start"},{"time":0.7,"name":"end"}]}}}