{"skeleton":{"hash":"vx8xxrXcf4yn8nZkEiINHD8C7eU","spine":"3.6.53","width":123,"height":93,"images":"./images/"},"bones":[{"name":"root"},{"name":"bone","parent":"root"},{"name":"bg","parent":"bone","y":38.14},{"name":"bggaoguang","parent":"bg","length":19.9,"rotation":90,"x":1.71,"y":0.21},{"name":"shizheng","parent":"bone","x":-0.36,"y":16.2},{"name":"shizhengfaguang1","parent":"bone","x":-45.58,"y":23.91},{"name":"shizhengfaguang2","parent":"bone","rotation":-17.26,"x":-43,"y":41.97},{"name":"shizhengfaguang3","parent":"bone","rotation":-42.67,"x":-33.54,"y":57.1},{"name":"shizhengfaguang4","parent":"bone","rotation":-68.18,"x":-19.26,"y":67.25},{"name":"shizhengfaguang5","parent":"bone","rotation":-89.17,"x":-1.89,"y":70.69},{"name":"shizhengfaguang6","parent":"bone","rotation":-114.11,"x":16.51,"y":67.77},{"name":"shizhengfaguang7","parent":"bone","rotation":-134.74,"x":30.96,"y":57.45},{"name":"shizhengfaguang8","parent":"bone","rotation":-163.97,"x":40.42,"y":42.14},{"name":"shizhengfaguang9","parent":"bone","rotation":178.28,"x":43.17,"y":24.25},{"name":"shizhengfaguang10","parent":"bone","x":0.67,"y":27.49},{"name":"shizhengfaguang11","parent":"bone","x":-0.58,"y":8.64},{"name":"zhiheng","parent":"bone","length":50.99,"rotation":118.95,"x":0.91,"y":27.82},{"name":"zhizhengguang","parent":"zhiheng","length":34.78,"rotation":110.86,"x":44.47}],"slots":[{"name":"bg","bone":"bg","attachment":"bg"},{"name":"bggaoguang","bone":"bggaoguang","attachment":"bggaoguang"},{"name":"shizheng","bone":"shizheng","attachment":"shizheng"},{"name":"shizhengfaguang1","bone":"shizhengfaguang1","attachment":"shizhengfaguang1"},{"name":"shizhengfaguang2","bone":"shizhengfaguang2","attachment":"shizhengfaguang1"},{"name":"shizhengfaguang3","bone":"shizhengfaguang3","attachment":"shizhengfaguang1"},{"name":"shizhengfaguang4","bone":"shizhengfaguang4","attachment":"shizhengfaguang1"},{"name":"shizhengfaguang5","bone":"shizhengfaguang5","attachment":"shizhengfaguang1"},{"name":"shizhengfaguang6","bone":"shizhengfaguang6","attachment":"shizhengfaguang1"},{"name":"shizhengfaguang7","bone":"shizhengfaguang7","attachment":"shizhengfaguang1"},{"name":"shizhengfaguang8","bone":"shizhengfaguang8","attachment":"shizhengfaguang1"},{"name":"shizhengfaguang9","bone":"shizhengfaguang9","attachment":"shizhengfaguang1"},{"name":"shizhengfaguang10","bone":"shizhengfaguang11","attachment":"shizhengfaguang2"},{"name":"zhizhengguang","bone":"zhizhengguang","attachment":"zhizhengguang"},{"name":"zhiheng","bone":"zhiheng","attachment":"zhiheng"}],"skins":{"default":{"bg":{"bg":{"x":0.17,"y":1.98,"width":123,"height":93}},"bggaoguang":{"bggaoguang":{"x":21.38,"y":1.41,"rotation":-90,"width":111,"height":44}},"shizheng":{"shizheng":{"x":-0.82,"y":25.64,"width":101,"height":71}},"shizhengfaguang1":{"shizhengfaguang1":{"x":0.17,"y":0.69,"width":25,"height":18}},"shizhengfaguang10":{"shizhengfaguang2":{"x":0.73,"y":24.18,"width":71,"height":54}},"shizhengfaguang2":{"shizhengfaguang1":{"x":0.17,"y":0.69,"width":25,"height":18}},"shizhengfaguang3":{"shizhengfaguang1":{"x":0.17,"y":0.69,"width":25,"height":18}},"shizhengfaguang4":{"shizhengfaguang1":{"x":0.17,"y":0.69,"width":25,"height":18}},"shizhengfaguang5":{"shizhengfaguang1":{"x":0.17,"y":0.69,"width":25,"height":18}},"shizhengfaguang6":{"shizhengfaguang1":{"x":0.17,"y":0.69,"width":25,"height":18}},"shizhengfaguang7":{"shizhengfaguang1":{"x":0.17,"y":0.69,"width":25,"height":18}},"shizhengfaguang8":{"shizhengfaguang1":{"x":0.17,"y":0.69,"width":25,"height":18}},"shizhengfaguang9":{"shizhengfaguang1":{"x":0.17,"y":0.69,"width":25,"height":18}},"zhiheng":{"zhiheng":{"x":24.44,"y":-0.15,"rotation":-118.95,"width":33,"height":53}},"zhizhengguang":{"zhizhengguang":{"x":20.42,"y":1.16,"rotation":130.19,"width":39,"height":51}}}},"animations":{"daiji":{"slots":{"bg":{"color":[{"time":0,"color":"ffffffff"}],"attachment":[{"time":0,"name":"bg"}]},"bggaoguang":{"color":[{"time":0,"color":"ffffffff"}],"attachment":[{"time":0,"name":"bggaoguang"}]},"shizheng":{"color":[{"time":0,"color":"ffffffff"}],"attachment":[{"time":0,"name":"shizheng"}]},"shizhengfaguang1":{"color":[{"time":0,"color":"ffffff00"}],"attachment":[{"time":0,"name":"shizhengfaguang1"}]},"shizhengfaguang2":{"color":[{"time":0,"color":"ffffff00"}],"attachment":[{"time":0,"name":"shizhengfaguang1"}]},"shizhengfaguang3":{"color":[{"time":0,"color":"ffffff00"}],"attachment":[{"time":0,"name":"shizhengfaguang1"}]},"shizhengfaguang4":{"color":[{"time":0,"color":"ffffff00"}],"attachment":[{"time":0,"name":"shizhengfaguang1"}]},"shizhengfaguang5":{"color":[{"time":0,"color":"ffffff00"}],"attachment":[{"time":0,"name":"shizhengfaguang1"}]},"shizhengfaguang6":{"color":[{"time":0,"color":"ffffff00"}],"attachment":[{"time":0,"name":"shizhengfaguang1"}]},"shizhengfaguang7":{"color":[{"time":0,"color":"ffffff00"}],"attachment":[{"time":0,"name":"shizhengfaguang1"}]},"shizhengfaguang8":{"color":[{"time":0,"color":"ffffff00"}],"attachment":[{"time":0,"name":"shizhengfaguang1"}]},"shizhengfaguang9":{"color":[{"time":0,"color":"ffffff00"}],"attachment":[{"time":0,"name":"shizhengfaguang1"}]},"shizhengfaguang10":{"color":[{"time":0,"color":"ffffff00"}],"attachment":[{"time":0,"name":"shizhengfaguang2"}]},"zhiheng":{"color":[{"time":0,"color":"ffffffff"}],"attachment":[{"time":0,"name":"zhiheng"}]},"zhizhengguang":{"color":[{"time":0,"color":"ffffff00"}],"attachment":[{"time":0,"name":"zhizhengguang"}]}},"bones":{"bg":{"rotate":[{"time":0,"angle":0}],"translate":[{"time":0,"x":0,"y":0}],"scale":[{"time":0,"x":1,"y":1}]},"bggaoguang":{"rotate":[{"time":0,"angle":0}],"translate":[{"time":0,"x":0,"y":0}],"scale":[{"time":0,"x":1,"y":1}]},"shizheng":{"rotate":[{"time":0,"angle":0}],"translate":[{"time":0,"x":0,"y":0}],"scale":[{"time":0,"x":1,"y":1}]},"shizhengfaguang1":{"rotate":[{"time":0,"angle":0}],"translate":[{"time":0,"x":0,"y":0}],"scale":[{"time":0,"x":1,"y":1}]},"shizhengfaguang2":{"rotate":[{"time":0,"angle":0}],"translate":[{"time":0,"x":0,"y":0}],"scale":[{"time":0,"x":1,"y":1}]},"shizhengfaguang3":{"rotate":[{"time":0,"angle":0}],"translate":[{"time":0,"x":0,"y":0}],"scale":[{"time":0,"x":1,"y":1}]},"shizhengfaguang4":{"rotate":[{"time":0,"angle":0}],"translate":[{"time":0,"x":0,"y":0}],"scale":[{"time":0,"x":1,"y":1}]},"shizhengfaguang5":{"rotate":[{"time":0,"angle":0}],"translate":[{"time":0,"x":0,"y":0}],"scale":[{"time":0,"x":1,"y":1}]},"shizhengfaguang6":{"rotate":[{"time":0,"angle":0}],"translate":[{"time":0,"x":0,"y":0}],"scale":[{"time":0,"x":1,"y":1}]},"shizhengfaguang7":{"rotate":[{"time":0,"angle":0}],"translate":[{"time":0,"x":0,"y":0}],"scale":[{"time":0,"x":1,"y":1}]},"shizhengfaguang8":{"rotate":[{"time":0,"angle":0}],"translate":[{"time":0,"x":0,"y":0}],"scale":[{"time":0,"x":1,"y":1}]},"shizhengfaguang9":{"rotate":[{"time":0,"angle":0}],"translate":[{"time":0,"x":0,"y":0}],"scale":[{"time":0,"x":1,"y":1}]},"shizhengfaguang10":{"rotate":[{"time":0,"angle":0}],"translate":[{"time":0,"x":0,"y":0}],"scale":[{"time":0,"x":1,"y":1}]},"zhiheng":{"rotate":[{"time":0,"angle":-287.83}],"translate":[{"time":0,"x":0,"y":0}],"scale":[{"time":0,"x":1,"y":1}]},"zhizhengguang":{"rotate":[{"time":0,"angle":0}],"translate":[{"time":0,"x":0,"y":0}],"scale":[{"time":0,"x":1,"y":1}]},"shizhengfaguang11":{"rotate":[{"time":0,"angle":0}],"translate":[{"time":0,"x":0,"y":0}],"scale":[{"time":0,"x":1,"y":1}]}},"drawOrder":[{"time":0}]},"donghua":{"slots":{"bg":{"color":[{"time":0,"color":"ffffffff"}],"attachment":[{"time":0,"name":"bg"}]},"bggaoguang":{"color":[{"time":0,"color":"ffffffff"}],"attachment":[{"time":0,"name":"bggaoguang"}]},"shizheng":{"color":[{"time":0,"color":"ffffffff"}],"attachment":[{"time":0,"name":"shizheng"}]},"shizhengfaguang1":{"color":[{"time":0,"color":"ffffff00","curve":[0.069,0.38,0.75,1]},{"time":0.3667,"color":"ffffffff","curve":"stepped"},{"time":12,"color":"ffffffff"},{"time":12.1667,"color":"ffffff00"}],"attachment":[{"time":0,"name":"shizhengfaguang1"}]},"shizhengfaguang2":{"color":[{"time":0,"color":"ffffff00","curve":[0.076,0.3,0.533,0.7]},{"time":0.4333,"color":"ffffff00","curve":[0.385,0.58,0.775,1]},{"time":0.6,"color":"ffffffff"},{"time":1.2667,"color":"ffffff00"},{"time":1.3667,"color":"ffffffff","curve":"stepped"},{"time":1.6333,"color":"ffffffff","curve":"stepped"},{"time":11.7667,"color":"ffffffff"},{"time":12,"color":"ffffff00"}],"attachment":[{"time":0,"name":"shizhengfaguang1"}]},"shizhengfaguang3":{"color":[{"time":0,"color":"ffffff00","curve":"stepped"},{"time":0.5,"color":"ffffff00","curve":"stepped"},{"time":0.6,"color":"ffffff00","curve":"stepped"},{"time":1.2667,"color":"ffffff00"},{"time":1.6333,"color":"ffffffff","curve":"stepped"},{"time":2.6,"color":"ffffffff","curve":"stepped"},{"time":3.5333,"color":"ffffffff"},{"time":3.8667,"color":"ffffff00"},{"time":3.9333,"color":"ffffffff","curve":"stepped"},{"time":11.5667,"color":"ffffffff"},{"time":11.7,"color":"ffffff00"}],"attachment":[{"time":0,"name":"shizhengfaguang1"}]},"shizhengfaguang4":{"color":[{"time":0,"color":"ffffff00","curve":"stepped"},{"time":2.4667,"color":"ffffff00"},{"time":2.6,"color":"ffffffff"},{"time":3.9,"color":"ffffff00"},{"time":3.9667,"color":"ffffffff","curve":"stepped"},{"time":11.5333,"color":"ffffffff"},{"time":11.5667,"color":"ffffff00"}],"attachment":[{"time":0,"name":"shizhengfaguang1"}]},"shizhengfaguang5":{"color":[{"time":0,"color":"ffffff00","curve":"stepped"},{"time":2.5,"color":"ffffff00"},{"time":2.6,"color":"ffffffff","curve":"stepped"},{"time":2.8667,"color":"ffffffff"},{"time":3.1333,"color":"ffffff00","curve":"stepped"},{"time":3.9667,"color":"ffffff00"},{"time":4.0333,"color":"ffffffff","curve":"stepped"},{"time":11.4667,"color":"ffffffff"},{"time":11.5,"color":"ffffff00"}],"attachment":[{"time":0,"name":"shizhengfaguang1"}]},"shizhengfaguang6":{"color":[{"time":0,"color":"ffffff00","curve":"stepped"},{"time":4,"color":"ffffff00"},{"time":4.0667,"color":"ffffffff","curve":"stepped"},{"time":11.4,"color":"ffffffff"},{"time":11.4667,"color":"ffffff00"}],"attachment":[{"time":0,"name":"shizhengfaguang1"}]},"shizhengfaguang7":{"color":[{"time":0,"color":"ffffff00","curve":"stepped"},{"time":4.0667,"color":"ffffff00"},{"time":4.1333,"color":"ffffffff","curve":"stepped"},{"time":11.3667,"color":"ffffffff"},{"time":11.4,"color":"ffffff00"}],"attachment":[{"time":0,"name":"shizhengfaguang1"}]},"shizhengfaguang8":{"color":[{"time":0,"color":"ffffff00","curve":"stepped"},{"time":4.1333,"color":"ffffff00"},{"time":4.2333,"color":"ffffffff","curve":"stepped"},{"time":11.3,"color":"ffffffff"},{"time":11.3667,"color":"ffffff00"}],"attachment":[{"time":0,"name":"shizhengfaguang1"}]},"shizhengfaguang9":{"color":[{"time":0,"color":"ffffff00","curve":"stepped"},{"time":4.2333,"color":"ffffff00"},{"time":4.3,"color":"ffffffff","curve":"stepped"},{"time":11.2667,"color":"ffffffff"},{"time":11.3,"color":"ffffff00"}],"attachment":[{"time":0,"name":"shizhengfaguang1"}]},"shizhengfaguang10":{"color":[{"time":0,"color":"ffffff00","curve":[0.25,0,0.75,1]},{"time":0.3333,"color":"ffffffff","curve":"stepped"},{"time":11.7667,"color":"ffffffff"},{"time":12.1667,"color":"ffffff00"}],"attachment":[{"time":0,"name":"shizhengfaguang2"}]},"zhiheng":{"color":[{"time":0,"color":"ffffffff"}],"attachment":[{"time":0,"name":"zhiheng"}]},"zhizhengguang":{"color":[{"time":0,"color":"ffffff00","curve":"stepped"},{"time":0.2667,"color":"ffffff00","curve":"stepped"},{"time":0.4,"color":"ffffff00"},{"time":0.6,"color":"ffffffff"},{"time":0.8667,"color":"ffffff00"},{"time":1.2667,"color":"ffffff00","curve":"stepped"},{"time":1.4,"color":"ffffff00"},{"time":1.6,"color":"ffffffff"},{"time":1.9,"color":"ffffff00","curve":"stepped"},{"time":2.2667,"color":"ffffff00"},{"time":2.6,"color":"ffffffff"},{"time":2.9,"color":"ffffff00","curve":"stepped"},{"time":3,"color":"ffffff00","curve":"stepped"},{"time":3.8667,"color":"ffffff00"},{"time":4,"color":"ffffffff","curve":"stepped"},{"time":4.3,"color":"ffffffff"},{"time":4.5333,"color":"ffffff00"}],"attachment":[{"time":0,"name":"zhizhengguang"}]}},"bones":{"bg":{"rotate":[{"time":0,"angle":0}],"translate":[{"time":0,"x":0,"y":0}],"scale":[{"time":0,"x":1,"y":1}]},"bggaoguang":{"rotate":[{"time":0,"angle":0}],"translate":[{"time":0,"x":0,"y":0}],"scale":[{"time":0,"x":1,"y":1}]},"shizheng":{"rotate":[{"time":0,"angle":0}],"translate":[{"time":0,"x":0,"y":0}],"scale":[{"time":0,"x":1,"y":1}]},"shizhengfaguang1":{"rotate":[{"time":0,"angle":0}],"translate":[{"time":0,"x":0,"y":0}],"scale":[{"time":0,"x":1,"y":1}]},"shizhengfaguang2":{"rotate":[{"time":0,"angle":0}],"translate":[{"time":0,"x":0,"y":0}],"scale":[{"time":0,"x":1,"y":1}]},"shizhengfaguang3":{"rotate":[{"time":0,"angle":0}],"translate":[{"time":0,"x":0,"y":0}],"scale":[{"time":0,"x":1,"y":1}]},"shizhengfaguang4":{"rotate":[{"time":0,"angle":0}],"translate":[{"time":0,"x":0,"y":0}],"scale":[{"time":0,"x":1,"y":1}]},"shizhengfaguang5":{"rotate":[{"time":0,"angle":0}],"translate":[{"time":0,"x":0,"y":0}],"scale":[{"time":0,"x":1,"y":1}]},"shizhengfaguang6":{"rotate":[{"time":0,"angle":0}],"translate":[{"time":0,"x":0,"y":0}],"scale":[{"time":0,"x":1,"y":1}]},"shizhengfaguang7":{"rotate":[{"time":0,"angle":0}],"translate":[{"time":0,"x":0,"y":0}],"scale":[{"time":0,"x":1,"y":1}]},"shizhengfaguang8":{"rotate":[{"time":0,"angle":0}],"translate":[{"time":0,"x":0,"y":0}],"scale":[{"time":0,"x":1,"y":1}]},"shizhengfaguang9":{"rotate":[{"time":0,"angle":0}],"translate":[{"time":0,"x":0,"y":0}],"scale":[{"time":0,"x":1,"y":1}]},"shizhengfaguang10":{"rotate":[{"time":0,"angle":0}],"translate":[{"time":0,"x":0,"y":0}],"scale":[{"time":0,"x":1,"y":1}]},"zhiheng":{"rotate":[{"time":0,"angle":-287.83},{"time":0.1,"angle":-288.64},{"time":0.2,"angle":-287.24},{"time":0.2667,"angle":-287.83},{"time":0.6,"angle":33.75},{"time":1.2667,"angle":57.13},{"time":1.6,"angle":-10.56},{"time":2.2667,"angle":20.67},{"time":2.6,"angle":-50.48},{"time":3.8667,"angle":42.76},{"time":4.2,"angle":-131.68},{"time":4.3,"angle":-128.65},{"time":4.4,"angle":-131.68},{"time":4.5,"angle":-128.65},{"time":4.6,"angle":-131.68},{"time":4.7,"angle":-128.65},{"time":4.8,"angle":-131.68},{"time":4.9,"angle":-128.65},{"time":5,"angle":-131.68},{"time":5.1,"angle":-128.65},{"time":5.2,"angle":-131.68},{"time":5.3,"angle":-128.65},{"time":5.4,"angle":-131.68},{"time":5.5,"angle":-128.65},{"time":5.6,"angle":-131.68},{"time":5.7,"angle":-128.65},{"time":5.8,"angle":-131.68},{"time":5.9,"angle":-128.65},{"time":6,"angle":-131.68},{"time":6.1,"angle":-128.65},{"time":6.2,"angle":-131.68},{"time":6.3,"angle":-128.65},{"time":6.4,"angle":-131.68},{"time":6.5,"angle":-128.65},{"time":6.6,"angle":-131.68},{"time":6.7,"angle":-128.65},{"time":6.8,"angle":-131.68},{"time":6.9,"angle":-128.65},{"time":7,"angle":-131.68},{"time":7.1,"angle":-128.65},{"time":7.2,"angle":-131.68},{"time":7.3,"angle":-128.65},{"time":7.4,"angle":-131.68},{"time":7.5,"angle":-128.65},{"time":7.6,"angle":-131.68},{"time":7.7,"angle":-128.65},{"time":7.8,"angle":-131.68},{"time":7.9,"angle":-128.65},{"time":8,"angle":-131.68},{"time":8.1,"angle":-128.65},{"time":8.2,"angle":-131.68},{"time":8.3,"angle":-128.65},{"time":8.4,"angle":-131.68},{"time":8.5,"angle":-128.65},{"time":8.6,"angle":-131.68},{"time":8.7,"angle":-128.65},{"time":8.8,"angle":-131.68},{"time":8.9,"angle":-128.65},{"time":9,"angle":-131.68},{"time":9.1,"angle":-128.65},{"time":9.2,"angle":-131.68},{"time":9.3,"angle":-128.65},{"time":9.4,"angle":-131.68},{"time":9.5,"angle":-128.65},{"time":9.6,"angle":-131.68},{"time":9.7,"angle":-128.65},{"time":9.8,"angle":-131.68},{"time":9.9,"angle":-128.65},{"time":10,"angle":-131.68},{"time":10.1,"angle":-128.65},{"time":10.2,"angle":-131.68},{"time":10.3,"angle":-128.65},{"time":10.4,"angle":-131.68},{"time":10.5,"angle":-128.65},{"time":10.6,"angle":-131.68},{"time":10.7,"angle":-128.65},{"time":10.8,"angle":-131.68},{"time":10.9,"angle":-128.65},{"time":11,"angle":-131.68},{"time":11.1,"angle":-128.65},{"time":11.2,"angle":-131.68},{"time":11.2667,"angle":-128.65},{"time":11.5667,"angle":20.64},{"time":12.1667,"angle":-287.83}],"translate":[{"time":0,"x":0,"y":0}],"scale":[{"time":0,"x":1,"y":1}]},"zhizhengguang":{"rotate":[{"time":0,"angle":0},{"time":0.4,"angle":-21.51},{"time":0.5,"angle":-20.23},{"time":0.6,"angle":-13.2},{"time":0.7333,"angle":-14.32},{"time":0.8667,"angle":-10.9},{"time":1,"angle":-3.27},{"time":1.4,"angle":-6.84},{"time":1.6,"angle":-5.95},{"time":3.8667,"angle":-7.72},{"time":4.5333,"angle":1.22}],"translate":[{"time":0,"x":0,"y":0}],"scale":[{"time":0,"x":1,"y":1},{"time":0.4,"x":0.454,"y":1},{"time":0.5,"x":0.561,"y":1},{"time":0.6,"x":0.753,"y":1},{"time":0.7333,"x":0.691,"y":1},{"time":0.8667,"x":0.643,"y":1},{"time":1,"x":1,"y":1},{"time":1.4,"x":0.883,"y":1}]},"shizhengfaguang11":{"rotate":[{"time":0,"angle":0}],"translate":[{"time":0,"x":0,"y":0}],"scale":[{"time":0,"x":1,"y":1}]}},"drawOrder":[{"time":0}]}}}