[
   {
      "id": 101,
      "name": "大眼鱼",
      "packet": "yu1_buyu",
      "crash_model": 1,
      "mulriple_min": 2,
      "mulriple_max": 2,
      "type": 6,
      "zoder": 1,
      "die_type": 1,
      "copy_num": 120
   },
   {
      "id": 102,
      "name": "小绿鱼",
      "packet": "yu2_buyu",
      "crash_model": 1,
      "mulriple_min": 2,
      "mulriple_max": 2,
      "type": 6,
      "zoder": 2,
      "die_type": 1,
      "copy_num": 120
   },
   {
      "id": 103,
      "name": "小红鱼",
      "packet": "yu3_buyu",
      "crash_model": 1,
      "mulriple_min": 3,
      "mulriple_max": 3,
      "type": 6,
      "zoder": 3,
      "die_type": 1,
      "copy_num": 120
   },
   {
      "id": 104,
      "name": "小黄鱼",
      "packet": "yu4_buyu",
      "crash_model": 1,
      "mulriple_min": 4,
      "mulriple_max": 4,
      "type": 6,
      "zoder": 4,
      "die_type": 1,
      "copy_num": 120
   },
   {
      "id": 105,
      "name": "小蓝鱼",
      "packet": "yu5_buyu",
      "crash_model": 1,
      "mulriple_min": 5,
      "mulriple_max": 5,
      "type": 6,
      "zoder": 5,
      "die_type": 1,
      "copy_num": 120
   },
   {
      "id": 106,
      "name": "小蝌蚪鱼",
      "packet": "yu6_buyu",
      "crash_model": 1,
      "mulriple_min": 6,
      "mulriple_max": 6,
      "type": 6,
      "zoder": 6,
      "die_type": 1,
      "copy_num": 20
   },
   {
      "id": 107,
      "name": "绿河豚",
      "packet": "yu7_buyu",
      "crash_model": 3,
      "mulriple_min": 7,
      "mulriple_max": 7,
      "type": 6,
      "zoder": 7,
      "die_type": 1,
      "copy_num": 20
   },
   {
      "id": 108,
      "name": "水母",
      "packet": "yu9_buyu",
      "crash_model": 5,
      "mulriple_min": 8,
      "mulriple_max": 8,
      "type": 6,
      "zoder": 8,
      "die_type": 5,
      "copy_num": 20
   },
   {
      "id": 109,
      "name": "小海龟",
      "packet": "yu8_buyu",
      "crash_model": 4,
      "mulriple_min": 9,
      "mulriple_max": 9,
      "type": 6,
      "zoder": 9,
      "die_type": 1,
      "copy_num": 20
   },
   {
      "id": 110,
      "name": "蝴蝶鱼",
      "packet": "yu10_buyu",
      "crash_model": 6,
      "mulriple_min": 10,
      "mulriple_max": 10,
      "type": 6,
      "zoder": 10,
      "die_type": 2,
      "copy_num": 4
   },
   {
      "id": 201,
      "name": "裙带鱼",
      "packet": "yu11_buyu",
      "crash_model": 7,
      "mulriple_min": 12,
      "mulriple_max": 12,
      "type": 1,
      "zoder": 11,
      "die_type": 2,
      "copy_num": 4
   },
   {
      "id": 202,
      "name": "胖红鱼",
      "packet": "yu27_buyu",
      "crash_model": 7,
      "mulriple_min": 15,
      "mulriple_max": 15,
      "type": 1,
      "zoder": 12,
      "die_type": 2,
      "copy_num": 20
   },
   {
      "id": 203,
      "name": "灯笼鱼",
      "packet": "yu28_buyu",
      "crash_model": 7,
      "mulriple_min": 18,
      "mulriple_max": 18,
      "type": 1,
      "zoder": 13,
      "die_type": 2,
      "copy_num": 4
   },
   {
      "id": 204,
      "name": "蓝剑鱼",
      "packet": "yu23_buyu",
      "crash_model": 17,
      "mulriple_min": 20,
      "mulriple_max": 20,
      "type": 1,
      "zoder": 14,
      "die_type": 2,
      "copy_num": 4
   },
   {
      "id": 205,
      "name": "螃蟹",
      "packet": "yu26_buyu",
      "crash_model": 18,
      "mulriple_min": 25,
      "mulriple_max": 25,
      "type": 1,
      "zoder": 15,
      "die_type": 5,
      "copy_num": 4
   },
   {
      "id": 206,
      "name": "魔鬼鱼",
      "packet": "yu12_buyu",
      "crash_model": 8,
      "mulriple_min": 30,
      "mulriple_max": 30,
      "type": 1,
      "zoder": 16,
      "die_sound": "fish19_1",
      "die_type": 2,
      "copy_num": 4
   },
   {
      "id": 207,
      "name": "蓝蝙蝠鱼",
      "packet": "yu25_buyu",
      "crash_model": 19,
      "mulriple_min": 35,
      "mulriple_max": 35,
      "type": 1,
      "zoder": 17,
      "die_sound": "fish20_1",
      "die_type": 2,
      "copy_num": 4
   },
   {
      "id": 208,
      "name": "蓝锤头鲨",
      "packet": "yu13_buyu",
      "crash_model": 9,
      "mulriple_min": 40,
      "mulriple_max": 40,
      "type": 1,
      "zoder": 18,
      "die_sound": "fish22_1",
      "die_type": 2,
      "copy_num": 4
   },
   {
      "id": 209,
      "name": "蓝鲨",
      "packet": "yu14_buyu",
      "crash_model": 9,
      "mulriple_min": 45,
      "mulriple_max": 45,
      "type": 1,
      "zoder": 19,
      "die_sound": "fish9_1",
      "die_type": 2,
      "copy_num": 4
   },
   {
      "id": 301,
      "name": "50倍组合鱼",
      "packet": "3lian_buyu",
      "crash_model": 100,
      "mulriple_min": 50,
      "mulriple_max": 50,
      "type": 100,
      "zoder": 20,
      "die_sound": "fish12_1",
      "die_type": 4,
      "copy_num": 4
   },
   {
      "id": 302,
      "name": "60倍组合鱼",
      "packet": "4lian_buyu",
      "crash_model": 101,
      "mulriple_min": 60,
      "mulriple_max": 60,
      "type": 101,
      "zoder": 21,
      "die_sound": "fish14_1",
      "die_type": 4,
      "copy_num": 4
   },
   {
      "id": 303,
      "name": "金锤头鲨",
      "packet": "yu17_buyu",
      "crash_model": 12,
      "mulriple_min": 50,
      "mulriple_max": 50,
      "type": 3,
      "zoder": 22,
      "die_sound": "fish23_1",
      "die_type": 2,
      "copy_num": 4
   },
   {
      "id": 304,
      "name": "70倍组合鱼",
      "packet": "5lian1_buyu",
      "crash_model": 102,
      "mulriple_min": 70,
      "mulriple_max": 70,
      "type": 102,
      "zoder": 23,
      "die_sound": "fish15_1",
      "die_type": 4,
      "copy_num": 4
   },
   {
      "id": 305,
      "name": "金鲨",
      "packet": "yu16_buyu",
      "crash_model": 11,
      "mulriple_min": 60,
      "mulriple_max": 60,
      "type": 3,
      "zoder": 24,
      "die_sound": "fish16_1",
      "die_type": 2,
      "copy_num": 4
   },
   {
      "id": 306,
      "name": "80倍组合鱼",
      "packet": "5lian2_buyu",
      "crash_model": 103,
      "mulriple_min": 80,
      "mulriple_max": 80,
      "type": 103,
      "zoder": 25,
      "die_sound": "fish26_1",
      "die_type": 4,
      "copy_num": 4
   },
   {
      "id": 307,
      "name": "金蝙蝠鱼",
      "packet": "yu15_buyu",
      "crash_model": 10,
      "mulriple_min": 80,
      "mulriple_max": 80,
      "type": 3,
      "zoder": 26,
      "die_sound": "fish28_1",
      "die_type": 2,
      "copy_num": 4
   },
   {
      "id": 308,
      "name": "金乌龟",
      "packet": "yu18_buyu",
      "crash_model": 13,
      "mulriple_min": 100,
      "mulriple_max": 100,
      "type": 3,
      "zoder": 27,
      "die_sound": "fish29_1",
      "die_type": 2,
      "copy_num": 4
   },
   {
      "id": 309,
      "name": "金蟾",
      "packet": "yu19_buyu",
      "crash_model": 14,
      "mulriple_min": 120,
      "mulriple_max": 120,
      "type": 3,
      "zoder": 28,
      "die_sound": "fish30_1",
      "die_type": 2,
      "copy_num": 4
   },
   {
      "id": 401,
      "name": "美人鱼",
      "packet": "yu29_buyu",
      "crash_model": 20,
      "mulriple_min": 200,
      "mulriple_max": 200,
      "type": 2,
      "zoder": 29,
      "bron_sound": "f_wb_3",
      "die_sound": "fish33_1",
      "die_type": 2,
      "copy_num": 4
   },
   {
      "id": 402,
      "name": "大章鱼",
      "packet": "yu22_buyu",
      "crash_model": 16,
      "mulriple_min": 300,
      "mulriple_max": 300,
      "type": 2,
      "zoder": 30,
      "bron_sound": "f_wb_3",
      "die_sound": "fish33_1",
      "die_type": 5,
      "copy_num": 4
   },
   {
      "id": 501,
      "name": "金龙",
      "packet": "yu21_buyu",
      "crash_model": 15,
      "mulriple_min": 100,
      "mulriple_max": 140,
      "type": 4,
      "zoder": 31,
      "die_sound": "fish33_1",
      "die_type": 3,
      "copy_num": 4
   },
   {
      "id": 601,
      "name": "一网打尽",
      "packet": "yu7_buyu",
      "crash_model": 3,
      "mulriple_min": 7,
      "mulriple_max": 7,
      "type": 5,
      "zoder": 13,
      "die_sound": "fish6_1",
      "die_type": 2,
      "copy_num": 4
   },
   {
      "id": 602,
      "name": "一网打尽",
      "packet": "yu8_buyu",
      "crash_model": 4,
      "mulriple_min": 9,
      "mulriple_max": 9,
      "type": 5,
      "zoder": 13,
      "die_sound": "fish6_1",
      "die_type": 2,
      "copy_num": 4
   },
   {
      "id": 603,
      "name": "一网打尽",
      "packet": "yu10_buyu",
      "crash_model": 6,
      "mulriple_min": 10,
      "mulriple_max": 10,
      "type": 5,
      "zoder": 13,
      "die_sound": "fish6_1",
      "die_type": 2,
      "copy_num": 4
   },
   {
      "id": 604,
      "name": "一网打尽",
      "packet": "yu27_buyu",
      "crash_model": 7,
      "mulriple_min": 15,
      "mulriple_max": 15,
      "type": 5,
      "zoder": 13,
      "die_sound": "fish6_1",
      "die_type": 2,
      "copy_num": 4
   },
   {
      "id": 605,
      "name": "一网打尽",
      "packet": "yu28_buyu",
      "crash_model": 7,
      "mulriple_min": 18,
      "mulriple_max": 18,
      "type": 5,
      "zoder": 13,
      "die_sound": "fish6_1",
      "die_type": 2,
      "copy_num": 4
   }
]