{ "listdata": [{"path": "105/res/animation/longhudou_vsdonghua/", "name": "longhudou_vsdonghua.ExportJson", "md5": "31503ba9356cb86edb2de7027f83cd14"}, 
{"path": "105/res/animation/longhudou_vsdonghua/", "name": "longhudou_vsdonghua0.plist", "md5": "ca708918a4774873b857f542b9811c95"}, 
{"path": "105/res/animation/longhudou_vsdonghua/", "name": "longhudou_vsdonghua0.png", "md5": "61260b688aa9eeb626121dd02dca717a"}, 
{"path": "105/res/animation/startbetting/", "name": "bairenniuniu_kaishixiazhu.ExportJson", "md5": "de5be1c19c0d6f87424d2126d0c643e7"}, 
{"path": "105/res/animation/startbetting/", "name": "bairenniuniu_kaishixiazhu0.plist", "md5": "9652ee2d0d3b99e03f8f8627737c1b6e"}, 
{"path": "105/res/animation/startbetting/", "name": "bairenniuniu_kaishixiazhu0.png", "md5": "ffac2d2c94c09f5f34968076b1930058"}, 
{"path": "105/res/", "name": "bet_chip.plist", "md5": "973185cb3ae9561107868b7970967e5f"}, 
{"path": "105/res/", "name": "bet_chip.png", "md5": "1aef4ba4339867fb635c8699ce22441b"}, 
{"path": "105/res/", "name": "bjl_rule.csb", "md5": "e8f95250fae0d5271987f9d89d5d4e70"}, 
{"path": "105/res/control_new/", "name": "androidlist_bg.png", "md5": "fe92ec376e1ef4cf92728499d8564e35"}, 
{"path": "105/res/control_new/", "name": "android_btn.png", "md5": "345b6e7682058105b4152991edd53d87"}, 
{"path": "105/res/control_new/", "name": "bg.png", "md5": "35cb9aad09c71617b294bcf176d2df3a"}, 
{"path": "105/res/control_new/", "name": "btnAdd_0.png", "md5": "3867f5f3bd8a1ff3551ad41673cc5414"}, 
{"path": "105/res/control_new/", "name": "btnAdd_1.png", "md5": "8386a4bc5dd74646065f226a9fa86990"}, 
{"path": "105/res/control_new/", "name": "btnCancel.png", "md5": "dcf3ab0da1b0328676885efbc221d099"}, 
{"path": "105/res/control_new/", "name": "btnClose.png", "md5": "e1d71453d18a852b4fd1ba3ac9333e87"}, 
{"path": "105/res/control_new/", "name": "btnTip.png", "md5": "4fa05578d14664c78b4e9584f1697b2d"}, 
{"path": "105/res/control_new/", "name": "btn_area1_0.png", "md5": "ffff88d4f3c02fb18cc41e856feca21b"}, 
{"path": "105/res/control_new/", "name": "btn_area1_1.png", "md5": "c37f452bf1d5af79173c9dc8a8210202"}, 
{"path": "105/res/control_new/", "name": "btn_area2_0.png", "md5": "227d1fc63e4a7da5d83b3ad1b97799ff"}, 
{"path": "105/res/control_new/", "name": "btn_area2_1.png", "md5": "34f19b7359fc50f8c92b016ed8a5b65d"}, 
{"path": "105/res/control_new/", "name": "btn_area3_0.png", "md5": "cd50889f968e8764404dff87d139d5b1"}, 
{"path": "105/res/control_new/", "name": "btn_area3_1.png", "md5": "3568b438b9aa59edf0acb9e0f7c2de77"}, 
{"path": "105/res/control_new/", "name": "btn_delect_0.png", "md5": "9881a337f6c2b675a51b8b9f8539554e"}, 
{"path": "105/res/control_new/", "name": "btn_delect_1.png", "md5": "0a3bed7f189f7ff46de20f94c9b0340a"}, 
{"path": "105/res/control_new/", "name": "btn_downBanker_0.png", "md5": "3b3176ff915e7883e92d4f1ecf779c96"}, 
{"path": "105/res/control_new/", "name": "btn_downBanker_1.png", "md5": "ed120f2995dfa48d0efa7b57536e1910"}, 
{"path": "105/res/control_new/", "name": "btn_execute.png", "md5": "f548166979bd0254acc91ffdabe0513c"}, 
{"path": "105/res/control_new/", "name": "btn_gameid.png", "md5": "694d75707c97ea657da5df9f2e820d79"}, 
{"path": "105/res/control_new/", "name": "btn_selectTimes.png", "md5": "7a90ac19e0aa04530c5ed0c79c8d04ef"}, 
{"path": "105/res/control_new/", "name": "btn_send_0.png", "md5": "2273e35ead6fcd6b90b5f50b391f5e4e"}, 
{"path": "105/res/control_new/", "name": "btn_send_1.png", "md5": "cbed259368de9f93ae0552829f470ef6"}, 
{"path": "105/res/control_new/", "name": "btn_times_bg.png", "md5": "42b06eacffcd4027168bae10ad6930b8"}, 
{"path": "105/res/control_new/", "name": "bt_times_1.png", "md5": "75f683de47b59a83d9ffc8e5fed4e153"}, 
{"path": "105/res/control_new/", "name": "bt_times_2.png", "md5": "3bdaca4d1d5c141b4a2e39cf8f77b36c"}, 
{"path": "105/res/control_new/", "name": "bt_times_3.png", "md5": "aea4a75d50fd3f9189d784133377cb1f"}, 
{"path": "105/res/control_new/", "name": "bt_times_4.png", "md5": "ad81d2e4d5f878255f8cfbfe80e2529f"}, 
{"path": "105/res/control_new/", "name": "bt_times_5.png", "md5": "f138732a7cd20bd7c63b8e8c3b311f84"}, 
{"path": "105/res/control_new/", "name": "close_btn.png", "md5": "ec105f806f4b59c370fd42e17be1df6e"}, 
{"path": "105/res/control_new/", "name": "controling_1.png", "md5": "d9f85ed80a326b5f937f15417acb5dd7"}, 
{"path": "105/res/control_new/", "name": "ControlLayer.csb", "md5": "d8d174625a89733010088c9cdf7beb83"}, 
{"path": "105/res/control_new/", "name": "data_bg.png", "md5": "ed6b3d3628f43f5dd26be56d72d87369"}, 
{"path": "105/res/control_new/", "name": "ErrorControlArea.png", "md5": "ecff0cec8cc08c7a61da48385ff58cd9"}, 
{"path": "105/res/control_new/", "name": "image_2.png", "md5": "5efa55145834ed8a3167c351d9c24cf9"}, 
{"path": "105/res/control_new/", "name": "image_3.png", "md5": "69ded63f2a6ba80c86f13064f124087a"}, 
{"path": "105/res/control_new/", "name": "line.png", "md5": "4584ff7fd0ecfd8a44379b7f4e7419d6"}, 
{"path": "105/res/control_new/", "name": "nick_put.png", "md5": "fdd74b59c5906391c896faefd267aa8f"}, 
{"path": "105/res/control_new/", "name": "NoControlArea.png", "md5": "bc5360b42e8ad80675aa9d2d191515f5"}, 
{"path": "105/res/control_new/", "name": "NoControlTimes.png", "md5": "ed31e767efbf9eec18de415300fbcb9a"}, 
{"path": "105/res/control_new/", "name": "playerlist_bg.png", "md5": "7a7061709e250549cc940a61ed257221"}, 
{"path": "105/res/control_new/", "name": "player_btn.png", "md5": "b129239282efe4a0ae58e3fe13d1d8ea"}, 
{"path": "105/res/control_new/", "name": "scene_tip_1.png", "md5": "8e8fe257c7577ecf41e49c58281ab3f8"}, 
{"path": "105/res/control_new/", "name": "scene_tip_2.png", "md5": "6dab9e27fe8911424383b24989c7f031"}, 
{"path": "105/res/control_new/", "name": "scene_tip_3.png", "md5": "ffbbe390d8cd16bafd7eb4a58427820c"}, 
{"path": "105/res/control_new/", "name": "selectArea_1.png", "md5": "a7162ccfc0e43b13429356f9dede518f"}, 
{"path": "105/res/control_new/", "name": "showTimes_1.png", "md5": "4160fe0661266915e77ac12cf6a9d90a"}, 
{"path": "105/res/control_new/", "name": "showTimes_2.png", "md5": "ab3bad548ee7e64d3066a603a7cbe405"}, 
{"path": "105/res/control_new/", "name": "showTimes_3.png", "md5": "97136c709cfa81e2d0bfc9c9a9452c20"}, 
{"path": "105/res/control_new/", "name": "showTimes_4.png", "md5": "9a2f053f56a92b5d70e88490ec2c590c"}, 
{"path": "105/res/control_new/", "name": "showTimes_5.png", "md5": "d6d4fa333f2edfc217bc2ac61af85912"}, 
{"path": "105/res/control_new/", "name": "text_field_space.png", "md5": "010f215d91e246170376b5be66f70b31"}, 
{"path": "105/res/control_new/", "name": "text_put.png", "md5": "c055e828980367aa49727fa0a5168fcc"}, 
{"path": "105/res/control_new/", "name": "timeNum.png", "md5": "891b512301f83e60610fe7c08bfd0c53"}, 
{"path": "105/res/control_new/", "name": "times_bg.png", "md5": "522e92f94f6b491af7749fd709a6b65d"}, 
{"path": "105/res/control_new/", "name": "tip.png", "md5": "83e55eb81bf0ee73c7007d76ab9612e5"}, 
{"path": "105/res/control_new/", "name": "topBtn.png", "md5": "bc30ae13e7c562d038f124646e18a1f7"}, 
{"path": "105/res/control_new/", "name": "txt.png", "md5": "3c6bc185c7813b24d4c59362c2f2bec2"}, 
{"path": "105/res/control_new/", "name": "txt_1.png", "md5": "dc4cd2e1830061e6ef1e84fcce1e6887"}, 
{"path": "105/res/Default/", "name": "ImageFile.png", "md5": "8b8ddbe2391511ba6e05d975dd2d9dba"}, 
{"path": "105/res/Default/", "name": "TextAtlas.png", "md5": "f80be8acc64da02fb7f2bf9a6cb644e2"}, 
{"path": "105/res/fonts/", "name": "round_body.ttf", "md5": "7b5c98a23993fb67ff9b05eea70ac37c"}, 
{"path": "105/res/gamerule/", "name": "longhuname.png", "md5": "6a19cd23992794126457966327add164"}, 
{"path": "105/res/gamerule/", "name": "longhurule.png", "md5": "d738296153cbf04818a73a9453fcaae0"}, 
{"path": "105/res/image/", "name": "Avatar0.png", "md5": "ffea92f8daf8dd9cc861710a92d2fa6b"}, 
{"path": "105/res/image/", "name": "Avatar1.png", "md5": "081f53c35ed2d755c5d5d4738aed9163"}, 
{"path": "105/res/image/", "name": "Avatar2.png", "md5": "5901fc8604b7b512b6f88e87c46accf7"}, 
{"path": "105/res/image/", "name": "Avatar3.png", "md5": "38508f278280afe121a81cc8dcb5bb9c"}, 
{"path": "105/res/image/", "name": "Avatar4.png", "md5": "a6a1017ea1e4ffa1b65035bfcdad4283"}, 
{"path": "105/res/image/", "name": "Avatar5.png", "md5": "29f6521957cbae8c97dbeb967426f165"}, 
{"path": "105/res/image/", "name": "Avatar6.png", "md5": "81d8c8d769dd6eff24d63d1d221ca21b"}, 
{"path": "105/res/image/", "name": "Avatar7.png", "md5": "f580cb266d7fda1d384ca93b6207e2c8"}, 
{"path": "105/res/image/", "name": "Avatar8.png", "md5": "986ca2827af73cce931fb345e09e5600"}, 
{"path": "105/res/image/", "name": "Avatar9.png", "md5": "4ba26fa79c46970eb352cfb42ff29406"}, 
{"path": "105/res/image/", "name": "shuzi3.png", "md5": "7ba97f0fcd26c3ae4d62cf296669901c"}, 
{"path": "105/res/image/", "name": "shuzi4.png", "md5": "78a584ddf31be616e903783e466cf22f"}, 
{"path": "105/res/image/", "name": "tipsbg.png", "md5": "3bee3520c795c3fd08716040be74e5a9"}, 
{"path": "105/res/image/", "name": "ui_lose_count.png", "md5": "385d81b34f093f13be79d197b0f170ac"}, 
{"path": "105/res/image/", "name": "ui_win_count.png", "md5": "64f87082964f0e0dc2e522ba6df32737"}, 
{"path": "105/res/image/", "name": "ulist_rank_no.png", "md5": "e30776c9426ae1d0e648f6241b7641c9"}, 
{"path": "105/res/image/", "name": "ulist_shuzi.png", "md5": "827a56d50dbfadbebc73bba615ddb9c6"}, 
{"path": "105/res/image/", "name": "xutou_num.png", "md5": "724ae14940c117779287244acd9518f3"}, 
{"path": "105/res/longhu/", "name": "ApplyList.csb", "md5": "eca84458477d20e01a36c5a14c31dc86"}, 
{"path": "105/res/longhu/", "name": "apply_bg.png", "md5": "6382e6a28a2877c4b32339f5585f9e0a"}, 
{"path": "105/res/longhu/", "name": "apply_down.png", "md5": "3032cea7919cf2bf4169a7c6f627ca44"}, 
{"path": "105/res/longhu/", "name": "apply_head.png", "md5": "6dcd7d564cd90e9d4f23ea6dcd2448f1"}, 
{"path": "105/res/longhu/", "name": "apply_List_bg.png", "md5": "75ec84c2099b5121712946b834e21dbc"}, 
{"path": "105/res/longhu/", "name": "apply_up.png", "md5": "dfc254c4d3ce5fce05979d7b571650be"}, 
{"path": "105/res/longhu/", "name": "beijing.png", "md5": "d8440cf0207eefc0109e8d1cb33f3a04"}, 
{"path": "105/res/longhu/", "name": "cardNode.csb", "md5": "2dc129b39df875e1967e1793f894fc85"}, 
{"path": "105/res/longhu/", "name": "chip_num.png", "md5": "4a96bc7b2fcdd8d32561c2271c0e30a4"}, 
{"path": "105/res/longhu/", "name": "clocknumber.png", "md5": "0d762379fbafd6eebf1ed0a97c8a7916"}, 
{"path": "105/res/longhu/", "name": "dengdaixiayiju.png", "md5": "013e374581198e5984c3ad924a478a16"}, 
{"path": "105/res/longhu/", "name": "diban.png", "md5": "8ac2d19b12af112ae6b1c839fa2a4924"}, 
{"path": "105/res/longhu/", "name": "faguangyou.png", "md5": "469babc59b9c05c4132c0d4d4ab0e881"}, 
{"path": "105/res/longhu/", "name": "faguangzhong.png", "md5": "6424af50b205e2598eedabef437d91c0"}, 
{"path": "105/res/longhu/", "name": "faguangzuo.png", "md5": "e44353a849aa1a5b12e4520f73c0304b"}, 
{"path": "105/res/longhu/", "name": "fanhui.png", "md5": "18b1d62185b63dbadae556c16014e9b4"}, 
{"path": "105/res/longhu/", "name": "fanhui1.png", "md5": "865d359c814ef333ed3534b159543c1b"}, 
{"path": "105/res/longhu/", "name": "he.png", "md5": "9d0625c3d4263c6a8683d2a992df48bd"}, 
{"path": "105/res/longhu/", "name": "heikuang.png", "md5": "0c194ceaa393855a2d9c3fcab9be1784"}, 
{"path": "105/res/longhu/", "name": "hu.png", "md5": "a4260ec0afe4e6d0e31a6eb740873355"}, 
{"path": "105/res/longhu/", "name": "JettonNode.csb", "md5": "c4468a7c171fb9621d1d4f60b89a786d"}, 
{"path": "105/res/longhu/", "name": "jinyin1.png", "md5": "1837778b866603f886777970efca384f"}, 
{"path": "105/res/longhu/", "name": "long.png", "md5": "9bc4d7fa68a4e99a865209d0e3925e36"}, 
{"path": "105/res/longhu/", "name": "longhuGameLayer.csb", "md5": "d6707749f37cd55e483dc542547a8ecf"}, 
{"path": "105/res/longhu/", "name": "luziNode.csb", "md5": "13b9123102bfb3a61718c48e6c19ef09"}, 
{"path": "105/res/longhu/", "name": "meNode.csb", "md5": "67bb3619b524786b6f40e4eebf2b2610"}, 
{"path": "105/res/longhu/", "name": "qingxiazhu.png", "md5": "b16a61d97a54edee2979265645b4def1"}, 
{"path": "105/res/longhu/", "name": "quxiao1.png", "md5": "f470ea9a55a3ecde06250c076a5be721"}, 
{"path": "105/res/longhu/", "name": "quxiao2.png", "md5": "67ce39157ae121f9edbc134c6162a39f"}, 
{"path": "105/res/longhu/", "name": "renshu.png", "md5": "9da675c011220df4496abfb3e5c0bc20"}, 
{"path": "105/res/longhu/", "name": "ResultNode.csb", "md5": "9bbe7a3bbd62564d165d9e2775558642"}, 
{"path": "105/res/longhu/", "name": "shangzhuang.png", "md5": "cf356040269acbd21ef36e94b93d0d30"}, 
{"path": "105/res/longhu/", "name": "shangzhuang2.png", "md5": "b214344f1e60b779ce73f29d4687e213"}, 
{"path": "105/res/longhu/", "name": "stopbetbg.png", "md5": "2192b2265b710964075d7df9cba7151b"}, 
{"path": "105/res/longhu/", "name": "table_bg.png", "md5": "7ab76ef5b1abb5315c9036c40432354f"}, 
{"path": "105/res/longhu/", "name": "tingzhixiazhu.png", "md5": "01cfbaa3d0f8aa3f3b41d88af48ea309"}, 
{"path": "105/res/longhu/", "name": "topsp1.png", "md5": "1cc75e08d1cc6751d451ced71b83562d"}, 
{"path": "105/res/longhu/", "name": "topsp1_1.png", "md5": "a41d3fcd4f28f3f55e3975e69ece4880"}, 
{"path": "105/res/longhu/", "name": "topsp2.png", "md5": "e7247e22abb6278ed0382339e2270628"}, 
{"path": "105/res/longhu/", "name": "topsp2_1.png", "md5": "42d7640741ea9aff2e7c82e43e76ed71"}, 
{"path": "105/res/longhu/", "name": "topsp3.png", "md5": "ea4cdcab18b8f74865e7bb303b5a4e32"}, 
{"path": "105/res/longhu/", "name": "topsp3_1.png", "md5": "11fdabd356b2f0f6ec3417d6b2827266"}, 
{"path": "105/res/longhu/", "name": "toumi.png", "md5": "788d9e7b20fd6d84172135fe63ff0943"}, 
{"path": "105/res/longhu/", "name": "tuoyuan.png", "md5": "e78857510781017f88a630aaf85bb4f1"}, 
{"path": "105/res/longhu/", "name": "ui_chip_bg_1_1.png", "md5": "e0a096f8005de30a940af4e1bd553470"}, 
{"path": "105/res/longhu/", "name": "ui_chip_bg_1_2.png", "md5": "923520f7b1920b4a61074e0bc0442fdc"}, 
{"path": "105/res/longhu/", "name": "ui_chip_bg_1_3.png", "md5": "b27be63a5d578bf8f87e4ebb514d1395"}, 
{"path": "105/res/longhu/", "name": "ui_chip_bg_2_1.png", "md5": "e5e456c89472876bd754b56de91116df"}, 
{"path": "105/res/longhu/", "name": "ui_chip_bg_2_2.png", "md5": "647328345cdf840bc930556b727b9e1a"}, 
{"path": "105/res/longhu/", "name": "ui_chip_bg_2_3.png", "md5": "d709c3a390194870bb46705957d93b0f"}, 
{"path": "105/res/longhu/", "name": "ui_chip_bg_3_1.png", "md5": "fb68ee7aaf7239fd1334a6a34ddd0a08"}, 
{"path": "105/res/longhu/", "name": "ui_chip_bg_3_2.png", "md5": "4f94f6bd5e59831c53b345f8ec7fe3d8"}, 
{"path": "105/res/longhu/", "name": "ui_chip_bg_3_3.png", "md5": "221ab9fa1e72a53e632c09732ef19711"}, 
{"path": "105/res/longhu/", "name": "ui_chip_bg_4_1.png", "md5": "acfb96b7cbb7162fc0999bb1bafc4051"}, 
{"path": "105/res/longhu/", "name": "ui_chip_bg_4_2.png", "md5": "b68c7615f79eda16949c967c27645ac3"}, 
{"path": "105/res/longhu/", "name": "ui_chip_bg_4_3.png", "md5": "edfb06a3b6db6aa3e15bcfa026699452"}, 
{"path": "105/res/longhu/", "name": "ui_chip_bg_5_1.png", "md5": "c328004a553a8eb0574620b8c2c5ab2c"}, 
{"path": "105/res/longhu/", "name": "ui_chip_bg_5_2.png", "md5": "2fd63bccc804b679e3615b075103b82a"}, 
{"path": "105/res/longhu/", "name": "ui_chip_bg_5_3.png", "md5": "5c069617dc9214f2fea0cddeae6f3f2a"}, 
{"path": "105/res/longhu/", "name": "vs.png", "md5": "b8491983b00d5268f62efbbcf3366067"}, 
{"path": "105/res/longhu/", "name": "wenhao.png", "md5": "43479b50e63b956776eec7ec5038c06d"}, 
{"path": "105/res/longhu/", "name": "wenhao1.png", "md5": "55178b43f79544602e5de098bfa8f2ae"}, 
{"path": "105/res/longhu/", "name": "xiazhuang.png", "md5": "d61e034e0a85337a821ff3a438833cb3"}, 
{"path": "105/res/longhu/", "name": "xiazhuang2.png", "md5": "942a6de70f32e6cc17ea7554436f8998"}, 
{"path": "105/res/longhu/", "name": "xiuxiyixia.png", "md5": "fe2e865dd6d40bf71e67a4d1aada8364"}, 
{"path": "105/res/longhu/", "name": "xutou1.png", "md5": "d023f0c5e014a911c742b642a8d694f4"}, 
{"path": "105/res/longhu/", "name": "xutou2.png", "md5": "b0299e16fa5cb671d1772d090203749c"}, 
{"path": "105/res/longhu/", "name": "xutou_goldbg.png", "md5": "88d60b1ef18805215c0796d0b7b1dbe3"}, 
{"path": "105/res/longhu/", "name": "xutou_num.png", "md5": "724ae14940c117779287244acd9518f3"}, 
{"path": "105/res/longhu/", "name": "yinliang.png", "md5": "0708390e1bb703bab6ca4fa779c7dfbd"}, 
{"path": "105/res/longhu/", "name": "yinliang1.png", "md5": "6f767f3d0b8c904b9d0645043bd912d2"}, 
{"path": "105/res/longhu/", "name": "yinShuzi.png", "md5": "e1e4d6a39a56c98fd2b2a69bb1032dee"}, 
{"path": "105/res/longhu/", "name": "yizi.png", "md5": "5acf9aa7256143492d536bd7578ef10c"}, 
{"path": "105/res/longhu/", "name": "zaixian.png", "md5": "0707fe75f1b56015b93d3ab371fd656b"}, 
{"path": "105/res/longhu/", "name": "zhuangNode.csb", "md5": "f95246fc19b9b394ce90b352271c875f"}, 
{"path": "105/res/longhu/", "name": "zoushi.png", "md5": "b0a9b526447e137e446c11065e43cdb6"}, 
{"path": "105/res/longhu/", "name": "zuang.png", "md5": "ea12ffad5ecf832f706d8f5379b582c4"}, 
{"path": "105/res/longhu/", "name": "zuobian.png", "md5": "9d63dfd68a70cc55c588f2871f2b804d"}, 
{"path": "105/res/longhu/", "name": "zuobian1.png", "md5": "2e5926ce61a5f3924774359eb0981464"}, 
{"path": "105/res/", "name": "longhudou.txt", "md5": "375b0b48e59e0a99b8e00948350d8c12"}, 
{"path": "105/res/", "name": "LudanLayer.csb", "md5": "2e0d567070a93807f92723eb9156fe5b"}, 
{"path": "105/res/", "name": "luzi.csb", "md5": "0fd0ef44e8dc29b7cf66cdffe5b05e05"}, 
{"path": "105/res/plist/", "name": "onlinelist.plist", "md5": "5900b7d2c038c5dc422195f647a90f02"}, 
{"path": "105/res/plist/", "name": "onlinelist.png", "md5": "73bbc35a62a81ac9460cadbdb45db9e4"}, 
{"path": "105/res/plist/", "name": "tableuserItem.plist", "md5": "544209c61a88628c479251e53d215793"}, 
{"path": "105/res/plist/", "name": "tableuserItem.png", "md5": "efcd89ed4572ac4400a928d469483096"}, 
{"path": "105/res/", "name": "poker.plist", "md5": "326cf5243d7ab73c4eb12c0378023c89"}, 
{"path": "105/res/", "name": "poker.png", "md5": "2a3e5bb04f4917eff2976d0d2227f82e"}, 
{"path": "105/res/result/", "name": "he.png", "md5": "f9b5de4397759b40bd16d2ab053cec0f"}, 
{"path": "105/res/result/", "name": "heresult.png", "md5": "4dd9294be746d7f5a49de772119156f8"}, 
{"path": "105/res/result/", "name": "hu.png", "md5": "82f5efc9b1dd6c72c2df3b9089a0e58d"}, 
{"path": "105/res/result/", "name": "jiesuankuangditu.png", "md5": "9c7b9cb78c697add3d77fc27825a8c50"}, 
{"path": "105/res/result/", "name": "long.png", "md5": "6383ea21a73739c3fde1c30d4eda06f5"}, 
{"path": "105/res/result/", "name": "losebg.png", "md5": "627b6d4d0ac7f6f66d130caef25c8609"}, 
{"path": "105/res/result/", "name": "loseLayer.csb", "md5": "5aa77743a5217c14d5a8a4487a276560"}, 
{"path": "105/res/result/", "name": "loseline.png", "md5": "ba737a2187ce801b60d3a5fb1843646e"}, 
{"path": "105/res/result/", "name": "loseshuzi.png", "md5": "7c4e19d633a3e353bd08a658e25925ef"}, 
{"path": "105/res/result/niyingle_jiekuankuang1/", "name": "niyingle_jiekuankuang1.ExportJson", "md5": "3384c56af8261074f228f118517fc2c5"}, 
{"path": "105/res/result/niyingle_jiekuankuang1/", "name": "niyingle_jiekuankuang10.plist", "md5": "a3491e0fb49006680c0ef6b08c68b510"}, 
{"path": "105/res/result/niyingle_jiekuankuang1/", "name": "niyingle_jiekuankuang10.png", "md5": "4ab9eeb39428bf2efa9d1732410421ba"}, 
{"path": "105/res/result/niyingle_jiekuankuang2/", "name": "niyingle_jiekuankuang2.ExportJson", "md5": "89f61af42bd2b99358a88aff9631d691"}, 
{"path": "105/res/result/niyingle_jiekuankuang2/", "name": "niyingle_jiekuankuang20.plist", "md5": "69f754f8eb82d5598f462ec6be50e17e"}, 
{"path": "105/res/result/niyingle_jiekuankuang2/", "name": "niyingle_jiekuankuang20.png", "md5": "04d7deaace12d55772e199db63d7ca5c"}, 
{"path": "105/res/result/", "name": "winLayer.csb", "md5": "41c73fb0b0bda5d577ef9e357dfc2abe"}, 
{"path": "105/res/result/", "name": "winline.png", "md5": "75ffa561bec1e757a47400bd95810b91"}, 
{"path": "105/res/result/", "name": "winshuzi.png", "md5": "ea8945fda7b1ec2a03d3306443d7883a"}, 
{"path": "105/res/roomlist/", "name": "bar.png", "md5": "2a30fe2a9dafb38b16a071d0ddd16605"}, 
{"path": "105/res/roomlist/", "name": "chuangqi.png", "md5": "92c275119df5cff087595c84fb508200"}, 
{"path": "105/res/roomlist/", "name": "goBtn.png", "md5": "952d263c9f9e3dad1625dc2b5be6a0be"}, 
{"path": "105/res/roomlist/", "name": "jin20bg.png", "md5": "b669bb17616524585b8849bc558a58e4"}, 
{"path": "105/res/roomlist/", "name": "ludanbg.png", "md5": "983ef9435290a823a5b1ec9e05064cd4"}, 
{"path": "105/res/roomlist/", "name": "ludanbg2.png", "md5": "dcc408aadb875ebbaaa6733729e5f830"}, 
{"path": "105/res/roomlist/", "name": "ludanbg3.png", "md5": "c1bac137e13dc6c079520727fc231433"}, 
{"path": "105/res/roomlist/", "name": "resulticon.png", "md5": "66bedd4978d0503580d66399484dcbef"}, 
{"path": "105/res/roomlist/", "name": "rongyao.png", "md5": "b231f5bd3f67014e0a1ab54c69cb9008"}, 
{"path": "105/res/roomlist/", "name": "roomAts.png", "md5": "7555701ed3657fa19303703584ac2e8f"}, 
{"path": "105/res/roomlist/", "name": "roomLayer.csb", "md5": "9dbd1d10eacc7e916a36bcd39d299ebf"}, 
{"path": "105/res/roomlist/", "name": "suzi.png", "md5": "7a0bfc16c4f3d9da244ff83e9c32e8ab"}, 
{"path": "105/res/roomlist/", "name": "wqwq.png", "md5": "a0a42816768f94ef10fada76621786c2"}, 
{"path": "105/res/roomlist/", "name": "xiazhu.png", "md5": "dcba1d77e9412942ff8b1942a9d3bf35"}, 
{"path": "105/res/roomlist/", "name": "zunxiang.png", "md5": "a17e3d51d6b75b0aecbe7f82ef911824"}, 
{"path": "105/res/", "name": "Rule.csb", "md5": "bbd53bb75ca8c4f95bb9b17cc2af022c"}, 
{"path": "105/res/", "name": "SitRoleNode.csb", "md5": "9582c3370c7459cf12a76ea889a29644"}, 
{"path": "105/res/", "name": "SitRoleNode2.csb", "md5": "1a9f00d58dc0ec7a641e1ebbcb527316"}, 
{"path": "105/res/sound_res/", "name": "background.mp3", "md5": "d356f7f63cbc6d8a0c1695ced0a21001"}, 
{"path": "105/res/sound_res/", "name": "beganjetton.mp3", "md5": "b3d7dff10ac477162e71e6afabca350a"}, 
{"path": "105/res/sound_res/", "name": "beganjetton_vocie.mp3", "md5": "8190e3861223e45f18dc5c7351fab3c5"}, 
{"path": "105/res/sound_res/", "name": "changebanker.mp3", "md5": "abd0fe87139246b56de78fa5352799b9"}, 
{"path": "105/res/sound_res/", "name": "clickArea.mp3", "md5": "9475a66c0e7e830ef509efc9fe34fa82"}, 
{"path": "105/res/sound_res/", "name": "clickjetton.mp3", "md5": "852bd0241ec5495a982a0013d18c2d5a"}, 
{"path": "105/res/sound_res/", "name": "clockring.mp3", "md5": "2289d760b4eb6323faf9940e63dd000a"}, 
{"path": "105/res/sound_res/", "name": "endjetton.mp3", "md5": "c3b62ce817a1a7ed0f9f7f66c88bcb4f"}, 
{"path": "105/res/sound_res/", "name": "endjetton_vocie.mp3", "md5": "5091f8d417563666ec01411b23f2cf32"}, 
{"path": "105/res/sound_res/", "name": "endlingdang.mp3", "md5": "d8dd8985b50b9424d74bdc7578f417bc"}, 
{"path": "105/res/sound_res/", "name": "jettonflytoplayer.mp3", "md5": "f8d6a6eb74000335dc0c47246ebe8522"}, 
{"path": "105/res/sound_res/", "name": "jiesuandaliang.mp3", "md5": "23cae905e8bfd4f4e4f13cb202332c5a"}, 
{"path": "105/res/sound_res/", "name": "opencard.mp3", "md5": "d82dbbb7a883e7fd9dc8086d9bfbdbe4"}, 
{"path": "105/res/sound_res/", "name": "point1.mp3", "md5": "ff7d885c6cde32be0a41b62dc91b7ab5"}, 
{"path": "105/res/sound_res/", "name": "point10.mp3", "md5": "5b8546789fb79bcaf1ae932fc1942b32"}, 
{"path": "105/res/sound_res/", "name": "point11.mp3", "md5": "e64467485584aa99a09435b2e24147cf"}, 
{"path": "105/res/sound_res/", "name": "point12.mp3", "md5": "dcc22d780c0278c9927c6b18662f2f66"}, 
{"path": "105/res/sound_res/", "name": "point13.mp3", "md5": "bdd01e5bec834a7eb00c773fee142c51"}, 
{"path": "105/res/sound_res/", "name": "point2.mp3", "md5": "7c1b8b7aa63a0baf3db1d8ad93a3b780"}, 
{"path": "105/res/sound_res/", "name": "point3.mp3", "md5": "cbc7a75a8f3be09f23c1a985d721b809"}, 
{"path": "105/res/sound_res/", "name": "point4.mp3", "md5": "aab3e727692e975efde9c9fe25e1f953"}, 
{"path": "105/res/sound_res/", "name": "point5.mp3", "md5": "388d77604f0ff3b0f243e4c68e03d9f0"}, 
{"path": "105/res/sound_res/", "name": "point6.mp3", "md5": "466527ccd05ecea597865aea3d5d4c6d"}, 
{"path": "105/res/sound_res/", "name": "point7.mp3", "md5": "79d0b2859abc4d460d1fc0a435bceb38"}, 
{"path": "105/res/sound_res/", "name": "point8.mp3", "md5": "89591c92faf946a35e31efad2e541ca7"}, 
{"path": "105/res/sound_res/", "name": "point9.mp3", "md5": "ce70cf071e147e0bb583be7817ef360a"}, 
{"path": "105/res/sound_res/", "name": "result1.mp3", "md5": "b5e3977a8d20aca94780336ae76d23da"}, 
{"path": "105/res/sound_res/", "name": "result2.mp3", "md5": "b26f557cbf6de38fc360c4201129e69b"}, 
{"path": "105/res/sound_res/", "name": "result3.mp3", "md5": "7eccecda14ee2b32244fc89d93af57e4"}, 
{"path": "105/res/sound_res/", "name": "resultLose.mp3", "md5": "46bf9aa44d0202629f9634fb21c5ec03"}, 
{"path": "105/res/sound_res/", "name": "resultwin.mp3", "md5": "b8007c758276ebdcb455f9b138d68ab3"}, 
{"path": "105/res/sound_res/", "name": "SEND_CARD.mp3", "md5": "8d92b672b057ad0e208339b4d26c9ec2"}, 
{"path": "105/res/sound_res/", "name": "shaoliang.mp3", "md5": "08f8e76afee84de58b32261bcc2620c0"}, 
{"path": "105/res/sound_res/", "name": "tablejetton.mp3", "md5": "7951fb40de059fc1de10885cf8ae25fd"}, 
{"path": "105/res/sound_res/", "name": "zhuangjiatuntu.mp3", "md5": "24b37bb7f2d3a77609fd19a574cd6e95"}, 
{"path": "105/res/", "name": "userlistLayer.csb", "md5": "6ab69f2a01bea4d22ff6cc498691028b"}, 
{"path": "105/res/wallbill/", "name": "1.png", "md5": "652a340eefaaff04b946a919a61850c8"}, 
{"path": "105/res/wallbill/", "name": "12-6.png", "md5": "120062926f7ba9bc0cabef14d5a72989"}, 
{"path": "105/res/wallbill/", "name": "15ge.png", "md5": "ce4755184c9108453d5a7a72ce52b968"}, 
{"path": "105/res/wallbill/", "name": "2.png", "md5": "b03aa4f20bc2243e0da52bebfc6433d6"}, 
{"path": "105/res/wallbill/", "name": "3.png", "md5": "83ee0ef99d8e358c37ae0a710e48e903"}, 
{"path": "105/res/wallbill/", "name": "30ge.png", "md5": "1e01a8b9d3067006e23eb37bbdbba685"}, 
{"path": "105/res/wallbill/", "name": "close.png", "md5": "15f5e05e077d8b40186f541e43a726a3"}, 
{"path": "105/res/wallbill/", "name": "closebt.png", "md5": "6374535d1da9737c7edd2ff838fe7a1b"}, 
{"path": "105/res/wallbill/", "name": "dalu_1.png", "md5": "a15f59d78bce6b8d440b5ffbd66a9ed2"}, 
{"path": "105/res/wallbill/", "name": "dalu_2.png", "md5": "eb3a9a4b1bea1a513e5c461c9aeffee0"}, 
{"path": "105/res/wallbill/", "name": "dalu_3.png", "md5": "f42861b56852d8040f43dd99b7688a1d"}, 
{"path": "105/res/wallbill/", "name": "dian1.png", "md5": "398559736e2b75985823d944b52a3a98"}, 
{"path": "105/res/wallbill/", "name": "dian2.png", "md5": "f0d4f5519539d77135e231f20efcf64e"}, 
{"path": "105/res/wallbill/", "name": "flag1.png", "md5": "a7630530874756c3527c05eeca3848cd"}, 
{"path": "105/res/wallbill/", "name": "flag2.png", "md5": "53910d218c107276aa38479d42c30ff0"}, 
{"path": "105/res/wallbill/", "name": "flag3.png", "md5": "a441cf0aba10edfcf984a048df130c6a"}, 
{"path": "105/res/wallbill/", "name": "heixian.png", "md5": "ff17bcf3f71846a5571a2a61acb86a59"}, 
{"path": "105/res/wallbill/", "name": "heixian2.png", "md5": "315c5d1fdb320c2bfb0654876c48b38c"}, 
{"path": "105/res/wallbill/", "name": "hongxie.png", "md5": "c3e810ed1f95414c0497bf791853d29d"}, 
{"path": "105/res/wallbill/", "name": "hu.png", "md5": "dd847280fcaf88030a54939fd3415346"}, 
{"path": "105/res/wallbill/", "name": "jin20.png", "md5": "ae500b3798b95a04354ce3919b455391"}, 
{"path": "105/res/wallbill/", "name": "lanxie.png", "md5": "fde1c3c042c19208ae0e7d723ca1d0a5"}, 
{"path": "105/res/wallbill/", "name": "long.png", "md5": "c2547cc5aee0ed5c24b78d62bcafffff"}, 
{"path": "105/res/wallbill/", "name": "ludan.csb", "md5": "8e965328993f223185e31ed6369ad605"}, 
{"path": "105/res/wallbill/", "name": "ludandi.png", "md5": "bd168197987a5d094fa754f3b80b7964"}, 
{"path": "105/res/wallbill/", "name": "ludankuang.png", "md5": "25ccfc907f616760809acb34c3d5c373"}, 
{"path": "105/res/wallbill/", "name": "ludan_logo.png", "md5": "789cbf8e0ecd04531d388949b07a2da3"}, 
{"path": "105/res/wallbill/", "name": "open1.png", "md5": "f2eef445e65295c8b775ff5f3310c3d1"}, 
{"path": "105/res/wallbill/", "name": "open2.png", "md5": "eb06d0ca4ae7fa945c7d80a3550670bf"}, 
{"path": "105/res/wallbill/", "name": "pailu.png", "md5": "c676a654a0ddb8de8b7e6be96fc1aa20"}, 
{"path": "105/res/wallbill/", "name": "pailubg.png", "md5": "0690c4b37272937618aa50e74cd02048"}, 
{"path": "105/res/wallbill/", "name": "quan1.png", "md5": "eb2eed01a3bd13eabb3604619faea138"}, 
{"path": "105/res/wallbill/", "name": "quan2.png", "md5": "b27e131a90a0bcd30707aea731b2ac47"}, 
{"path": "105/res/wallbill/", "name": "quan3.png", "md5": "d225269e5b3d9befe3da30f83b814c71"}, 
{"path": "105/res/wallbill/", "name": "ratehong.png", "md5": "f4121f695b0be7e7db853ad39a9a65ff"}, 
{"path": "105/res/wallbill/", "name": "ratelan.png", "md5": "1525da2b76143e7fa714fff90be4d375"}, 
{"path": "105/res/wallbill/", "name": "tipbg.png", "md5": "6af4ce73f93a036027878075bc466abd"}, 
{"path": "105/res/wallbill/", "name": "xiaolu1.png", "md5": "eb3a9a4b1bea1a513e5c461c9aeffee0"}, 
{"path": "105/res/wallbill/", "name": "xiaolu2.png", "md5": "a15f59d78bce6b8d440b5ffbd66a9ed2"}, 
{"path": "105/res/wallbill/", "name": "xiaolu3.png", "md5": "f42861b56852d8040f43dd99b7688a1d"}, 
{"path": "105/res/wallbill/", "name": "xie1.png", "md5": "c3e810ed1f95414c0497bf791853d29d"}, 
{"path": "105/res/wallbill/", "name": "xie2.png", "md5": "fde1c3c042c19208ae0e7d723ca1d0a5"}, 
{"path": "105/src/models/", "name": "bjlGameDefine.luac", "md5": "cb45d1f6d578e73214c8c7c8e8aa5b89"}, 
{"path": "105/src/models/", "name": "CMD_Game.luac", "md5": "ffdd6ddb5b1944d2a5b43ef562634642"}, 
{"path": "105/src/models/", "name": "GameFrame.luac", "md5": "4e4a3b4e838a81e1359c686de97d7211"}, 
{"path": "105/src/models/", "name": "GameLogic.luac", "md5": "0000f958938488ace0ebbcd960ba6eaf"}, 
{"path": "105/src/models/", "name": "Poker.luac", "md5": "59e78797258937d8456fa47b9988d95e"}, 
{"path": "105/src/views/", "name": "GameLayer.luac", "md5": "01f34716fb6484884ae7846afc3aa087"}, 
{"path": "105/src/views/layer/", "name": "ApplyListLayer.luac", "md5": "f1abc2ebe856516f9cd3333b9b58cbd5"}, 
{"path": "105/src/views/layer/", "name": "CardSprite.luac", "md5": "42790804a268b0b35427f92aaddca2c5"}, 
{"path": "105/src/views/layer/", "name": "ControlLayer.luac", "md5": "c0c28f6050d1dcb4a19ab96440baf892"}, 
{"path": "105/src/views/layer/gamecard/", "name": "CardsNode.luac", "md5": "56541ef76ffb4957767ab692da01bc11"}, 
{"path": "105/src/views/layer/gamecard/", "name": "CardSprite.luac", "md5": "11593b955689f1b020d270080f023bb0"}, 
{"path": "105/src/views/layer/", "name": "GameCardLayer.luac", "md5": "4bd3737e2665587585f21a22f772691f"}, 
{"path": "105/src/views/layer/", "name": "GameRecordLayer.luac", "md5": "510461c396fdb3144fcda2511a487202"}, 
{"path": "105/src/views/layer/", "name": "GameResultLayer.luac", "md5": "670a37d032d0694d4295c7b4b1f4c2a0"}, 
{"path": "105/src/views/layer/", "name": "GameViewLayer.luac", "md5": "5424fa714d4f30a6ae5504728211310f"}, 
{"path": "105/src/views/layer/", "name": "NewGameCardLayer.luac", "md5": "678537774ee9ccb09dc73603a7ee45b3"}, 
{"path": "105/src/views/layer/", "name": "NewWallBillLayer.luac", "md5": "d4d0155ecca8077ad1712288476f3136"}, 
{"path": "105/src/views/layer/", "name": "RuleLayer.luac", "md5": "6b515ae6d2715ddd565685fa416602ca"}, 
{"path": "105/src/views/layer/", "name": "TablePlayerLayer.luac", "md5": "45aa87874107416dd54a7b5e64f1a62f"}, 
{"path": "105/src/views/layer/", "name": "UserItem.luac", "md5": "ae41c4a1fc6bb70f40039d986868436a"}, 
{"path": "105/src/views/layer/userlist/", "name": "ApplyListLayer.luac", "md5": "310a4d95f640b7ceefe38f432de7422e"}, 
{"path": "105/src/views/layer/userlist/", "name": "UserItem.luac", "md5": "92f14487d71e0b9566b3862f10933be5"}, 
{"path": "105/src/views/layer/userlist/", "name": "UserListLayer.luac", "md5": "d5f482a5e61b00393e869a24b0de1f8c"}, 
{"path": "105/src/views/layer/", "name": "UserListLayer.luac", "md5": "adbe80ace22f13af9fe00cd1b2826c13"}, 
{"path": "105/src/views/layer/", "name": "WallBillLayer.luac", "md5": "d727955deeb2595cfe21cb0865070d6c"}, 
{"path": "105/src/views/", "name": "RoomView.luac", "md5": "ebfae040a99f3fae6028127112bfa98f"}, 
{"path": "105/src/views/", "name": "RoomWallLayer.luac", "md5": "6e091b24ad8d9da797df877c4108a033"}, 
{"allcount": 320}]}