{"skeleton":{"hash":"G8lP3+yexbYY60tUlx0HRLOihdY","spine":"3.6.52","width":1333.45,"height":686,"images":"./images/"},"bones":[{"name":"root"},{"name":"bone2","parent":"root"},{"name":"bone","parent":"bone2","x":532.57,"y":6.94},{"name":"1","parent":"bone","x":125.19,"y":-16.72},{"name":"2","parent":"bone","x":102.64,"y":-13.5},{"name":"3","parent":"bone","x":87.6,"y":-15.65},{"name":"4","parent":"bone","x":69.34,"y":-14.58},{"name":"5","parent":"bone","x":51.08,"y":-12.43},{"name":"bone3","parent":"bone2","x":-532.4,"y":6.94,"scaleX":-1},{"name":"6","parent":"bone3","x":51.08,"y":-12.43},{"name":"7","parent":"bone3","x":69.34,"y":-14.58},{"name":"8","parent":"bone3","x":87.6,"y":-15.65},{"name":"9","parent":"bone3","x":102.64,"y":-13.5},{"name":"10","parent":"bone3","x":125.19,"y":-16.72}],"slots":[{"name":"1","bone":"1","attachment":"1"},{"name":"10","bone":"10","attachment":"1"},{"name":"2","bone":"2","attachment":"2"},{"name":"9","bone":"9","attachment":"2"},{"name":"3","bone":"3","attachment":"3"},{"name":"8","bone":"8","attachment":"3"},{"name":"4","bone":"4","attachment":"4"},{"name":"7","bone":"7","attachment":"4"},{"name":"5","bone":"5","attachment":"5"},{"name":"6","bone":"6","attachment":"5"}],"skins":{"default":{"1":{"1":{"x":0.05,"y":-2.82,"width":18,"height":686}},"10":{"1":{"x":0.05,"y":-2.82,"width":18,"height":686}},"2":{"2":{"x":2.6,"y":-7.29,"width":15,"height":675}},"3":{"3":{"x":-0.62,"y":-6.63,"width":16,"height":660}},"4":{"4":{"x":-0.86,"y":-8.94,"width":17,"height":646}},"5":{"5":{"x":-2.23,"y":-12.63,"width":19,"height":633}},"6":{"5":{"x":-2.23,"y":-12.63,"width":19,"height":633}},"7":{"4":{"x":-0.86,"y":-8.94,"width":17,"height":646}},"8":{"3":{"x":-0.62,"y":-6.63,"width":16,"height":660}},"9":{"2":{"x":2.6,"y":-7.29,"width":15,"height":675}}}},"animations":{"animation2":{"slots":{"1":{"color":[{"time":0,"color":"ffffff63","curve":[0.25,0,0.75,1]},{"time":0.2333,"color":"ffffff00"},{"time":0.4667,"color":"ffffff63"}],"attachment":[{"time":0,"name":"1"},{"time":0.4667,"name":"1"}]},"2":{"color":[{"time":0,"color":"ffffff8f","curve":[0.25,0,0.75,1]},{"time":0.2333,"color":"ffffff43"},{"time":0.4667,"color":"ffffff8f"}],"attachment":[{"time":0,"name":"2"},{"time":0.2333,"name":"2"},{"time":0.4667,"name":"2"}]},"3":{"color":[{"time":0,"color":"ffffffff"},{"time":0.2333,"color":"ffffff7e"},{"time":0.4667,"color":"ffffffff"}],"attachment":[{"time":0,"name":"3"},{"time":0.4667,"name":"3"}]},"4":{"color":[{"time":0,"color":"ffffff8a","curve":[0.25,0,0.75,1]},{"time":0.2333,"color":"ffffffb3","curve":[0.25,0,0.75,1]},{"time":0.4667,"color":"ffffff8a"}],"attachment":[{"time":0,"name":"4"},{"time":0.4667,"name":"4"}]},"5":{"color":[{"time":0,"color":"ffffff33","curve":[0.25,0,0.75,1]},{"time":0.2333,"color":"ffffffff"},{"time":0.4667,"color":"ffffff33"}],"attachment":[{"time":0,"name":"5"},{"time":0.4667,"name":"5"}]},"6":{"color":[{"time":0,"color":"ffffff33","curve":[0.25,0,0.75,1]},{"time":0.2333,"color":"ffffffff"},{"time":0.4667,"color":"ffffff33"}],"attachment":[{"time":0,"name":"5"},{"time":0.4667,"name":"5"}]},"7":{"color":[{"time":0,"color":"ffffff8a","curve":[0.25,0,0.75,1]},{"time":0.2333,"color":"ffffffb3","curve":[0.25,0,0.75,1]},{"time":0.4667,"color":"ffffff8a"}],"attachment":[{"time":0,"name":"4"},{"time":0.4667,"name":"4"}]},"8":{"color":[{"time":0,"color":"ffffffff"},{"time":0.2333,"color":"ffffff7e"},{"time":0.4667,"color":"ffffffff"}],"attachment":[{"time":0,"name":"3"},{"time":0.4667,"name":"3"}]},"9":{"color":[{"time":0,"color":"ffffff8f","curve":[0.25,0,0.75,1]},{"time":0.2333,"color":"ffffff43"},{"time":0.4667,"color":"ffffff8f"}],"attachment":[{"time":0,"name":"2"},{"time":0.2333,"name":"2"},{"time":0.4667,"name":"2"}]},"10":{"color":[{"time":0,"color":"ffffff63","curve":[0.25,0,0.75,1]},{"time":0.2333,"color":"ffffff00"},{"time":0.4667,"color":"ffffff63"}],"attachment":[{"time":0,"name":"1"},{"time":0.4667,"name":"1"}]}},"bones":{"1":{"rotate":[{"time":0,"angle":0,"curve":"stepped"},{"time":0.4667,"angle":0}],"translate":[{"time":0,"x":0,"y":0,"curve":"stepped"},{"time":0.4667,"x":0,"y":0}],"scale":[{"time":0,"x":1,"y":1,"curve":"stepped"},{"time":0.4667,"x":1,"y":1}]},"2":{"rotate":[{"time":0,"angle":0,"curve":"stepped"},{"time":0.2333,"angle":0,"curve":"stepped"},{"time":0.4667,"angle":0}],"translate":[{"time":0,"x":0,"y":0,"curve":"stepped"},{"time":0.2333,"x":0,"y":0,"curve":"stepped"},{"time":0.4667,"x":0,"y":0}],"scale":[{"time":0,"x":1,"y":1,"curve":"stepped"},{"time":0.2333,"x":1,"y":1,"curve":"stepped"},{"time":0.4667,"x":1,"y":1}]},"3":{"rotate":[{"time":0,"angle":0,"curve":"stepped"},{"time":0.4667,"angle":0}],"translate":[{"time":0,"x":0,"y":0,"curve":"stepped"},{"time":0.4667,"x":0,"y":0}],"scale":[{"time":0,"x":1,"y":1,"curve":"stepped"},{"time":0.4667,"x":1,"y":1}]},"5":{"rotate":[{"time":0,"angle":0,"curve":"stepped"},{"time":0.4667,"angle":0}],"translate":[{"time":0,"x":0,"y":0,"curve":"stepped"},{"time":0.4667,"x":0,"y":0}],"scale":[{"time":0,"x":1,"y":1,"curve":"stepped"},{"time":0.4667,"x":1,"y":1}]},"4":{"rotate":[{"time":0,"angle":0,"curve":"stepped"},{"time":0.4667,"angle":0}],"translate":[{"time":0,"x":0,"y":0,"curve":"stepped"},{"time":0.4667,"x":0,"y":0}],"scale":[{"time":0,"x":1,"y":1,"curve":"stepped"},{"time":0.4667,"x":1,"y":1}]},"6":{"rotate":[{"time":0,"angle":0,"curve":"stepped"},{"time":0.4667,"angle":0}],"translate":[{"time":0,"x":0,"y":0,"curve":"stepped"},{"time":0.4667,"x":0,"y":0}],"scale":[{"time":0,"x":1,"y":1,"curve":"stepped"},{"time":0.4667,"x":1,"y":1}]},"7":{"rotate":[{"time":0,"angle":0,"curve":"stepped"},{"time":0.4667,"angle":0}],"translate":[{"time":0,"x":0,"y":0,"curve":"stepped"},{"time":0.4667,"x":0,"y":0}],"scale":[{"time":0,"x":1,"y":1,"curve":"stepped"},{"time":0.4667,"x":1,"y":1}]},"8":{"rotate":[{"time":0,"angle":0,"curve":"stepped"},{"time":0.4667,"angle":0}],"translate":[{"time":0,"x":0,"y":0,"curve":"stepped"},{"time":0.4667,"x":0,"y":0}],"scale":[{"time":0,"x":1,"y":1,"curve":"stepped"},{"time":0.4667,"x":1,"y":1}]},"9":{"rotate":[{"time":0,"angle":0,"curve":"stepped"},{"time":0.2333,"angle":0,"curve":"stepped"},{"time":0.4667,"angle":0}],"translate":[{"time":0,"x":0,"y":0,"curve":"stepped"},{"time":0.2333,"x":0,"y":0,"curve":"stepped"},{"time":0.4667,"x":0,"y":0}],"scale":[{"time":0,"x":1,"y":1,"curve":"stepped"},{"time":0.2333,"x":1,"y":1,"curve":"stepped"},{"time":0.4667,"x":1,"y":1}]},"10":{"rotate":[{"time":0,"angle":0,"curve":"stepped"},{"time":0.4667,"angle":0}],"translate":[{"time":0,"x":0,"y":0,"curve":"stepped"},{"time":0.4667,"x":0,"y":0}],"scale":[{"time":0,"x":1,"y":1,"curve":"stepped"},{"time":0.4667,"x":1,"y":1}]}},"drawOrder":[{"time":0},{"time":0.2333},{"time":0.4667}]}}}