{"skeleton":{"hash":"OhqwhGIiLRzARakTeGSd7bR8hNU","spine":"3.6.52","width":1285.06,"height":766,"images":"./images/"},"bones":[{"name":"root"},{"name":"bone","parent":"root"},{"name":"faguang","parent":"bone","x":579.16,"y":-67.3},{"name":"faguang2","parent":"bone","x":-592.12,"y":-67.3,"scaleX":-1}],"slots":[{"name":"faguang","bone":"faguang","attachment":"faguang"},{"name":"faguang2","bone":"faguang2","attachment":"faguang"}],"skins":{"default":{"faguang":{"faguang":{"x":19.39,"y":19.36,"width":75,"height":766}},"faguang2":{"faguang":{"x":19.39,"y":19.36,"width":75,"height":766}}}},"animations":{"animation":{"slots":{"faguang":{"color":[{"time":0,"color":"ffffffff"},{"time":0.8333,"color":"ffffff00"},{"time":1.6667,"color":"ffffffff"}],"attachment":[{"time":0,"name":"faguang"},{"time":1.6667,"name":"faguang"}]},"faguang2":{"color":[{"time":0,"color":"ffffffff"},{"time":0.8333,"color":"ffffff00"},{"time":1.6667,"color":"ffffffff"}],"attachment":[{"time":0,"name":"faguang"},{"time":1.6667,"name":"faguang"}]}},"bones":{"faguang":{"rotate":[{"time":0,"angle":0,"curve":"stepped"},{"time":1.6667,"angle":0}],"translate":[{"time":0,"x":0,"y":0,"curve":"stepped"},{"time":1.6667,"x":0,"y":0}],"scale":[{"time":0,"x":1,"y":0.98,"curve":"stepped"},{"time":1.6667,"x":1,"y":0.98}]},"faguang2":{"rotate":[{"time":0,"angle":0,"curve":"stepped"},{"time":1.6667,"angle":0}],"translate":[{"time":0,"x":0,"y":0,"curve":"stepped"},{"time":1.6667,"x":0,"y":0}],"scale":[{"time":0,"x":1,"y":0.98,"curve":"stepped"},{"time":1.6667,"x":1,"y":0.98}]}}}}}