{"skeleton":{"hash":"OFbGgYb3hIW9ZJtI1mA5u+rvgSQ","spine":"3.6.53","width":1013.76,"height":470.74,"images":"./images/"},"bones":[{"name":"root"},{"name":"bone","parent":"root","x":28.23,"y":98.65,"scaleX":0.49,"scaleY":0.49},{"name":"feiji","parent":"bone","x":898.22,"y":104.62},{"name":"feiji2","parent":"bone","x":49.9,"y":225.63},{"name":"shanye1","parent":"feiji","x":-292.33,"y":57.6},{"name":"yan","parent":"bone","length":743.56,"rotation":-145.91,"x":1818.01,"y":195.62,"scaleX":0.77,"scaleY":0.77},{"name":"yan2","parent":"bone","length":743.56,"rotation":-145.91,"x":804.72,"y":603.45,"scaleX":0.517,"scaleY":0.517}],"slots":[{"name":"feiji2","bone":"feiji2","attachment":"feiji2"},{"name":"yan","bone":"yan","attachment":"yan"},{"name":"yan2","bone":"yan2","attachment":"yan"},{"name":"feiji","bone":"feiji","attachment":"feiji"},{"name":"shanye1","bone":"shanye1","attachment":"shanye1"},{"name":"shanye2","bone":"shanye1"}],"skins":{"default":{"feiji":{"feiji":{"x":162.43,"y":-19.59,"scaleX":3.669,"scaleY":3.669,"width":339,"height":196}},"feiji2":{"feiji2":{"x":2.15,"y":-9.26,"width":400,"height":225}},"shanye1":{"shanye1":{"x":13.77,"y":-8.38,"width":328,"height":586},"shanye2":{"x":32.66,"y":-4.95,"width":482,"height":227}},"yan":{"yan":{"x":348.75,"y":-10.16,"scaleX":0.307,"scaleY":1.089,"rotation":178.33,"width":2767,"height":229}},"yan2":{"yan":{"x":348.75,"y":-10.16,"scaleX":0.307,"scaleY":1.217,"rotation":178.33,"width":2767,"height":229}}}},"animations":{"animation":{"slots":{"feiji":{"color":[{"time":0,"color":"ffffffff"}],"attachment":[{"time":0,"name":"feiji"}]},"feiji2":{"color":[{"time":0,"color":"ffffffff","curve":[0.25,0,0.75,1]},{"time":0.5333,"color":"ffffff00","curve":[0.25,0,0.75,1]},{"time":0.7333,"color":"ffffffff","curve":"stepped"},{"time":0.8333,"color":"ffffffff","curve":"stepped"},{"time":1.1,"color":"ffffffff","curve":"stepped"},{"time":1.1333,"color":"ffffffff","curve":[0.25,0,0.75,1]},{"time":1.2333,"color":"ffffff00"}],"attachment":[{"time":0,"name":null},{"time":0.5333,"name":"feiji2"}]},"shanye1":{"color":[{"time":0,"color":"ffffffff"}],"attachment":[{"time":0,"name":"shanye1"},{"time":0.0333,"name":"shanye2"},{"time":0.0667,"name":"shanye1"},{"time":0.1,"name":"shanye2"},{"time":0.1333,"name":"shanye1"},{"time":0.1667,"name":"shanye2"},{"time":0.2,"name":"shanye1"},{"time":0.2333,"name":"shanye2"},{"time":0.2667,"name":"shanye1"},{"time":0.3,"name":"shanye2"},{"time":0.3333,"name":"shanye1"},{"time":0.3667,"name":"shanye2"},{"time":0.4,"name":"shanye1"},{"time":0.4333,"name":"shanye2"},{"time":0.4667,"name":"shanye1"},{"time":0.5,"name":"shanye2"},{"time":0.5333,"name":"shanye1"},{"time":0.5667,"name":"shanye2"},{"time":0.6,"name":"shanye1"},{"time":0.6333,"name":"shanye2"},{"time":0.6667,"name":"shanye1"},{"time":0.7,"name":"shanye2"},{"time":0.7333,"name":"shanye1"},{"time":0.7667,"name":"shanye2"},{"time":0.8,"name":"shanye1"},{"time":0.8333,"name":"shanye2"},{"time":0.8667,"name":"shanye1"},{"time":0.9,"name":"shanye2"},{"time":0.9333,"name":"shanye1"},{"time":0.9667,"name":"shanye2"},{"time":1,"name":"shanye1"}]},"shanye2":{"color":[{"time":0,"color":"ffffffff"}],"attachment":[{"time":0,"name":null}]},"yan":{"color":[{"time":0,"color":"ffffffff"},{"time":0.1667,"color":"ffffff7b"},{"time":0.3667,"color":"ffffffff"},{"time":0.5667,"color":"ffffff88","curve":[0,0.78,0.75,1]},{"time":0.8333,"color":"ffffff7b"},{"time":1,"color":"ffffff00"}],"attachment":[{"time":0,"name":null},{"time":0.1667,"name":"yan"}]},"yan2":{"color":[{"time":0,"color":"ffffffff"},{"time":0.1667,"color":"ffffff7b"},{"time":0.3667,"color":"ffffffff"},{"time":0.5667,"color":"ffffff88","curve":[0,0.78,0.75,1]},{"time":0.8333,"color":"ffffff7b"},{"time":1,"color":"ffffff00"}],"attachment":[{"time":0,"name":null},{"time":0.1667,"name":"yan"}]}},"bones":{"feiji":{"rotate":[{"time":0,"angle":0}],"translate":[{"time":0,"x":895.3,"y":766.79,"curve":[0,0.87,0.75,1]},{"time":0.5667,"x":-795.12,"y":13.09,"curve":[0,0.57,0.75,1]},{"time":0.8667,"x":-3074.57,"y":-1034.94}],"scale":[{"time":0,"x":0.656,"y":0.656,"curve":[0.25,0,0.75,1]},{"time":0.5667,"x":1.16,"y":1.16,"curve":[0,0.71,0.75,1]},{"time":0.8667,"x":1.39,"y":1.39}]},"shanye1":{"rotate":[{"time":0,"angle":0}],"translate":[{"time":0,"x":0,"y":0}],"scale":[{"time":0,"x":1,"y":1}]},"yan":{"rotate":[{"time":0,"angle":0},{"time":0.8333,"angle":-7.66}],"translate":[{"time":0,"x":761.71,"y":844.88},{"time":0.1667,"x":-584.89,"y":173.9},{"time":0.3667,"x":-144.36,"y":306.97},{"time":0.5667,"x":-655.05,"y":-79.79,"curve":[0,0.49,0.462,0.81]},{"time":0.8333,"x":-1606.33,"y":-626.16},{"time":1,"x":-2890.64,"y":-1254.68}],"scale":[{"time":0,"x":1.019,"y":2.292},{"time":0.1667,"x":0.732,"y":0.805},{"time":0.3667,"x":1.986,"y":1.077},{"time":0.5667,"x":0.906,"y":0.856,"curve":[0,0.78,0.75,1]},{"time":0.8333,"x":2.947,"y":1},{"time":1,"x":0.652,"y":1}]},"yan2":{"rotate":[{"time":0,"angle":0},{"time":0.8333,"angle":-7.66}],"translate":[{"time":0,"x":1107.29,"y":752.36},{"time":0.1667,"x":-344.53,"y":95.94},{"time":0.3667,"x":-321.66,"y":283.78},{"time":0.5667,"x":-799.93,"y":112.73,"curve":[0,0.49,0.462,0.81]},{"time":0.8333,"x":-2277.52,"y":-478.51},{"time":1,"x":-3147.53,"y":-887.19}],"scale":[{"time":0,"x":1.286,"y":2.891},{"time":0.1667,"x":0.732,"y":0.805},{"time":0.3667,"x":2.151,"y":1.089},{"time":0.5667,"x":1.033,"y":0.836,"curve":[0,0.78,0.75,1]},{"time":0.8333,"x":2.947,"y":1},{"time":1,"x":0.897,"y":1}]},"feiji2":{"rotate":[{"time":0,"angle":0,"curve":"stepped"},{"time":0.5333,"angle":0}],"translate":[{"time":0,"x":0.18,"y":-1.84,"curve":[0.25,0,0.75,1]},{"time":0.5333,"x":264.42,"y":-7.42,"curve":[0.25,0,0.75,1]},{"time":0.7333,"x":-56.59,"y":-38.99,"curve":[0.25,0,0.75,1]},{"time":0.8333,"x":-26.34,"y":-23.86,"curve":"stepped"},{"time":1.1,"x":-26.34,"y":-23.86,"curve":"stepped"},{"time":1.1333,"x":-26.34,"y":-23.86,"curve":"stepped"},{"time":1.2333,"x":-26.34,"y":-23.86}],"scale":[{"time":0,"x":1,"y":1,"curve":[0.25,0,0.75,1]},{"time":0.5333,"x":0.766,"y":0.766,"curve":[0.25,0,0.75,1]},{"time":0.7333,"x":1,"y":1,"curve":"stepped"},{"time":0.8333,"x":1,"y":1,"curve":"stepped"},{"time":1.1,"x":1,"y":1,"curve":[0.25,0,0.75,1]},{"time":1.1333,"x":1.101,"y":1.101,"curve":[0.25,0,0.75,1]},{"time":1.2333,"x":4.734,"y":4.734}]}},"drawOrder":[{"time":0},{"time":0.5333}]}}}