{ "listdata": [{"path": "102/res/animation/paixing/", "name": "bairenniuniu_paixing.ExportJson", "md5": "a7f4f68d81c529a75e4ab0d882a893c0"}, 
{"path": "102/res/animation/paixing/", "name": "bairenniuniu_paixing0.plist", "md5": "6a72337604408469fc90266ae2b9ea4a"}, 
{"path": "102/res/animation/paixing/", "name": "bairenniuniu_paixing0.png", "md5": "97e2596bf1500c67d3d27d8facc3df12"}, 
{"path": "102/res/animation/shining/", "name": "bairenniuniu_zhongjiangqushanshuo.ExportJson", "md5": "706869d982b6d4ccb704fd91d8473176"}, 
{"path": "102/res/animation/shining/", "name": "bairenniuniu_zhongjiangqushanshuo0.plist", "md5": "fbb03a4220ff6c33c22fdd5c713fde69"}, 
{"path": "102/res/animation/shining/", "name": "bairenniuniu_zhongjiangqushanshuo0.png", "md5": "2989b7d8968ef03423f7a9fa4cb9bf41"}, 
{"path": "102/res/animation/startbetting/", "name": "bairenniuniu_kaishixiazhu.ExportJson", "md5": "de5be1c19c0d6f87424d2126d0c643e7"}, 
{"path": "102/res/animation/startbetting/", "name": "bairenniuniu_kaishixiazhu0.plist", "md5": "9652ee2d0d3b99e03f8f8627737c1b6e"}, 
{"path": "102/res/animation/startbetting/", "name": "bairenniuniu_kaishixiazhu0.png", "md5": "ffac2d2c94c09f5f34968076b1930058"}, 
{"path": "102/res/", "name": "ApplyListLayer.csb", "md5": "85a5fc6f3d6b0e3036936b8c15bd6efd"}, 
{"path": "102/res/", "name": "BankLayer.csb", "md5": "ceb711cc07926ba3acb8e1d9a2d53fed"}, 
{"path": "102/res/", "name": "bet_chip.plist", "md5": "973185cb3ae9561107868b7970967e5f"}, 
{"path": "102/res/", "name": "bet_chip.png", "md5": "1aef4ba4339867fb635c8699ce22441b"}, 
{"path": "102/res/control/", "name": "adduser_0.png", "md5": "0ef1fee6100a9d5a963e35620a7014d6"}, 
{"path": "102/res/control/", "name": "adduser_1.png", "md5": "538d770d2931177cb249512daa1484c5"}, 
{"path": "102/res/control/", "name": "alladd_0.png", "md5": "9ab268cde2c55fcb924cf510ba6bf234"}, 
{"path": "102/res/control/", "name": "alladd_1.png", "md5": "0513447b6047470e91eeff8fe864cb5b"}, 
{"path": "102/res/control/", "name": "alllosewin_0.png", "md5": "07e238ae7636556ae73d0de3c7e00ed7"}, 
{"path": "102/res/control/", "name": "alllosewin_1.png", "md5": "1436b43aff40272505e8d0c359b9f1a8"}, 
{"path": "102/res/control/", "name": "androidbg.png", "md5": "e372c17f7387b41b1f34c3a582ff6800"}, 
{"path": "102/res/control/", "name": "androidChatbg.png", "md5": "1fb42971128dd3ae9b784bbaa7de9efd"}, 
{"path": "102/res/control/", "name": "androidname.png", "md5": "50ad999aec1cd1c8a250683c2722fc21"}, 
{"path": "102/res/control/", "name": "androidnick.png", "md5": "584f0189ac94b079773bacde63b3f018"}, 
{"path": "102/res/control/", "name": "androidUpbanker_0.png", "md5": "76e7ce48c35516b9debba4c69e718efc"}, 
{"path": "102/res/control/", "name": "androidUpbanker_1.png", "md5": "b1004a58ba7b9dad2804f2573aa2a427"}, 
{"path": "102/res/control/", "name": "bg.png", "md5": "c857f1ee73c888386c7ae52e75af1b29"}, 
{"path": "102/res/control/", "name": "bgBottom.png", "md5": "e61cd40bda081ed064079a307b6c7826"}, 
{"path": "102/res/control/", "name": "bgControl.png", "md5": "9ef1df5c982482ebf007dc94cf754e19"}, 
{"path": "102/res/control/", "name": "btn_gameid.png", "md5": "694d75707c97ea657da5df9f2e820d79"}, 
{"path": "102/res/control/", "name": "cancel_1.png", "md5": "bd06c29f6c341cf5acf7f2903887f33e"}, 
{"path": "102/res/control/", "name": "cancel_2.png", "md5": "2521ec1b67eb40960b536629428594ef"}, 
{"path": "102/res/control/", "name": "cancel_3.png", "md5": "86d6e5b787880c771132b176f62aea9c"}, 
{"path": "102/res/control/", "name": "chatsend_0.png", "md5": "46f9178bc2544dcbcf67d59cf37a3890"}, 
{"path": "102/res/control/", "name": "chatsend_1.png", "md5": "502a5a94466477502e08d4b1cca28724"}, 
{"path": "102/res/control/", "name": "chiefLose_1.png", "md5": "275ec2d562df8a4ed1fe53b493a49219"}, 
{"path": "102/res/control/", "name": "chiefLose_2.png", "md5": "8d313f4fcb6af2f3e26d45734d4d46ee"}, 
{"path": "102/res/control/", "name": "chiefWin_1.png", "md5": "0d2ca06f08d8896da7adde7b3d82d6fb"}, 
{"path": "102/res/control/", "name": "chiefWin_2.png", "md5": "d4a26920f99c4e7b77d535de3df586d2"}, 
{"path": "102/res/control/", "name": "choose.png", "md5": "f16c24fb96bdbc9dc8df7684572856a4"}, 
{"path": "102/res/control/", "name": "clubsType.png", "md5": "b87a417c39ea684f0420efc5f3be5ea5"}, 
{"path": "102/res/control/", "name": "Clubs_1.png", "md5": "45c561b580202d817210008fb05988fa"}, 
{"path": "102/res/control/", "name": "Clubs_2.png", "md5": "442279bae238be698b38779c567e8a38"}, 
{"path": "102/res/control/", "name": "Controlbg.png", "md5": "35cb9aad09c71617b294bcf176d2df3a"}, 
{"path": "102/res/control/", "name": "controling.png", "md5": "e31fe4c47abe3d2d9163404c78ea5aa1"}, 
{"path": "102/res/control/", "name": "controling_di.png", "md5": "363ba15e8e47c66074eb97c1ee93b9c7"}, 
{"path": "102/res/control/", "name": "controling_huang.png", "md5": "36cc616bdc035632babceb124b388181"}, 
{"path": "102/res/control/", "name": "controling_tian.png", "md5": "2b62a354e79c6143d0cbda9baad15c85"}, 
{"path": "102/res/control/", "name": "controling_zhuanglose.png", "md5": "9ff500361a058f9cc3da43ec8d53be4f"}, 
{"path": "102/res/control/", "name": "controling_zhuangwin.png", "md5": "8576f697f91f3519f3b4e098d52bc3f1"}, 
{"path": "102/res/control/", "name": "controlTime.png", "md5": "87c8b96f97f6c173fb32c4737ddb10b5"}, 
{"path": "102/res/control/", "name": "controlTimesFrame.png", "md5": "fd5ce9ea7aa6fe1ce941937a5e6c3626"}, 
{"path": "102/res/control/", "name": "diamondType.png", "md5": "76195bc9404756ccf4054b4dab17dc8c"}, 
{"path": "102/res/control/", "name": "diamond_1.png", "md5": "9a389f1ac2a521c4aeada00f21e53fb7"}, 
{"path": "102/res/control/", "name": "diamond_2.png", "md5": "f0f6e4c1ac53dd006a605bdbd164d655"}, 
{"path": "102/res/control/", "name": "di_0.png", "md5": "a700d8535e1a2a372d28268990a68c1a"}, 
{"path": "102/res/control/", "name": "di_1.png", "md5": "bf3eb144a6ba83a05ad9961c190ed906"}, 
{"path": "102/res/control/", "name": "dropDownBg.png", "md5": "1140eaac1ca5257766a2fe5452bc959c"}, 
{"path": "102/res/control/", "name": "execute_1.png", "md5": "97308dbcc191da74e5924141101f0bba"}, 
{"path": "102/res/control/", "name": "execute_2.png", "md5": "4014fec1cba30400c8c821478d61ca4e"}, 
{"path": "102/res/control/", "name": "execute_3.png", "md5": "3b374cd7f035c4344c556e3789dfac26"}, 
{"path": "102/res/control/", "name": "exit.png", "md5": "6201c149dd93e615dfcb446226e7144d"}, 
{"path": "102/res/control/", "name": "exit_1.png", "md5": "e1d71453d18a852b4fd1ba3ac9333e87"}, 
{"path": "102/res/control/", "name": "freeTime.png", "md5": "f9260bb6cd92c3306bc194a48cd94260"}, 
{"path": "102/res/control/", "name": "Game ID.png", "md5": "3e4e81a3b06129a91124da90a77cff66"}, 
{"path": "102/res/control/", "name": "game.png", "md5": "2cafd0641056b0c3245788aba690bb08"}, 
{"path": "102/res/control/", "name": "hang.png", "md5": "0520c223535ca5fd6208efd939e06a26"}, 
{"path": "102/res/control/", "name": "hearts_1.png", "md5": "8b44162d236e48fb1dfc60694a1ada58"}, 
{"path": "102/res/control/", "name": "hearts_2.png", "md5": "917854658b1793d973ff839823cb3ee4"}, 
{"path": "102/res/control/", "name": "heartType.png", "md5": "65b7fe0c07f5a4728e384495b36800cb"}, 
{"path": "102/res/control/", "name": "huang.png", "md5": "f267477f81822bbced454fbb786bf9f2"}, 
{"path": "102/res/control/", "name": "huang_0.png", "md5": "8be1434ff8150287fe0a622a7561ae31"}, 
{"path": "102/res/control/", "name": "huang_1.png", "md5": "f9d567693fcaa5882322a2c931a19420"}, 
{"path": "102/res/control/", "name": "losewin_0.png", "md5": "79517b64cce85cd7da1cb0187b1b7a2a"}, 
{"path": "102/res/control/", "name": "losewin_1.png", "md5": "4489a68bddf718b15d6feacbfe8523d6"}, 
{"path": "102/res/control/", "name": "menu_control.png", "md5": "96ac5e18648f6bfb86b31d5d5ae98d80"}, 
{"path": "102/res/control/", "name": "NoControlArea.png", "md5": "bc5360b42e8ad80675aa9d2d191515f5"}, 
{"path": "102/res/control/", "name": "NoControlTimes.png", "md5": "ed31e767efbf9eec18de415300fbcb9a"}, 
{"path": "102/res/control/", "name": "num.png", "md5": "3150c5a8406ad6bc59c5fe0c7f54ef93"}, 
{"path": "102/res/control/", "name": "openAward.png", "md5": "7c3af76acb2a5009cc7d96a7d1df3d8c"}, 
{"path": "102/res/control/", "name": "operation.png", "md5": "f9b960520c3efd7ab21fa77e56284097"}, 
{"path": "102/res/control/", "name": "peishidel_0.png", "md5": "a1759f817071805f15e7453187d63a95"}, 
{"path": "102/res/control/", "name": "peishidel_1.png", "md5": "f28faec21f3a70fcd407f1f2019f6fc4"}, 
{"path": "102/res/control/", "name": "pleaseBet.png", "md5": "4c0ed5e70762b8c4e5b8dce27ee9a9ea"}, 
{"path": "102/res/control/", "name": "spadesType.png", "md5": "c8d6414a1eaa7e5afb8b3047fc3f6d24"}, 
{"path": "102/res/control/", "name": "Spades_1.png", "md5": "e1f50b0f5bf03a818702b41fe8e6e028"}, 
{"path": "102/res/control/", "name": "Spades_2.png", "md5": "82c209629b3fd0f4ee300b59e418b0a4"}, 
{"path": "102/res/control/", "name": "text_field_space.png", "md5": "010f215d91e246170376b5be66f70b31"}, 
{"path": "102/res/control/", "name": "tian.png", "md5": "827f5d7ca92e834a6197388b70ff0255"}, 
{"path": "102/res/control/", "name": "tian_0.png", "md5": "4858229404b2fa396b11bac57e9051ad"}, 
{"path": "102/res/control/", "name": "tian_1.png", "md5": "f6a9439b96e501bc53048394c7e13b33"}, 
{"path": "102/res/control/", "name": "timebg.png", "md5": "6be623e911ec409e73220a0bdd1f388a"}, 
{"path": "102/res/control/", "name": "tip.png", "md5": "83e55eb81bf0ee73c7007d76ab9612e5"}, 
{"path": "102/res/control/", "name": "userbg.png", "md5": "0ed98b6d1fb0616852c0ef31e3b68893"}, 
{"path": "102/res/control/", "name": "userlist.png", "md5": "4fedcab8691f54551fd5220f7961207b"}, 
{"path": "102/res/control/", "name": "xiushi.png", "md5": "35e3eaaa431c0a06ae733cbac7f0e6ac"}, 
{"path": "102/res/control/", "name": "xuan.png", "md5": "69910d5572198cc76a2a0c91e1e64f12"}, 
{"path": "102/res/control/", "name": "xuanzhong.png", "md5": "b66874d1bba4109c667728bee35951d7"}, 
{"path": "102/res/control/", "name": "xuan_0.png", "md5": "f0eab973fb59dd604fb2bbe2e719c853"}, 
{"path": "102/res/control/", "name": "xuan_1.png", "md5": "02aa5e3e7d44b44b91e828149e5b46da"}, 
{"path": "102/res/control/", "name": "zhuanglose.png", "md5": "a1faa175a119a41b24ed9b24dd46f4c0"}, 
{"path": "102/res/control/", "name": "zhuangwin.png", "md5": "42b091cd023d1b20617cc5ea490d6996"}, 
{"path": "102/res/", "name": "ControlLayer.csb", "md5": "2e698d3cc8824a36e7f8a95081c75638"}, 
{"path": "102/res/font/", "name": "round_body.ttf", "md5": "7b5c98a23993fb67ff9b05eea70ac37c"}, 
{"path": "102/res/", "name": "GameFailed.csb", "md5": "536d2c758558d6e9b319d54fb61e684e"}, 
{"path": "102/res/gamerule/", "name": "brnn.png", "md5": "6a19cd23992794126457966327add164"}, 
{"path": "102/res/gamerule/", "name": "brnn1.png", "md5": "f645b904cd096e6f9187bacc9505049b"}, 
{"path": "102/res/", "name": "GameScene.csb", "md5": "1aefb3471de289464bd675a7c6e6bda7"}, 
{"path": "102/res/", "name": "GameWin.csb", "md5": "71c8e50cb69232eac229fd2adb539136"}, 
{"path": "102/res/image/", "name": "atlas_l1.png", "md5": "73a1463d178bc5c639b6084883597268"}, 
{"path": "102/res/image/", "name": "atlas_w1.png", "md5": "e9d75541e8c8df9dd221a9de972af4a0"}, 
{"path": "102/res/image/", "name": "Avatar0.png", "md5": "ffea92f8daf8dd9cc861710a92d2fa6b"}, 
{"path": "102/res/image/", "name": "Avatar1.png", "md5": "081f53c35ed2d755c5d5d4738aed9163"}, 
{"path": "102/res/image/", "name": "Avatar2.png", "md5": "5901fc8604b7b512b6f88e87c46accf7"}, 
{"path": "102/res/image/", "name": "Avatar3.png", "md5": "38508f278280afe121a81cc8dcb5bb9c"}, 
{"path": "102/res/image/", "name": "Avatar4.png", "md5": "a6a1017ea1e4ffa1b65035bfcdad4283"}, 
{"path": "102/res/image/", "name": "Avatar5.png", "md5": "29f6521957cbae8c97dbeb967426f165"}, 
{"path": "102/res/image/", "name": "Avatar6.png", "md5": "81d8c8d769dd6eff24d63d1d221ca21b"}, 
{"path": "102/res/image/", "name": "Avatar7.png", "md5": "f580cb266d7fda1d384ca93b6207e2c8"}, 
{"path": "102/res/image/", "name": "Avatar8.png", "md5": "986ca2827af73cce931fb345e09e5600"}, 
{"path": "102/res/image/", "name": "Avatar9.png", "md5": "4ba26fa79c46970eb352cfb42ff29406"}, 
{"path": "102/res/image/", "name": "beijing.png", "md5": "18cf03150a946e4dafabe6d786350e99"}, 
{"path": "102/res/image/", "name": "bet1.png", "md5": "dcc9b5a8a1684eb6b971748ffd48729b"}, 
{"path": "102/res/image/", "name": "bet2.png", "md5": "69569aff35059163d0e11618224be342"}, 
{"path": "102/res/image/", "name": "bet3.png", "md5": "82edf37c880cfb501c1ab3822b544b1a"}, 
{"path": "102/res/image/", "name": "bet4.png", "md5": "c492f190a30590474959aa79b087a036"}, 
{"path": "102/res/image/", "name": "chip_num.png", "md5": "4a96bc7b2fcdd8d32561c2271c0e30a4"}, 
{"path": "102/res/image/", "name": "clocknumber.png", "md5": "784be72a0bee82858928d9b46791d6f2"}, 
{"path": "102/res/image/", "name": "diban.png", "md5": "83eaad6aa3c45d587f31d467813af6d0"}, 
{"path": "102/res/image/", "name": "headfram.png", "md5": "997bc54019e3fdc24f8c37dcbfd2062d"}, 
{"path": "102/res/image/", "name": "img_pxbg.png", "md5": "f51e0ff1629447b7eca01eebdc2b1028"}, 
{"path": "102/res/image/", "name": "jinbishuzi.png", "md5": "a384e99b27744b507bc3415f9466cbcd"}, 
{"path": "102/res/image/", "name": "m_bg.png", "md5": "8ac2d19b12af112ae6b1c839fa2a4924"}, 
{"path": "102/res/image/", "name": "please_bet.png", "md5": "402ec70733bc65ad5a8d43af5e3cd375"}, 
{"path": "102/res/image/", "name": "shuiy10.png", "md5": "1d5b95917b2f4e0a1a426d51c10c860c"}, 
{"path": "102/res/image/", "name": "shuiy5.png", "md5": "97a3cc7254f0349c05afb11f025547e2"}, 
{"path": "102/res/image/", "name": "shuzi3.png", "md5": "7ba97f0fcd26c3ae4d62cf296669901c"}, 
{"path": "102/res/image/", "name": "shuzi4.png", "md5": "78a584ddf31be616e903783e466cf22f"}, 
{"path": "102/res/image/", "name": "stopbetbg.png", "md5": "2192b2265b710964075d7df9cba7151b"}, 
{"path": "102/res/image/", "name": "tingzhixiazhu.png", "md5": "01cfbaa3d0f8aa3f3b41d88af48ea309"}, 
{"path": "102/res/image/", "name": "tipsbg.png", "md5": "3bee3520c795c3fd08716040be74e5a9"}, 
{"path": "102/res/image/", "name": "ui_be_banker_star.png", "md5": "759c8644faed8bd3cb8e2bc90698b57b"}, 
{"path": "102/res/image/", "name": "ui_can_bet_count.png", "md5": "19152ed0731bb7baaef1d031f689ac99"}, 
{"path": "102/res/image/", "name": "ui_chip_bg_1_1.png", "md5": "e0a096f8005de30a940af4e1bd553470"}, 
{"path": "102/res/image/", "name": "ui_chip_bg_1_2.png", "md5": "923520f7b1920b4a61074e0bc0442fdc"}, 
{"path": "102/res/image/", "name": "ui_chip_bg_1_3.png", "md5": "b27be63a5d578bf8f87e4ebb514d1395"}, 
{"path": "102/res/image/", "name": "ui_chip_bg_2_1.png", "md5": "e5e456c89472876bd754b56de91116df"}, 
{"path": "102/res/image/", "name": "ui_chip_bg_2_2.png", "md5": "647328345cdf840bc930556b727b9e1a"}, 
{"path": "102/res/image/", "name": "ui_chip_bg_2_3.png", "md5": "d709c3a390194870bb46705957d93b0f"}, 
{"path": "102/res/image/", "name": "ui_chip_bg_3_1.png", "md5": "fb68ee7aaf7239fd1334a6a34ddd0a08"}, 
{"path": "102/res/image/", "name": "ui_chip_bg_3_2.png", "md5": "4f94f6bd5e59831c53b345f8ec7fe3d8"}, 
{"path": "102/res/image/", "name": "ui_chip_bg_3_3.png", "md5": "221ab9fa1e72a53e632c09732ef19711"}, 
{"path": "102/res/image/", "name": "ui_chip_bg_4_1.png", "md5": "acfb96b7cbb7162fc0999bb1bafc4051"}, 
{"path": "102/res/image/", "name": "ui_chip_bg_4_2.png", "md5": "b68c7615f79eda16949c967c27645ac3"}, 
{"path": "102/res/image/", "name": "ui_chip_bg_4_3.png", "md5": "edfb06a3b6db6aa3e15bcfa026699452"}, 
{"path": "102/res/image/", "name": "ui_chip_bg_5_1.png", "md5": "c328004a553a8eb0574620b8c2c5ab2c"}, 
{"path": "102/res/image/", "name": "ui_chip_bg_5_2.png", "md5": "2fd63bccc804b679e3615b075103b82a"}, 
{"path": "102/res/image/", "name": "ui_chip_bg_5_3.png", "md5": "5c069617dc9214f2fea0cddeae6f3f2a"}, 
{"path": "102/res/image/", "name": "ui_light_2.png", "md5": "9baefa9b39ef929d675a9ac52cf96ec9"}, 
{"path": "102/res/image/", "name": "ui_lose_count.png", "md5": "385d81b34f093f13be79d197b0f170ac"}, 
{"path": "102/res/image/", "name": "ui_win_count.png", "md5": "64f87082964f0e0dc2e522ba6df32737"}, 
{"path": "102/res/image/", "name": "ulist_rank_no.png", "md5": "e30776c9426ae1d0e648f6241b7641c9"}, 
{"path": "102/res/image/", "name": "ulist_shuzi.png", "md5": "827a56d50dbfadbebc73bba615ddb9c6"}, 
{"path": "102/res/image/", "name": "xiazhuang.png", "md5": "d61e034e0a85337a821ff3a438833cb3"}, 
{"path": "102/res/image/", "name": "xiazhuang2.png", "md5": "942a6de70f32e6cc17ea7554436f8998"}, 
{"path": "102/res/image/", "name": "xiuxiyixia.png", "md5": "fe2e865dd6d40bf71e67a4d1aada8364"}, 
{"path": "102/res/image/", "name": "xutou1.png", "md5": "d023f0c5e014a911c742b642a8d694f4"}, 
{"path": "102/res/image/", "name": "xutou2.png", "md5": "b0299e16fa5cb671d1772d090203749c"}, 
{"path": "102/res/image/", "name": "xutou_goldbg.png", "md5": "88d60b1ef18805215c0796d0b7b1dbe3"}, 
{"path": "102/res/image/", "name": "xutou_num.png", "md5": "724ae14940c117779287244acd9518f3"}, 
{"path": "102/res/image/", "name": "zhuozi.png", "md5": "a947db5eda87afad649a7955750d6689"}, 
{"path": "102/res/image/", "name": "zuobian.png", "md5": "9d63dfd68a70cc55c588f2871f2b804d"}, 
{"path": "102/res/image/", "name": "zuobian1.png", "md5": "2e5926ce61a5f3924774359eb0981464"}, 
{"path": "102/res/", "name": "land.txt", "md5": "8bbdbb782d50730c5a2086491392358f"}, 
{"path": "102/res/", "name": "LudanLayer.csb", "md5": "2e0d567070a93807f92723eb9156fe5b"}, 
{"path": "102/res/", "name": "luzi.csb", "md5": "df5a4bd73f2ac48fc67716d52b4f9e24"}, 
{"path": "102/res/", "name": "newbankLayer.csb", "md5": "69cd8b856dc94c1fe0c80351a97a3c98"}, 
{"path": "102/res/", "name": "oxex_rule.csb", "md5": "f463eabb71f638fcec2e13d706c20ac7"}, 
{"path": "102/res/Particle/", "name": "JFCJ007.plist", "md5": "f972ed64d6aa00e6d866f1ce8f017b16"}, 
{"path": "102/res/Particle/", "name": "JFCJ007.png", "md5": "708e1eb558bcb12eb200695ff6c45862"}, 
{"path": "102/res/plist/", "name": "oxbattle_game.plist", "md5": "0f5a36617b530240b353351f80845421"}, 
{"path": "102/res/plist/", "name": "oxbattle_game.png", "md5": "e28490806f49747dbfbcd288b5eb098c"}, 
{"path": "102/res/", "name": "plyerheadNode.csb", "md5": "e7baaf1613bb070813ab7c3a9d9588a1"}, 
{"path": "102/res/", "name": "poker.plist", "md5": "326cf5243d7ab73c4eb12c0378023c89"}, 
{"path": "102/res/", "name": "poker.png", "md5": "2a3e5bb04f4917eff2976d0d2227f82e"}, 
{"path": "102/res/", "name": "questBanker.csb", "md5": "ed3ace6d88aaa92bcd08de30273b1b6e"}, 
{"path": "102/res/", "name": "rankItem.csb", "md5": "756e9f63d66428d6032be75cda740040"}, 
{"path": "102/res/result/", "name": "fang.png", "md5": "84f71b38521f885f2fc7f652d0c4b731"}, 
{"path": "102/res/result/", "name": "he.png", "md5": "f9b5de4397759b40bd16d2ab053cec0f"}, 
{"path": "102/res/result/", "name": "hei.png", "md5": "013c79194db51b5746f258fe646545a0"}, 
{"path": "102/res/result/", "name": "hong.png", "md5": "6e3a02ac0cdde6d7e54352b44cb1fd44"}, 
{"path": "102/res/result/", "name": "hu.png", "md5": "82f5efc9b1dd6c72c2df3b9089a0e58d"}, 
{"path": "102/res/result/", "name": "jiesuankuangditu.png", "md5": "9c7b9cb78c697add3d77fc27825a8c50"}, 
{"path": "102/res/result/", "name": "long.png", "md5": "6383ea21a73739c3fde1c30d4eda06f5"}, 
{"path": "102/res/result/", "name": "losebg.png", "md5": "627b6d4d0ac7f6f66d130caef25c8609"}, 
{"path": "102/res/result/", "name": "loseLayer.csb", "md5": "c4090ad5c9ff5cbbd49156373ce8a46c"}, 
{"path": "102/res/result/", "name": "loseline.png", "md5": "ba737a2187ce801b60d3a5fb1843646e"}, 
{"path": "102/res/result/", "name": "loseshuzi.png", "md5": "7c4e19d633a3e353bd08a658e25925ef"}, 
{"path": "102/res/result/", "name": "mei.png", "md5": "58d0886d2aa055f066d678189f8ab7a9"}, 
{"path": "102/res/result/niyingle_jiekuankuang1/", "name": "niyingle_jiekuankuang1.ExportJson", "md5": "3384c56af8261074f228f118517fc2c5"}, 
{"path": "102/res/result/niyingle_jiekuankuang1/", "name": "niyingle_jiekuankuang10.plist", "md5": "a3491e0fb49006680c0ef6b08c68b510"}, 
{"path": "102/res/result/niyingle_jiekuankuang1/", "name": "niyingle_jiekuankuang10.png", "md5": "4ab9eeb39428bf2efa9d1732410421ba"}, 
{"path": "102/res/result/niyingle_jiekuankuang2/", "name": "niyingle_jiekuankuang2.ExportJson", "md5": "89f61af42bd2b99358a88aff9631d691"}, 
{"path": "102/res/result/niyingle_jiekuankuang2/", "name": "niyingle_jiekuankuang20.plist", "md5": "69f754f8eb82d5598f462ec6be50e17e"}, 
{"path": "102/res/result/niyingle_jiekuankuang2/", "name": "niyingle_jiekuankuang20.png", "md5": "04d7deaace12d55772e199db63d7ca5c"}, 
{"path": "102/res/result/", "name": "winLayer.csb", "md5": "49513bc6b67f6ee110bc65f4a4c2eac4"}, 
{"path": "102/res/result/", "name": "winline.png", "md5": "75ffa561bec1e757a47400bd95810b91"}, 
{"path": "102/res/result/", "name": "winshuzi.png", "md5": "ea8945fda7b1ec2a03d3306443d7883a"}, 
{"path": "102/res/roomlist/", "name": "anniu.png", "md5": "952d263c9f9e3dad1625dc2b5be6a0be"}, 
{"path": "102/res/roomlist/", "name": "bar.png", "md5": "2a30fe2a9dafb38b16a071d0ddd16605"}, 
{"path": "102/res/roomlist/", "name": "bei10.png", "md5": "b36cbb96c355ce0608a25301a19728dd"}, 
{"path": "102/res/roomlist/", "name": "bei5.png", "md5": "11c3992419695fc2972880a6c432a1ac"}, 
{"path": "102/res/roomlist/", "name": "beishu.png", "md5": "47caba8d43767b75a49e14952a84b706"}, 
{"path": "102/res/roomlist/", "name": "chuangqi.png", "md5": "92c275119df5cff087595c84fb508200"}, 
{"path": "102/res/roomlist/", "name": "fang.png", "md5": "8a4c0c142ca39bc17333b04215d3957d"}, 
{"path": "102/res/roomlist/", "name": "fu.png", "md5": "8302746ddfbea18032e3de4d82dabc8d"}, 
{"path": "102/res/roomlist/", "name": "fuhao.png", "md5": "73fda439395cfdf09857d3e9aa499db5"}, 
{"path": "102/res/roomlist/", "name": "hei.png", "md5": "17e2d9a21cc8d68fc62e1078a3a611d8"}, 
{"path": "102/res/roomlist/", "name": "hong.png", "md5": "65246d0ec32d2ddf9a2002af1b023193"}, 
{"path": "102/res/roomlist/", "name": "hongdi.png", "md5": "a4c9217c468f745401cd5778f875ff8b"}, 
{"path": "102/res/roomlist/", "name": "huidi.png", "md5": "6a2bd0fed1d2a254a5434a4041e27518"}, 
{"path": "102/res/roomlist/", "name": "itembg.png", "md5": "3e5d195bcd69b47f8b183f3dfa603d06"}, 
{"path": "102/res/roomlist/", "name": "ludanbg.png", "md5": "8da1f0c5102d9f00c752029a52abe222"}, 
{"path": "102/res/roomlist/", "name": "ludanbg2.png", "md5": "d4806f1a4ee43a0939624018c5078034"}, 
{"path": "102/res/roomlist/", "name": "mei.png", "md5": "deaf863324b66b51ce7d349bbdaf355d"}, 
{"path": "102/res/roomlist/", "name": "resulticon.png", "md5": "66bedd4978d0503580d66399484dcbef"}, 
{"path": "102/res/roomlist/", "name": "rongyao.png", "md5": "b231f5bd3f67014e0a1ab54c69cb9008"}, 
{"path": "102/res/roomlist/", "name": "roomAts.png", "md5": "7555701ed3657fa19303703584ac2e8f"}, 
{"path": "102/res/roomlist/", "name": "roomLayer.csb", "md5": "16ae1d457e26a700d9fa1e166f4365e8"}, 
{"path": "102/res/roomlist/", "name": "sheng.png", "md5": "c40fa14c0ab1d5c996ea225bb3e11454"}, 
{"path": "102/res/roomlist/", "name": "shenglvicon.png", "md5": "1bda89706eacef9c0012bfc68e8579cf"}, 
{"path": "102/res/roomlist/", "name": "xiazhu.png", "md5": "dcba1d77e9412942ff8b1942a9d3bf35"}, 
{"path": "102/res/", "name": "Rule.csb", "md5": "bbd53bb75ca8c4f95bb9b17cc2af022c"}, 
{"path": "102/res/", "name": "SettingLayer.csb", "md5": "d7f5df18f5cbda70d1ce63a7e6e214ca"}, 
{"path": "102/res/", "name": "settings.csb", "md5": "5aff844c131cd8a42e532b2ec88fcb37"}, 
{"path": "102/res/sound_res/", "name": "background.mp3", "md5": "9eef8c297dfa52e084d434ae0555de0e"}, 
{"path": "102/res/sound_res/", "name": "beganjetton.mp3", "md5": "b3d7dff10ac477162e71e6afabca350a"}, 
{"path": "102/res/sound_res/", "name": "beganjetton_vocie.mp3", "md5": "8190e3861223e45f18dc5c7351fab3c5"}, 
{"path": "102/res/sound_res/", "name": "bt_click.wav", "md5": "2164d44dde0c9b168d9b0ebe8fb59c8c"}, 
{"path": "102/res/sound_res/", "name": "changebanker.mp3", "md5": "abd0fe87139246b56de78fa5352799b9"}, 
{"path": "102/res/sound_res/", "name": "choice_score.wav", "md5": "4a3835913e4f9d7716a1f4f17283aa41"}, 
{"path": "102/res/sound_res/", "name": "clickArea.mp3", "md5": "9475a66c0e7e830ef509efc9fe34fa82"}, 
{"path": "102/res/sound_res/", "name": "clickjetton.mp3", "md5": "852bd0241ec5495a982a0013d18c2d5a"}, 
{"path": "102/res/sound_res/", "name": "clockring.mp3", "md5": "2289d760b4eb6323faf9940e63dd000a"}, 
{"path": "102/res/sound_res/", "name": "endjetton.mp3", "md5": "c3b62ce817a1a7ed0f9f7f66c88bcb4f"}, 
{"path": "102/res/sound_res/", "name": "endjetton_vocie.mp3", "md5": "5091f8d417563666ec01411b23f2cf32"}, 
{"path": "102/res/sound_res/", "name": "endjetton_vocie.wav", "md5": "72e6828ab62a1dbee82be6960818f07c"}, 
{"path": "102/res/sound_res/", "name": "endlingdang.mp3", "md5": "d8dd8985b50b9424d74bdc7578f417bc"}, 
{"path": "102/res/sound_res/", "name": "jettonflytoplayer.mp3", "md5": "f8d6a6eb74000335dc0c47246ebe8522"}, 
{"path": "102/res/sound_res/", "name": "jiesuandaliang.mp3", "md5": "23cae905e8bfd4f4e4f13cb202332c5a"}, 
{"path": "102/res/sound_res/", "name": "niu0.mp3", "md5": "ace8e2ee030a65f520f342cd73081589"}, 
{"path": "102/res/sound_res/", "name": "niu1.mp3", "md5": "fe88a69389e131aefca8f6e15d5c3ca6"}, 
{"path": "102/res/sound_res/", "name": "niu10.mp3", "md5": "489650fbb4b39cd14f71b78635099691"}, 
{"path": "102/res/sound_res/", "name": "niu11.mp3", "md5": "328867c1fd44b0e5aeee065b6192bb73"}, 
{"path": "102/res/sound_res/", "name": "niu12.mp3", "md5": "93ac3fcf4f3c62c2fd4286f0546be545"}, 
{"path": "102/res/sound_res/", "name": "niu13.mp3", "md5": "e146581b5112896b3e7a0626615ab74c"}, 
{"path": "102/res/sound_res/", "name": "niu2.mp3", "md5": "4cd071be8e9f18c4f93bb0eb3d2ea378"}, 
{"path": "102/res/sound_res/", "name": "niu3.mp3", "md5": "c649814d95b30c7e6504bc4b149aad6d"}, 
{"path": "102/res/sound_res/", "name": "niu4.mp3", "md5": "3e4cd68cb527e55feca92732c3302e21"}, 
{"path": "102/res/sound_res/", "name": "niu5.mp3", "md5": "2242104dd0b131ac687b5a9ad59fd11b"}, 
{"path": "102/res/sound_res/", "name": "niu6.mp3", "md5": "af03bfe187d021c5c88f145efc362169"}, 
{"path": "102/res/sound_res/", "name": "niu7.mp3", "md5": "55b1b7cf6790183c9f04e2b8fc1e991b"}, 
{"path": "102/res/sound_res/", "name": "niu8.mp3", "md5": "b4260adc8d49da680edf385c4be24901"}, 
{"path": "102/res/sound_res/", "name": "niu9.mp3", "md5": "752348b958736c96af9ee972bd9d084c"}, 
{"path": "102/res/sound_res/", "name": "niu_banklose.mp3", "md5": "686ad0542b6edb2a2a0076c1f5873f51"}, 
{"path": "102/res/sound_res/", "name": "niu_bankwin.mp3", "md5": "8ec385e490f5e19ca5304060097e889f"}, 
{"path": "102/res/sound_res/", "name": "opencard.mp3", "md5": "d82dbbb7a883e7fd9dc8086d9bfbdbe4"}, 
{"path": "102/res/sound_res/", "name": "open_card.wav", "md5": "71c98c32e27524ec7312c59f16bde944"}, 
{"path": "102/res/sound_res/", "name": "resultLose.mp3", "md5": "46bf9aa44d0202629f9634fb21c5ec03"}, 
{"path": "102/res/sound_res/", "name": "resultwin.mp3", "md5": "b8007c758276ebdcb455f9b138d68ab3"}, 
{"path": "102/res/sound_res/", "name": "SEND_CARD.mp3", "md5": "8d92b672b057ad0e208339b4d26c9ec2"}, 
{"path": "102/res/sound_res/", "name": "send_card.wav", "md5": "2164d44dde0c9b168d9b0ebe8fb59c8c"}, 
{"path": "102/res/sound_res/", "name": "shaoliang.mp3", "md5": "08f8e76afee84de58b32261bcc2620c0"}, 
{"path": "102/res/sound_res/", "name": "tablejetton.mp3", "md5": "7951fb40de059fc1de10885cf8ae25fd"}, 
{"path": "102/res/sound_res/", "name": "zhuangjiatuntu.mp3", "md5": "24b37bb7f2d3a77609fd19a574cd6e95"}, 
{"path": "102/res/", "name": "TablePlayerLayer.csb", "md5": "596e4ea9b141d47bd2916066dafb1323"}, 
{"path": "102/res/", "name": "UserItem.csb", "md5": "8d3297b9f1263f8cbf66e922dbb81dd2"}, 
{"path": "102/res/", "name": "userlistLayer.csb", "md5": "6ab69f2a01bea4d22ff6cc498691028b"}, 
{"path": "102/res/wallbill/", "name": "close.png", "md5": "15f5e05e077d8b40186f541e43a726a3"}, 
{"path": "102/res/wallbill/", "name": "closebt.png", "md5": "6374535d1da9737c7edd2ff838fe7a1b"}, 
{"path": "102/res/wallbill/", "name": "di.png", "md5": "1471cca41e5c6ee574b5df0381f6af87"}, 
{"path": "102/res/wallbill/", "name": "hongdi.png", "md5": "4a8402d6ffc11f546ad630522ee0f187"}, 
{"path": "102/res/wallbill/", "name": "ludanbg.png", "md5": "7c66cb996fd3f4d57e5f63ece255258d"}, 
{"path": "102/res/wallbill/", "name": "ludanicon.png", "md5": "d47325fb9aaad1a552b26dbcb9908df8"}, 
{"path": "102/res/wallbill/", "name": "ludankuang.png", "md5": "25ccfc907f616760809acb34c3d5c373"}, 
{"path": "102/res/wallbill/", "name": "ludan_fu.png", "md5": "26fc8f00d647a8367131d37bb00c78e5"}, 
{"path": "102/res/wallbill/", "name": "ludan_sheng.png", "md5": "286cb62d3ce202aff3b8075ff1196fd7"}, 
{"path": "102/res/wallbill/", "name": "ludan_shukuang.png", "md5": "e61a668b9b142bc764374f962224d5c2"}, 
{"path": "102/res/wallbill/", "name": "ludan_zuixin.png", "md5": "9b434a812221bcfa58efce20488713f7"}, 
{"path": "102/res/wallbill/", "name": "luzi.csb", "md5": "36edb57997a215fa325ecdc40ee6953f"}, 
{"path": "102/res/wallbill/", "name": "newdi.png", "md5": "4b586661e0bcbcaab10f53c0705b54c7"}, 
{"path": "102/res/wallbill/", "name": "nowlight.png", "md5": "99d4fcfb7f513cdeb3cff600b0b4d011"}, 
{"path": "102/res/wallbill/", "name": "open1.png", "md5": "f2eef445e65295c8b775ff5f3310c3d1"}, 
{"path": "102/res/wallbill/", "name": "open2.png", "md5": "eb06d0ca4ae7fa945c7d80a3550670bf"}, 
{"path": "102/res/wallbill/", "name": "shenglvicon.png", "md5": "f0fcd2cff42dd281c68fede3e5f624a1"}, 
{"path": "102/res/wallbill/", "name": "winorlosebg.png", "md5": "ad2096e2dafa797358b950a7e6aa1f78"}, 
{"path": "102/src/models/", "name": "CMD_Game.luac", "md5": "baf694cad713584e978a05531f49c012"}, 
{"path": "102/src/models/", "name": "GameFrame.luac", "md5": "b1f6b848c2a7b32438044932f755dd53"}, 
{"path": "102/src/models/", "name": "GameLogic.luac", "md5": "41275fe76b16001c7d7306291b31aaa3"}, 
{"path": "102/src/models/", "name": "Poker.luac", "md5": "ebc71718e1b75967140faeb2649a13a5"}, 
{"path": "102/src/views/", "name": "GameLayer.luac", "md5": "cbc815fa16e93b014f8359235bb9256d"}, 
{"path": "102/src/views/", "name": "GameRoomListLayer.luac", "md5": "3089ebe259041a66e0fa8874d462a855"}, 
{"path": "102/src/views/layer/", "name": "ApplyListLayer.luac", "md5": "1d71fd4d10d9f8735f793774dc0ece48"}, 
{"path": "102/src/views/layer/", "name": "CardSprite.luac", "md5": "ae98ee37a97b85e0f30d5cdb29cb713a"}, 
{"path": "102/src/views/layer/", "name": "ControlLayer.luac", "md5": "a5fbb6c7083cdce63a2b115c7ca1b732"}, 
{"path": "102/src/views/layer/", "name": "GameRecordLayer.luac", "md5": "e3074336b1f7b56a8451c13719752b06"}, 
{"path": "102/src/views/layer/", "name": "GameResultLayer.luac", "md5": "6684b7fddb05ac35d74c5651b61d093f"}, 
{"path": "102/src/views/layer/", "name": "GameViewLayer.luac", "md5": "dd1430c1cfbc3e2038447d3203a8ec92"}, 
{"path": "102/src/views/layer/", "name": "HeadNode.luac", "md5": "c0bcf12f330a07ffe76538255fdb6204"}, 
{"path": "102/src/views/layer/", "name": "ruleLayer.luac", "md5": "e3b5ffe13bc5955b7968fc0bf763c022"}, 
{"path": "102/src/views/layer/", "name": "TablePlayerLayer.luac", "md5": "1e316a091281b9924180b9d6f615b9d2"}, 
{"path": "102/src/views/layer/", "name": "UserItem.luac", "md5": "d2895f13c32f016cf89825b2a7bceec2"}, 
{"path": "102/src/views/layer/", "name": "UserListLayer.luac", "md5": "a15dad2326c19301ca6f89855aa3ad82"}, 
{"path": "102/src/views/", "name": "RoomView.luac", "md5": "bd9d20f0294f1a6c22ee52bc758742ef"}, 
{"path": "102/src/views/", "name": "RoomWallLayer.luac", "md5": "2ea8ff18becac27af83146cc96a2a16a"}, 
{"allcount": 314}]}