{ "listdata": [{"path": "106/res/animation/baijiale_heguandonghua/", "name": "baijiale_heguandonghua.ExportJson", "md5": "20db735a682b1711b50daa913e62a77f"}, 
{"path": "106/res/animation/baijiale_heguandonghua/", "name": "baijiale_heguandonghua0.plist", "md5": "41a6b90e994b643d164194f7fa227f4a"}, 
{"path": "106/res/animation/baijiale_heguandonghua/", "name": "baijiale_heguandonghua0.png", "md5": "916b8a185e32ae06a124c5a97b004367"}, 
{"path": "106/res/animation/longhudou_vsdonghua/", "name": "longhudou_vsdonghua.ExportJson", "md5": "31503ba9356cb86edb2de7027f83cd14"}, 
{"path": "106/res/animation/longhudou_vsdonghua/", "name": "longhudou_vsdonghua0.plist", "md5": "ca708918a4774873b857f542b9811c95"}, 
{"path": "106/res/animation/longhudou_vsdonghua/", "name": "longhudou_vsdonghua0.png", "md5": "61260b688aa9eeb626121dd02dca717a"}, 
{"path": "106/res/animation/startbetting/", "name": "bairenniuniu_kaishixiazhu.ExportJson", "md5": "de5be1c19c0d6f87424d2126d0c643e7"}, 
{"path": "106/res/animation/startbetting/", "name": "bairenniuniu_kaishixiazhu0.plist", "md5": "9652ee2d0d3b99e03f8f8627737c1b6e"}, 
{"path": "106/res/animation/startbetting/", "name": "bairenniuniu_kaishixiazhu0.png", "md5": "ffac2d2c94c09f5f34968076b1930058"}, 
{"path": "106/res/baccaratnew/", "name": "apply_head.png", "md5": "502700c24e603ee6848973c3a411fe28"}, 
{"path": "106/res/baccaratnew/", "name": "baccaratnewGameLayer.csb", "md5": "401bc348f84f60c58f6d569c51a07ab8"}, 
{"path": "106/res/baccaratnew/", "name": "beijing.jpg", "md5": "0d7e94f79b1362b408d8cc754b3ab4ad"}, 
{"path": "106/res/baccaratnew/", "name": "beijing.png", "md5": "d8440cf0207eefc0109e8d1cb33f3a04"}, 
{"path": "106/res/baccaratnew/", "name": "bjlopenbg.png", "md5": "bd5cdd02e2e63800754eb847293eb4c2"}, 
{"path": "106/res/baccaratnew/", "name": "BrifeLuziLayer.csb", "md5": "c8bcd8476489dc37f42da34f252e3b2c"}, 
{"path": "106/res/baccaratnew/", "name": "cardNode.csb", "md5": "cb687fe64a778d83d61a7b8e0c2bb38d"}, 
{"path": "106/res/baccaratnew/", "name": "choumadi.png", "md5": "63a287e0491939fe588badc6043f2566"}, 
{"path": "106/res/baccaratnew/", "name": "choumatai.png", "md5": "7ce16e656010b4893b9d38dda9e1a2f4"}, 
{"path": "106/res/baccaratnew/", "name": "clocknumber.png", "md5": "0d762379fbafd6eebf1ed0a97c8a7916"}, 
{"path": "106/res/baccaratnew/", "name": "close.png", "md5": "96b3a37b4d4f5f813e27436018c854ef"}, 
{"path": "106/res/baccaratnew/", "name": "dikuang.png", "md5": "a9e5aa75b5f5c1a6a45ae8faf3b508a9"}, 
{"path": "106/res/baccaratnew/", "name": "fanhui.png", "md5": "18b1d62185b63dbadae556c16014e9b4"}, 
{"path": "106/res/baccaratnew/", "name": "fanhui1.png", "md5": "865d359c814ef333ed3534b159543c1b"}, 
{"path": "106/res/baccaratnew/", "name": "feimian.png", "md5": "cdb14ded6cc7f0a42010dc71fd79e815"}, 
{"path": "106/res/baccaratnew/", "name": "feimianhui.png", "md5": "5738959e3005ebe5af61089a20292274"}, 
{"path": "106/res/baccaratnew/", "name": "he.png", "md5": "192dd906fa9a8b94f305fa98a17a0b01"}, 
{"path": "106/res/baccaratnew/", "name": "hefaguang.png", "md5": "8282818fd9fcf959289d328170536543"}, 
{"path": "106/res/baccaratnew/", "name": "heikuang.png", "md5": "eaa836025a3d7c89ae072f1e971471e2"}, 
{"path": "106/res/baccaratnew/", "name": "jettonbgbg.png", "md5": "dce308bf51a4f7da5e44e1be6cba7941"}, 
{"path": "106/res/baccaratnew/", "name": "JettonNode.csb", "md5": "2e8d67e56f1386a0453b9e58747682fd"}, 
{"path": "106/res/baccaratnew/", "name": "jin20.png", "md5": "d56f9e5c9cde53bb289479ea73fb1d15"}, 
{"path": "106/res/baccaratnew/", "name": "jinbi.png", "md5": "8081819314281d1f1e59f2ec058c73cb"}, 
{"path": "106/res/baccaratnew/", "name": "jinyin.png", "md5": "d4eaa10e979e0499e3a06ba25e800c20"}, 
{"path": "106/res/baccaratnew/", "name": "jinyin1.png", "md5": "1837778b866603f886777970efca384f"}, 
{"path": "106/res/baccaratnew/", "name": "ludan9.png", "md5": "3727da68fe0b92715838e7fd7fdf450d"}, 
{"path": "106/res/baccaratnew/", "name": "ludandi.png", "md5": "3df73b3f3e034dcc4264399eaaf1cf44"}, 
{"path": "106/res/baccaratnew/", "name": "ludanline.png", "md5": "e7c33b703bc7c62ec28b0eebef2b8963"}, 
{"path": "106/res/baccaratnew/", "name": "ludansm1.png", "md5": "3b0e88d30c62a75069e4c001a8876b57"}, 
{"path": "106/res/baccaratnew/", "name": "ludansm2.png", "md5": "84dd7e4e20cf74daad1266b36e8d6c8b"}, 
{"path": "106/res/baccaratnew/", "name": "LuZiLayer.csb", "md5": "bdf25a9440783d29e0e8e20c52fc7aaa"}, 
{"path": "106/res/baccaratnew/", "name": "meNode.csb", "md5": "5e3933ca5afcfdbda4659255fa59a791"}, 
{"path": "106/res/baccaratnew/", "name": "mian.png", "md5": "fe3f64c07b02c969064e27b2768e7dc1"}, 
{"path": "106/res/baccaratnew/", "name": "mianicon.png", "md5": "0a52db045f6ca773f63e8dd048a09549"}, 
{"path": "106/res/baccaratnew/", "name": "mian_hui.png", "md5": "3eebe0f2f3ef602693bdd267fbe4300d"}, 
{"path": "106/res/baccaratnew/", "name": "openCard.csb", "md5": "6a09e9a83f87f81b33de8f7bf20c2291"}, 
{"path": "106/res/baccaratnew/", "name": "pailu.png", "md5": "c676a654a0ddb8de8b7e6be96fc1aa20"}, 
{"path": "106/res/baccaratnew/", "name": "paixin.png", "md5": "96800cce976f4a6981774c8c772ac8a0"}, 
{"path": "106/res/baccaratnew/", "name": "qingxiazhu.png", "md5": "b16a61d97a54edee2979265645b4def1"}, 
{"path": "106/res/baccaratnew/", "name": "rule1.png", "md5": "6ec7c98a799d4d83e2eed7fd84c66966"}, 
{"path": "106/res/baccaratnew/", "name": "rule1_1.png", "md5": "fa86aa666ce9ffcaa4690eae08b44462"}, 
{"path": "106/res/baccaratnew/", "name": "rule2.png", "md5": "6f7ff7ab57304aa7a4852842f5647387"}, 
{"path": "106/res/baccaratnew/", "name": "rulebg2.png", "md5": "450814a9a80c18dd56fbd5528ca91681"}, 
{"path": "106/res/baccaratnew/", "name": "rulebt1.png", "md5": "6439628d39eb4c6a37b683ce96b755c4"}, 
{"path": "106/res/baccaratnew/", "name": "rulebt2.png", "md5": "b90c3e676d46d145a8c43664e679a85c"}, 
{"path": "106/res/baccaratnew/", "name": "Rule_bjl.csb", "md5": "7d8f038e944049939d24831586335842"}, 
{"path": "106/res/baccaratnew/", "name": "table_bg.png", "md5": "770fdf1c38cd62224c33c6e0e7873334"}, 
{"path": "106/res/baccaratnew/", "name": "table_bg2.png", "md5": "ee0550a9f3a3463ba1ed09067b7ebae9"}, 
{"path": "106/res/baccaratnew/", "name": "tipbg.png", "md5": "6af4ce73f93a036027878075bc466abd"}, 
{"path": "106/res/baccaratnew/", "name": "topsp1.png", "md5": "1921856c75a6ca258a42f1b9ce5f646a"}, 
{"path": "106/res/baccaratnew/", "name": "topsp1_1.png", "md5": "90be7c68b4253f80ca90f829d47df43e"}, 
{"path": "106/res/baccaratnew/", "name": "topsp2.png", "md5": "4db0bcfe78d4acbc42f45a151a4988c4"}, 
{"path": "106/res/baccaratnew/", "name": "topsp2_1.png", "md5": "18ee0c501e6a988624eba6ac50451822"}, 
{"path": "106/res/baccaratnew/", "name": "topsp3.png", "md5": "90ebc597656dd3af2281d191b52eb831"}, 
{"path": "106/res/baccaratnew/", "name": "topsp3_1.png", "md5": "f4464d1c4dfca097489396105b985c31"}, 
{"path": "106/res/baccaratnew/", "name": "topsp4.png", "md5": "36966d56da6db14ab680e51c245860ee"}, 
{"path": "106/res/baccaratnew/", "name": "topsp4_1.png", "md5": "aad6f66f89511f39947a4c4ecb3ea17b"}, 
{"path": "106/res/baccaratnew/", "name": "topsp5.png", "md5": "a5dde6612074ce76f0e9bf676c5aff3a"}, 
{"path": "106/res/baccaratnew/", "name": "topsp5_1.png", "md5": "b7a4bfa020f65fb8907a3759bbc523b7"}, 
{"path": "106/res/baccaratnew/", "name": "toumi.png", "md5": "788d9e7b20fd6d84172135fe63ff0943"}, 
{"path": "106/res/baccaratnew/", "name": "tuoyuan.png", "md5": "e78857510781017f88a630aaf85bb4f1"}, 
{"path": "106/res/baccaratnew/", "name": "vs.png", "md5": "ce0506536ed64c590c59c02c17b82533"}, 
{"path": "106/res/baccaratnew/", "name": "wenhao.png", "md5": "43479b50e63b956776eec7ec5038c06d"}, 
{"path": "106/res/baccaratnew/", "name": "wenhao1.png", "md5": "55178b43f79544602e5de098bfa8f2ae"}, 
{"path": "106/res/baccaratnew/", "name": "xian.png", "md5": "b17c56ce9a252aee93b956e9b8ccf91f"}, 
{"path": "106/res/baccaratnew/", "name": "xianats.png", "md5": "7daaff217bb419121fd0b5e6814b83b7"}, 
{"path": "106/res/baccaratnew/", "name": "xianduifaguang.png", "md5": "3c2fb7df007a36d5a4097a5cb2f9385f"}, 
{"path": "106/res/baccaratnew/", "name": "xianfaguang.png", "md5": "5cf7c748f280dd9e70b0a31d82dc2bdb"}, 
{"path": "106/res/baccaratnew/", "name": "xiangqing.png", "md5": "efaf18e6e4946a373a2cbe38a6ba44e0"}, 
{"path": "106/res/baccaratnew/", "name": "xianyin.png", "md5": "239e5431e659682c2bea1e23b76ded60"}, 
{"path": "106/res/baccaratnew/", "name": "xinyun.png", "md5": "e51f327899c88dca6ce1dcafda3438f9"}, 
{"path": "106/res/baccaratnew/", "name": "xiuxiyixia.png", "md5": "e3daff2d00e34c8901515a3087eda4ee"}, 
{"path": "106/res/baccaratnew/", "name": "xutou1.png", "md5": "d023f0c5e014a911c742b642a8d694f4"}, 
{"path": "106/res/baccaratnew/", "name": "xutou2.png", "md5": "b0299e16fa5cb671d1772d090203749c"}, 
{"path": "106/res/baccaratnew/", "name": "xutou_goldbg.png", "md5": "88d60b1ef18805215c0796d0b7b1dbe3"}, 
{"path": "106/res/baccaratnew/", "name": "xutou_num.png", "md5": "724ae14940c117779287244acd9518f3"}, 
{"path": "106/res/baccaratnew/", "name": "yinliang.png", "md5": "0708390e1bb703bab6ca4fa779c7dfbd"}, 
{"path": "106/res/baccaratnew/", "name": "yinliang1.png", "md5": "6f767f3d0b8c904b9d0645043bd912d2"}, 
{"path": "106/res/baccaratnew/", "name": "yinShuzi.png", "md5": "e1e4d6a39a56c98fd2b2a69bb1032dee"}, 
{"path": "106/res/baccaratnew/", "name": "yizi.png", "md5": "10123288624a881bff856e6a2aa83cca"}, 
{"path": "106/res/baccaratnew/", "name": "yong_di.png", "md5": "bc972ef0620a871a160b188b5f3bd63e"}, 
{"path": "106/res/baccaratnew/", "name": "yong_mian.png", "md5": "4a3af6cda967fc45b72ac41ee46175d7"}, 
{"path": "106/res/baccaratnew/", "name": "yxgz1.png", "md5": "2ad842b1e13aa4908de8c0114420f70e"}, 
{"path": "106/res/baccaratnew/", "name": "yxgz2.png", "md5": "f5325ec6a611ece47a39c47d47747b60"}, 
{"path": "106/res/baccaratnew/", "name": "zaixian.png", "md5": "0707fe75f1b56015b93d3ab371fd656b"}, 
{"path": "106/res/baccaratnew/", "name": "zhuang.png", "md5": "80660400212856871e2353dd5fe5c30b"}, 
{"path": "106/res/baccaratnew/", "name": "zhuangats.png", "md5": "44a4d8ad9671629ae1452d9b4b6a3c54"}, 
{"path": "106/res/baccaratnew/", "name": "zhuangduifaguang.png", "md5": "48251fa558821439315d3ac83a8a9860"}, 
{"path": "106/res/baccaratnew/", "name": "zhuangfaguang.png", "md5": "b9fd2723c7cdaaf19f975c154199bbf4"}, 
{"path": "106/res/baccaratnew/", "name": "zhuangyin.png", "md5": "c81df73d2cd80c897193c3fa03c79626"}, 
{"path": "106/res/", "name": "baccaratnew.txt", "md5": "5f98fca480e3db935283746397d59edb"}, 
{"path": "106/res/", "name": "bet_chip.plist", "md5": "973185cb3ae9561107868b7970967e5f"}, 
{"path": "106/res/", "name": "bet_chip.png", "md5": "1aef4ba4339867fb635c8699ce22441b"}, 
{"path": "106/res/control/", "name": "adduser_0.png", "md5": "0ef1fee6100a9d5a963e35620a7014d6"}, 
{"path": "106/res/control/", "name": "adduser_1.png", "md5": "538d770d2931177cb249512daa1484c5"}, 
{"path": "106/res/control/", "name": "androidbg.png", "md5": "e372c17f7387b41b1f34c3a582ff6800"}, 
{"path": "106/res/control/", "name": "androidChatbg.png", "md5": "1fb42971128dd3ae9b784bbaa7de9efd"}, 
{"path": "106/res/control/", "name": "androidname.png", "md5": "50ad999aec1cd1c8a250683c2722fc21"}, 
{"path": "106/res/control/", "name": "androidnick.png", "md5": "584f0189ac94b079773bacde63b3f018"}, 
{"path": "106/res/control/", "name": "androidUpbanker_0.png", "md5": "76e7ce48c35516b9debba4c69e718efc"}, 
{"path": "106/res/control/", "name": "androidUpbanker_1.png", "md5": "b1004a58ba7b9dad2804f2573aa2a427"}, 
{"path": "106/res/control/", "name": "bgBottom.png", "md5": "155c68c81b03954a8de5142514e32f29"}, 
{"path": "106/res/control/", "name": "btn_contoltimes.png", "md5": "f16c24fb96bdbc9dc8df7684572856a4"}, 
{"path": "106/res/control/", "name": "btn_ping_1.png", "md5": "ba0c3dd63a8faa07611aa0ef32dda743"}, 
{"path": "106/res/control/", "name": "btn_ping_2.png", "md5": "4d1cf8bc946d24d2d896c5befeddffc4"}, 
{"path": "106/res/control/", "name": "btn_run_1.png", "md5": "4014fec1cba30400c8c821478d61ca4e"}, 
{"path": "106/res/control/", "name": "btn_run_2.png", "md5": "4014fec1cba30400c8c821478d61ca4e"}, 
{"path": "106/res/control/", "name": "btn_tdp_1.png", "md5": "d762db7e1dd3054106a2859f3b543929"}, 
{"path": "106/res/control/", "name": "btn_tdp_2.png", "md5": "7bf48d77e15511d5578e8c1be26904c0"}, 
{"path": "106/res/control/", "name": "btn_tip.png", "md5": "d7d31eae7fcabc705c5178129e113baf"}, 
{"path": "106/res/control/", "name": "btn_xiandui_1.png", "md5": "15ccce60d90e41f24c2f4bcfd68f5d1f"}, 
{"path": "106/res/control/", "name": "btn_xiandui_2.png", "md5": "069ec6da2471412ee76023021657ee3b"}, 
{"path": "106/res/control/", "name": "btn_xiantianw_1.png", "md5": "beccca1886e18b8f8f6c031b048e5688"}, 
{"path": "106/res/control/", "name": "btn_xiantianw_2.png", "md5": "ea62925b27d9d1486510a645c60e19bc"}, 
{"path": "106/res/control/", "name": "btn_xian_1.png", "md5": "f2f70c53256f3d2585ef48d2a11ed4a6"}, 
{"path": "106/res/control/", "name": "btn_xian_2.png", "md5": "ecfc1b12680ce4d649afd1e556e0fd25"}, 
{"path": "106/res/control/", "name": "btn_zhuangdui_1.png", "md5": "3e8a30661f9662b98d51940593205439"}, 
{"path": "106/res/control/", "name": "btn_zhuangdui_2.png", "md5": "73c0a735b3b75f44e2b3212811b6cb8b"}, 
{"path": "106/res/control/", "name": "btn_zhuangtw_1.png", "md5": "53c46da0bd523512e01396c6172215c6"}, 
{"path": "106/res/control/", "name": "btn_zhuangtw_2.png", "md5": "9dc6d7737a208ecfba4d26a2d52a9649"}, 
{"path": "106/res/control/", "name": "btn_zhuang_1.png", "md5": "a2537c435ed9f92e21125bb24bbdb0ff"}, 
{"path": "106/res/control/", "name": "btn_zhuang_2.png", "md5": "e158d73d1a80f0706cc0247516cd6483"}, 
{"path": "106/res/control/", "name": "cancel_1.png", "md5": "2521ec1b67eb40960b536629428594ef"}, 
{"path": "106/res/control/", "name": "cancel_2.png", "md5": "2521ec1b67eb40960b536629428594ef"}, 
{"path": "106/res/control/", "name": "chatsend_0.png", "md5": "46f9178bc2544dcbcf67d59cf37a3890"}, 
{"path": "106/res/control/", "name": "chatsend_1.png", "md5": "502a5a94466477502e08d4b1cca28724"}, 
{"path": "106/res/control/", "name": "controlbg.png", "md5": "35cb9aad09c71617b294bcf176d2df3a"}, 
{"path": "106/res/control/", "name": "ControlLayer.csb", "md5": "d657fce987e12d32c0503e2989bf62cf"}, 
{"path": "106/res/control/", "name": "controltimeframe.png", "md5": "fd5ce9ea7aa6fe1ce941937a5e6c3626"}, 
{"path": "106/res/control/", "name": "dropDownBg.png", "md5": "1140eaac1ca5257766a2fe5452bc959c"}, 
{"path": "106/res/control/", "name": "exit.png", "md5": "e1d71453d18a852b4fd1ba3ac9333e87"}, 
{"path": "106/res/control/", "name": "Game ID.png", "md5": "3e4e81a3b06129a91124da90a77cff66"}, 
{"path": "106/res/control/", "name": "hang.png", "md5": "8ab5f2840a51bc0ac17ec8a17db19dde"}, 
{"path": "106/res/control/", "name": "menu_control.png", "md5": "96ac5e18648f6bfb86b31d5d5ae98d80"}, 
{"path": "106/res/control/", "name": "NoControlArea.png", "md5": "bc5360b42e8ad80675aa9d2d191515f5"}, 
{"path": "106/res/control/", "name": "NoControlTimes.png", "md5": "ed31e767efbf9eec18de415300fbcb9a"}, 
{"path": "106/res/control/", "name": "peishidel_0.png", "md5": "a1759f817071805f15e7453187d63a95"}, 
{"path": "106/res/control/", "name": "peishidel_1.png", "md5": "f28faec21f3a70fcd407f1f2019f6fc4"}, 
{"path": "106/res/control/", "name": "scene_tip_1.png", "md5": "f9260bb6cd92c3306bc194a48cd94260"}, 
{"path": "106/res/control/", "name": "timebg.png", "md5": "6be623e911ec409e73220a0bdd1f388a"}, 
{"path": "106/res/control/", "name": "times_image.png", "md5": "87c8b96f97f6c173fb32c4737ddb10b5"}, 
{"path": "106/res/control/", "name": "tip.png", "md5": "83e55eb81bf0ee73c7007d76ab9612e5"}, 
{"path": "106/res/control/", "name": "topBtn.png", "md5": "1570136fe38f54f4331a9a0c54adc73b"}, 
{"path": "106/res/control/", "name": "userbg.png", "md5": "0ed98b6d1fb0616852c0ef31e3b68893"}, 
{"path": "106/res/control/", "name": "userlist.png", "md5": "4fedcab8691f54551fd5220f7961207b"}, 
{"path": "106/res/control/", "name": "xianduizizhixing.png", "md5": "a852f11f3affbfa4411402d5884e23e8"}, 
{"path": "106/res/control/", "name": "xianxuanghzong.png", "md5": "a1faa175a119a41b24ed9b24dd46f4c0"}, 
{"path": "106/res/control/", "name": "xianzhixing.png", "md5": "1739fe04a4efbd8461b2c4a06e705dc3"}, 
{"path": "106/res/control/", "name": "xiushi.png", "md5": "35e3eaaa431c0a06ae733cbac7f0e6ac"}, 
{"path": "106/res/control/", "name": "xuanxianguizi.png", "md5": "e184d4c7b09665a8d225af43f4c43b65"}, 
{"path": "106/res/control/", "name": "zhuangduizixuan.png", "md5": "53db6b6554158757a341319aff60c6a7"}, 
{"path": "106/res/control/", "name": "zhuangduizizhixing.png", "md5": "4c0ff5f7bda6eb19d4188f46d67a9b69"}, 
{"path": "106/res/control/", "name": "zhuangtianzhixing.png", "md5": "23190330c3faae25e5eb2eb2f59d787a"}, 
{"path": "106/res/control/", "name": "zhuangxianzhong.png", "md5": "f619ae7de6c59e4b5f54601d7e42e742"}, 
{"path": "106/res/control/", "name": "zhuangxuan.png", "md5": "42b091cd023d1b20617cc5ea490d6996"}, 
{"path": "106/res/control/", "name": "zhuangzhixing.png", "md5": "ebfa8d39fd962a56d4679f6cf0e13f14"}, 
{"path": "106/res/Default/", "name": "ImageFile.png", "md5": "8b8ddbe2391511ba6e05d975dd2d9dba"}, 
{"path": "106/res/Default/", "name": "TextAtlas.png", "md5": "f80be8acc64da02fb7f2bf9a6cb644e2"}, 
{"path": "106/res/fonts/", "name": "round_body.ttf", "md5": "7b5c98a23993fb67ff9b05eea70ac37c"}, 
{"path": "106/res/image/", "name": "chip_num.png", "md5": "4a96bc7b2fcdd8d32561c2271c0e30a4"}, 
{"path": "106/res/image/", "name": "clocknumber.png", "md5": "0d762379fbafd6eebf1ed0a97c8a7916"}, 
{"path": "106/res/image/", "name": "game_ludan1_ping.png", "md5": "f82350f7176cf68a5f2447d7b5e17707"}, 
{"path": "106/res/image/", "name": "game_ludan1_xian.png", "md5": "4d475afbdf8f4dfe0fd2808959bf48fe"}, 
{"path": "106/res/image/", "name": "game_ludan1_zhuang.png", "md5": "d08e0d9a578bb107c65dfc04acab6567"}, 
{"path": "106/res/image/", "name": "game_ludan2_ping.png", "md5": "de31588d33249bdd1c8ae688024a2441"}, 
{"path": "106/res/image/", "name": "game_ludan2_xian.png", "md5": "eea564091346d7e6d8e51b805cb7329d"}, 
{"path": "106/res/image/", "name": "game_ludan2_zhuang.png", "md5": "b388252d649f76aac5e6bc3482e559f4"}, 
{"path": "106/res/image/", "name": "luzi_long.png", "md5": "fca306aec941f7ca15b98b34e7311fbe"}, 
{"path": "106/res/image/", "name": "lz_black.png", "md5": "a9c1c21d021b26fd410352614b385798"}, 
{"path": "106/res/image/", "name": "qingxiazhu.png", "md5": "b16a61d97a54edee2979265645b4def1"}, 
{"path": "106/res/image/", "name": "record_he.png", "md5": "e795678059deafdcc158682ba61cd811"}, 
{"path": "106/res/image/", "name": "record_xian.png", "md5": "3d0fbf17236033760b578e60ebaa490f"}, 
{"path": "106/res/image/", "name": "record_zhuang.png", "md5": "fca306aec941f7ca15b98b34e7311fbe"}, 
{"path": "106/res/image/", "name": "room_chipbg.png", "md5": "a9c1c21d021b26fd410352614b385798"}, 
{"path": "106/res/image/", "name": "shuzi3.png", "md5": "7ba97f0fcd26c3ae4d62cf296669901c"}, 
{"path": "106/res/image/", "name": "shuzi4.png", "md5": "78a584ddf31be616e903783e466cf22f"}, 
{"path": "106/res/image/", "name": "stopbetbg.png", "md5": "2192b2265b710964075d7df9cba7151b"}, 
{"path": "106/res/image/", "name": "tingzhixiazhu.png", "md5": "01cfbaa3d0f8aa3f3b41d88af48ea309"}, 
{"path": "106/res/image/", "name": "topsp1.png", "md5": "1921856c75a6ca258a42f1b9ce5f646a"}, 
{"path": "106/res/image/", "name": "topsp1_1.png", "md5": "90be7c68b4253f80ca90f829d47df43e"}, 
{"path": "106/res/image/", "name": "topsp2.png", "md5": "4db0bcfe78d4acbc42f45a151a4988c4"}, 
{"path": "106/res/image/", "name": "topsp2_1.png", "md5": "18ee0c501e6a988624eba6ac50451822"}, 
{"path": "106/res/image/", "name": "topsp3.png", "md5": "90ebc597656dd3af2281d191b52eb831"}, 
{"path": "106/res/image/", "name": "topsp3_1.png", "md5": "f4464d1c4dfca097489396105b985c31"}, 
{"path": "106/res/image/", "name": "topsp4.png", "md5": "36966d56da6db14ab680e51c245860ee"}, 
{"path": "106/res/image/", "name": "topsp4_1.png", "md5": "aad6f66f89511f39947a4c4ecb3ea17b"}, 
{"path": "106/res/image/", "name": "topsp5.png", "md5": "a5dde6612074ce76f0e9bf676c5aff3a"}, 
{"path": "106/res/image/", "name": "topsp5_1.png", "md5": "b7a4bfa020f65fb8907a3759bbc523b7"}, 
{"path": "106/res/image/", "name": "ui_chip_bg_1_1.png", "md5": "e0a096f8005de30a940af4e1bd553470"}, 
{"path": "106/res/image/", "name": "ui_chip_bg_1_2.png", "md5": "923520f7b1920b4a61074e0bc0442fdc"}, 
{"path": "106/res/image/", "name": "ui_chip_bg_1_3.png", "md5": "b27be63a5d578bf8f87e4ebb514d1395"}, 
{"path": "106/res/image/", "name": "ui_chip_bg_2_1.png", "md5": "e5e456c89472876bd754b56de91116df"}, 
{"path": "106/res/image/", "name": "ui_chip_bg_2_2.png", "md5": "647328345cdf840bc930556b727b9e1a"}, 
{"path": "106/res/image/", "name": "ui_chip_bg_2_3.png", "md5": "d709c3a390194870bb46705957d93b0f"}, 
{"path": "106/res/image/", "name": "ui_chip_bg_3_1.png", "md5": "fb68ee7aaf7239fd1334a6a34ddd0a08"}, 
{"path": "106/res/image/", "name": "ui_chip_bg_3_2.png", "md5": "4f94f6bd5e59831c53b345f8ec7fe3d8"}, 
{"path": "106/res/image/", "name": "ui_chip_bg_3_3.png", "md5": "221ab9fa1e72a53e632c09732ef19711"}, 
{"path": "106/res/image/", "name": "ui_chip_bg_4_1.png", "md5": "acfb96b7cbb7162fc0999bb1bafc4051"}, 
{"path": "106/res/image/", "name": "ui_chip_bg_4_2.png", "md5": "b68c7615f79eda16949c967c27645ac3"}, 
{"path": "106/res/image/", "name": "ui_chip_bg_4_3.png", "md5": "edfb06a3b6db6aa3e15bcfa026699452"}, 
{"path": "106/res/image/", "name": "ui_chip_bg_5_1.png", "md5": "c328004a553a8eb0574620b8c2c5ab2c"}, 
{"path": "106/res/image/", "name": "ui_chip_bg_5_2.png", "md5": "2fd63bccc804b679e3615b075103b82a"}, 
{"path": "106/res/image/", "name": "ui_chip_bg_5_3.png", "md5": "5c069617dc9214f2fea0cddeae6f3f2a"}, 
{"path": "106/res/image/", "name": "ui_lose_count.png", "md5": "385d81b34f093f13be79d197b0f170ac"}, 
{"path": "106/res/image/", "name": "ui_win_count.png", "md5": "64f87082964f0e0dc2e522ba6df32737"}, 
{"path": "106/res/image/", "name": "ui_xian_bg.png", "md5": "17972ed6307d80647f936bdafecbecb9"}, 
{"path": "106/res/image/", "name": "ulist_rank_no.png", "md5": "e30776c9426ae1d0e648f6241b7641c9"}, 
{"path": "106/res/image/", "name": "ulist_shuzi.png", "md5": "827a56d50dbfadbebc73bba615ddb9c6"}, 
{"path": "106/res/image/", "name": "xiuxiyixia.png", "md5": "fe2e865dd6d40bf71e67a4d1aada8364"}, 
{"path": "106/res/image/", "name": "xutou_num.png", "md5": "724ae14940c117779287244acd9518f3"}, 
{"path": "106/res/Particle/", "name": "JFCJ007.plist", "md5": "f972ed64d6aa00e6d866f1ce8f017b16"}, 
{"path": "106/res/Particle/", "name": "JFCJ007.png", "md5": "708e1eb558bcb12eb200695ff6c45862"}, 
{"path": "106/res/plist/", "name": "onlinelist.plist", "md5": "5900b7d2c038c5dc422195f647a90f02"}, 
{"path": "106/res/plist/", "name": "onlinelist.png", "md5": "73bbc35a62a81ac9460cadbdb45db9e4"}, 
{"path": "106/res/plist/", "name": "tableuserItem.plist", "md5": "544209c61a88628c479251e53d215793"}, 
{"path": "106/res/plist/", "name": "tableuserItem.png", "md5": "efcd89ed4572ac4400a928d469483096"}, 
{"path": "106/res/", "name": "poker.plist", "md5": "326cf5243d7ab73c4eb12c0378023c89"}, 
{"path": "106/res/", "name": "poker.png", "md5": "2a3e5bb04f4917eff2976d0d2227f82e"}, 
{"path": "106/res/roomlist/", "name": "bar.png", "md5": "2a30fe2a9dafb38b16a071d0ddd16605"}, 
{"path": "106/res/roomlist/", "name": "bjlroomLayer.csb", "md5": "122193cb7ac353bd0abd94f823e9aff0"}, 
{"path": "106/res/roomlist/", "name": "dalu_1.png", "md5": "6f4c4d2a6833615de4263f9f580868c7"}, 
{"path": "106/res/roomlist/", "name": "dalu_2.png", "md5": "51cb42b84047fe38fdea283210ddae1b"}, 
{"path": "106/res/roomlist/", "name": "dalu_3.png", "md5": "87098dd42d63ddf129e2abcaef7e28cb"}, 
{"path": "106/res/roomlist/", "name": "fuhao.png", "md5": "73fda439395cfdf09857d3e9aa499db5"}, 
{"path": "106/res/roomlist/", "name": "goBtn.png", "md5": "952d263c9f9e3dad1625dc2b5be6a0be"}, 
{"path": "106/res/roomlist/", "name": "ludanbg.png", "md5": "983ef9435290a823a5b1ec9e05064cd4"}, 
{"path": "106/res/roomlist/", "name": "ludanbg2.png", "md5": "dcc408aadb875ebbaaa6733729e5f830"}, 
{"path": "106/res/roomlist/", "name": "ludanbg3.png", "md5": "c1bac137e13dc6c079520727fc231433"}, 
{"path": "106/res/roomlist/", "name": "mianyong.png", "md5": "56c9cbc4299b82142af73c73b36ce745"}, 
{"path": "106/res/roomlist/", "name": "resulticon.png", "md5": "66bedd4978d0503580d66399484dcbef"}, 
{"path": "106/res/roomlist/", "name": "rongyao.png", "md5": "b231f5bd3f67014e0a1ab54c69cb9008"}, 
{"path": "106/res/roomlist/", "name": "roomAts.png", "md5": "7555701ed3657fa19303703584ac2e8f"}, 
{"path": "106/res/roomlist/", "name": "suzi.png", "md5": "7a0bfc16c4f3d9da244ff83e9c32e8ab"}, 
{"path": "106/res/roomlist/", "name": "xiazhu.png", "md5": "dcba1d77e9412942ff8b1942a9d3bf35"}, 
{"path": "106/res/roomlist/", "name": "zunxiang.png", "md5": "a17e3d51d6b75b0aecbe7f82ef911824"}, 
{"path": "106/res/", "name": "SitRoleNode.csb", "md5": "9582c3370c7459cf12a76ea889a29644"}, 
{"path": "106/res/", "name": "SitRoleNode2.csb", "md5": "608b34d4045527569d247dd850467b46"}, 
{"path": "106/res/sound_res/", "name": "background.mp3", "md5": "82e958ac6bdf72501ca2689babd3efa9"}, 
{"path": "106/res/sound_res/", "name": "beganjetton.mp3", "md5": "b3d7dff10ac477162e71e6afabca350a"}, 
{"path": "106/res/sound_res/", "name": "beganjetton_vocie.mp3", "md5": "8190e3861223e45f18dc5c7351fab3c5"}, 
{"path": "106/res/sound_res/", "name": "clickArea.mp3", "md5": "9475a66c0e7e830ef509efc9fe34fa82"}, 
{"path": "106/res/sound_res/", "name": "clickjetton.mp3", "md5": "852bd0241ec5495a982a0013d18c2d5a"}, 
{"path": "106/res/sound_res/", "name": "clockring.mp3", "md5": "2289d760b4eb6323faf9940e63dd000a"}, 
{"path": "106/res/sound_res/", "name": "dui_xian.mp3", "md5": "a4d079b54b8d2eb607c6dfbb0de19a20"}, 
{"path": "106/res/sound_res/", "name": "dui_zhuang.mp3", "md5": "efa67168e3d5606ecc5f9a4e5420f7c0"}, 
{"path": "106/res/sound_res/", "name": "endjetton.mp3", "md5": "c3b62ce817a1a7ed0f9f7f66c88bcb4f"}, 
{"path": "106/res/sound_res/", "name": "endjetton_vocie.mp3", "md5": "5091f8d417563666ec01411b23f2cf32"}, 
{"path": "106/res/sound_res/", "name": "endlingdang.mp3", "md5": "d8dd8985b50b9424d74bdc7578f417bc"}, 
{"path": "106/res/sound_res/", "name": "jettonflytoplayer.mp3", "md5": "f8d6a6eb74000335dc0c47246ebe8522"}, 
{"path": "106/res/sound_res/", "name": "jiesuandaliang.mp3", "md5": "23cae905e8bfd4f4e4f13cb202332c5a"}, 
{"path": "106/res/sound_res/", "name": "opencard.mp3", "md5": "d82dbbb7a883e7fd9dc8086d9bfbdbe4"}, 
{"path": "106/res/sound_res/", "name": "openresult.mp3", "md5": "b275acc1a31565f7406ddd6398c3e169"}, 
{"path": "106/res/sound_res/", "name": "p0.mp3", "md5": "4046f620c88ecdc3391aed0d0d9fb3ce"}, 
{"path": "106/res/sound_res/", "name": "p1.mp3", "md5": "f06010a741de530465edcc5ab26c5de5"}, 
{"path": "106/res/sound_res/", "name": "p2.mp3", "md5": "7dfa7e16a5b7ec6dea7988930d4a1bd8"}, 
{"path": "106/res/sound_res/", "name": "p3.mp3", "md5": "d0d8f89d376127efccd35948e34da55e"}, 
{"path": "106/res/sound_res/", "name": "p4.mp3", "md5": "619ea7977593cbe625d9d1792140bec6"}, 
{"path": "106/res/sound_res/", "name": "p5.mp3", "md5": "daaca8e9a46b71596ff564076268fee7"}, 
{"path": "106/res/sound_res/", "name": "p6.mp3", "md5": "a5d097b0a1c1f3935323c08396c8630d"}, 
{"path": "106/res/sound_res/", "name": "p7.mp3", "md5": "c1b9fc0d4f1387cabe6691d2c0cf6565"}, 
{"path": "106/res/sound_res/", "name": "p8.mp3", "md5": "e01cb3d67bc8f38fbf2d830cafc18af4"}, 
{"path": "106/res/sound_res/", "name": "p9.mp3", "md5": "114d51c557db829f60454671148177ec"}, 
{"path": "106/res/sound_res/", "name": "SEND_CARD.mp3", "md5": "8d92b672b057ad0e208339b4d26c9ec2"}, 
{"path": "106/res/sound_res/", "name": "shaoliang.mp3", "md5": "08f8e76afee84de58b32261bcc2620c0"}, 
{"path": "106/res/sound_res/", "name": "tablejetton.mp3", "md5": "7951fb40de059fc1de10885cf8ae25fd"}, 
{"path": "106/res/sound_res/", "name": "tian_xian.mp3", "md5": "9efe21470fdfd6deded027b6d619a6e1"}, 
{"path": "106/res/sound_res/", "name": "tian_zhuang.mp3", "md5": "c1637104ad88a1c6f2206f86a0a8fb8b"}, 
{"path": "106/res/sound_res/", "name": "win_he.mp3", "md5": "dccc37b39406f457f18f0ffa57c3ef0b"}, 
{"path": "106/res/sound_res/", "name": "win_xian.mp3", "md5": "f8fc7fc8bdc3bce9c6a4dda1f887bc5b"}, 
{"path": "106/res/sound_res/", "name": "win_zhuang.mp3", "md5": "6b4ff37883bc1e7ccf35093d3eabc1f2"}, 
{"path": "106/res/sound_res/", "name": "xianjia.mp3", "md5": "574e0e5e41c6e3e9d52f41ca42066c9d"}, 
{"path": "106/res/sound_res/", "name": "xian_zhui.mp3", "md5": "a1e3afab1090c1a96cb608b763d65450"}, 
{"path": "106/res/sound_res/", "name": "zhuangjia.mp3", "md5": "1ea88b3bb50c8dcb50964a53f3c6037b"}, 
{"path": "106/res/sound_res/", "name": "zhuangjiatuntu.mp3", "md5": "24b37bb7f2d3a77609fd19a574cd6e95"}, 
{"path": "106/res/sound_res/", "name": "zhuang_zhui.mp3", "md5": "c6e9378bf54c8d1cb47acafd71226bbf"}, 
{"path": "106/res/", "name": "UserItem.csb", "md5": "8d3297b9f1263f8cbf66e922dbb81dd2"}, 
{"path": "106/res/", "name": "userlistLayer.csb", "md5": "6ab69f2a01bea4d22ff6cc498691028b"}, 
{"path": "106/res/wallbill/", "name": "1.png", "md5": "12da1aa0083f2e08425a22103b780f2b"}, 
{"path": "106/res/wallbill/", "name": "12-6.png", "md5": "120062926f7ba9bc0cabef14d5a72989"}, 
{"path": "106/res/wallbill/", "name": "15ge.png", "md5": "ce4755184c9108453d5a7a72ce52b968"}, 
{"path": "106/res/wallbill/", "name": "2.png", "md5": "eca71c16840852e8007896375460a977"}, 
{"path": "106/res/wallbill/", "name": "3.png", "md5": "a441cf0aba10edfcf984a048df130c6a"}, 
{"path": "106/res/wallbill/", "name": "30ge.png", "md5": "1e01a8b9d3067006e23eb37bbdbba685"}, 
{"path": "106/res/wallbill/", "name": "30ge1.png", "md5": "8fc3f4412442fc76ee8c560aa2a1191a"}, 
{"path": "106/res/wallbill/", "name": "close.png", "md5": "15f5e05e077d8b40186f541e43a726a3"}, 
{"path": "106/res/wallbill/", "name": "closebt.png", "md5": "6374535d1da9737c7edd2ff838fe7a1b"}, 
{"path": "106/res/wallbill/", "name": "dalu_1.png", "md5": "eb3a9a4b1bea1a513e5c461c9aeffee0"}, 
{"path": "106/res/wallbill/", "name": "dalu_2.png", "md5": "a15f59d78bce6b8d440b5ffbd66a9ed2"}, 
{"path": "106/res/wallbill/", "name": "dalu_3.png", "md5": "f42861b56852d8040f43dd99b7688a1d"}, 
{"path": "106/res/wallbill/", "name": "dian1.png", "md5": "398559736e2b75985823d944b52a3a98"}, 
{"path": "106/res/wallbill/", "name": "dian2.png", "md5": "f0d4f5519539d77135e231f20efcf64e"}, 
{"path": "106/res/wallbill/", "name": "flag1.png", "md5": "eca71c16840852e8007896375460a977"}, 
{"path": "106/res/wallbill/", "name": "flag2.png", "md5": "12da1aa0083f2e08425a22103b780f2b"}, 
{"path": "106/res/wallbill/", "name": "flag3.png", "md5": "a441cf0aba10edfcf984a048df130c6a"}, 
{"path": "106/res/wallbill/", "name": "he.png", "md5": "9504926e852d891c84847b579903db11"}, 
{"path": "106/res/wallbill/", "name": "heixian.png", "md5": "ff17bcf3f71846a5571a2a61acb86a59"}, 
{"path": "106/res/wallbill/", "name": "heixian2.png", "md5": "315c5d1fdb320c2bfb0654876c48b38c"}, 
{"path": "106/res/wallbill/", "name": "ludan.csb", "md5": "021599374512113ca559a72b8b9da959"}, 
{"path": "106/res/wallbill/", "name": "ludandi.png", "md5": "7c66cb996fd3f4d57e5f63ece255258d"}, 
{"path": "106/res/wallbill/", "name": "ludanicon.png", "md5": "5b21f6323f57ea53f4f30786d567ab20"}, 
{"path": "106/res/wallbill/", "name": "ludankuang.png", "md5": "25ccfc907f616760809acb34c3d5c373"}, 
{"path": "106/res/wallbill/", "name": "ludan_logo.png", "md5": "4a86d5f964e7751b64689312b63a2d75"}, 
{"path": "106/res/wallbill/", "name": "open1.png", "md5": "f2eef445e65295c8b775ff5f3310c3d1"}, 
{"path": "106/res/wallbill/", "name": "open2.png", "md5": "eb06d0ca4ae7fa945c7d80a3550670bf"}, 
{"path": "106/res/wallbill/", "name": "pailu.png", "md5": "c676a654a0ddb8de8b7e6be96fc1aa20"}, 
{"path": "106/res/wallbill/", "name": "pailubg.png", "md5": "0690c4b37272937618aa50e74cd02048"}, 
{"path": "106/res/wallbill/", "name": "quan1.png", "md5": "b27e131a90a0bcd30707aea731b2ac47"}, 
{"path": "106/res/wallbill/", "name": "quan2.png", "md5": "eb2eed01a3bd13eabb3604619faea138"}, 
{"path": "106/res/wallbill/", "name": "quan3.png", "md5": "d225269e5b3d9befe3da30f83b814c71"}, 
{"path": "106/res/wallbill/", "name": "subdian1.png", "md5": "79a39bf100cb298e2ec4b80df0259533"}, 
{"path": "106/res/wallbill/", "name": "subdian2.png", "md5": "de939e5cfc60b0eedce763122a317b47"}, 
{"path": "106/res/wallbill/", "name": "tipbg.png", "md5": "6af4ce73f93a036027878075bc466abd"}, 
{"path": "106/res/wallbill/", "name": "xian.png", "md5": "14c362e0a034a93dc75c7a51377db88f"}, 
{"path": "106/res/wallbill/", "name": "xiangqing.png", "md5": "efaf18e6e4946a373a2cbe38a6ba44e0"}, 
{"path": "106/res/wallbill/", "name": "xiaolu1.png", "md5": "a15f59d78bce6b8d440b5ffbd66a9ed2"}, 
{"path": "106/res/wallbill/", "name": "xiaolu2.png", "md5": "eb3a9a4b1bea1a513e5c461c9aeffee0"}, 
{"path": "106/res/wallbill/", "name": "xiaolu3.png", "md5": "f42861b56852d8040f43dd99b7688a1d"}, 
{"path": "106/res/wallbill/", "name": "xie1.png", "md5": "fde1c3c042c19208ae0e7d723ca1d0a5"}, 
{"path": "106/res/wallbill/", "name": "xie2.png", "md5": "c3e810ed1f95414c0497bf791853d29d"}, 
{"path": "106/res/wallbill/", "name": "zhuang.png", "md5": "5b8a253301012ae250e13722b03f31f7"}, 
{"path": "106/res/wallbill/", "name": "zuoxia.png", "md5": "cb17eaca7cccef897c6591ba1c498666"}, 
{"path": "106/res/wallbill/", "name": "zuoxia1.png", "md5": "609af3d4e69a7087f8d8b0316f6067cb"}, 
{"path": "106/src/models/", "name": "bjlGameDefine.luac", "md5": "4ac230394b85c8929b49f9e410794848"}, 
{"path": "106/src/models/", "name": "CMD_Game.luac", "md5": "4ccbf3caba65ee57912f408c63be49d7"}, 
{"path": "106/src/models/", "name": "GameFrame.luac", "md5": "6c1aafab4b59adaa7f82f687549e7f00"}, 
{"path": "106/src/models/", "name": "GameLogic.luac", "md5": "041c38a279637c7a61f21eaeffe3f517"}, 
{"path": "106/src/models/", "name": "Poker.luac", "md5": "6dc8f5003293c9177ff2821274680e15"}, 
{"path": "106/src/views/", "name": "GameLayer.luac", "md5": "71076436e32c2dd9eca24eccbb6efc39"}, 
{"path": "106/src/views/", "name": "GameRoomListLayer.luac", "md5": "3089ebe259041a66e0fa8874d462a855"}, 
{"path": "106/src/views/layer/", "name": "CardSprite.luac", "md5": "a5a0a17c426d25c40882a687c4593344"}, 
{"path": "106/src/views/layer/", "name": "ControlLayer.luac", "md5": "26530b9a75ed8d6dd82f57467bf77555"}, 
{"path": "106/src/views/layer/gamecard/", "name": "CardsNode.luac", "md5": "6f7cc4474338314b89a5204953a76491"}, 
{"path": "106/src/views/layer/gamecard/", "name": "CardSprite.luac", "md5": "7c78ce15a84467a83913f03dc655becc"}, 
{"path": "106/src/views/layer/", "name": "GameCardLayer.luac", "md5": "97e8ae19e9cd51bd11dd92d3331b0785"}, 
{"path": "106/src/views/layer/", "name": "GameRecordLayer.luac", "md5": "78b84ef134686d5aa4421ed7aabb644f"}, 
{"path": "106/src/views/layer/", "name": "GameResultLayer.luac", "md5": "5b93c6b884cc0366743dff9a24566bb2"}, 
{"path": "106/src/views/layer/", "name": "GameViewLayer.luac", "md5": "fe295c913bd3f5d1bc0d443fc01cd949"}, 
{"path": "106/src/views/layer/", "name": "NewGameCardLayer.luac", "md5": "5e20118d8438d1b1f34c169b396d0b90"}, 
{"path": "106/src/views/layer/", "name": "NewWallBillLayer.luac", "md5": "ad305c6570d342964a51f8e46a795d6f"}, 
{"path": "106/src/views/layer/", "name": "ruleLayer.luac", "md5": "445d8ec1c65a72e87f37a0495b40e7b6"}, 
{"path": "106/src/views/layer/", "name": "UserListLayer.luac", "md5": "28352f1122cae2abe60c2793f9719d9c"}, 
{"path": "106/src/views/", "name": "RoomView.luac", "md5": "e28dbeda1fa4b888a9b757d133e1317d"}, 
{"path": "106/src/views/", "name": "RoomWallLayer.luac", "md5": "b97f4d8ccc0fce952ecca59492042f2f"}, 
{"allcount": 352}]}