{ "listdata": [{"path": "111/res/animation/benlunkj/", "name": "benlunkaijiang.atlas", "md5": "9c274d666817a314c54c1dbc39f1203e"}, 
{"path": "111/res/animation/benlunkj/", "name": "benlunkaijiang.json", "md5": "fe176a2ec9ab3d1d87245c6086fdbed5"}, 
{"path": "111/res/animation/benlunkj/", "name": "benlunkaijiang.png", "md5": "21c96a632333d6639a3a4fc820316709"}, 
{"path": "111/res/animation/daojishi/", "name": "daojishi.atlas", "md5": "b881b01958e2d08c087f5b53e19ee752"}, 
{"path": "111/res/animation/daojishi/", "name": "daojishi.json", "md5": "a9186d7a868caee1fc0b14a83cc2aa05"}, 
{"path": "111/res/animation/daojishi/", "name": "daojishi.png", "md5": "9ee8794b4aaca9be7b314d4c8f3a3149"}, 
{"path": "111/res/animation/deng/", "name": "beijingjiantou.atlas", "md5": "49dcf7142146c3204aca5295c9a8dfc3"}, 
{"path": "111/res/animation/deng/", "name": "beijingjiantou.json", "md5": "cfc03e1af47f7cd74a73122aa759dada"}, 
{"path": "111/res/animation/deng/", "name": "beijingjiantou.png", "md5": "54e441b9049c3d5d58292b5817c46f1d"}, 
{"path": "111/res/animation/deng/", "name": "chedeng.atlas", "md5": "c3119fcc28b0ecdf9a096c86bebb040f"}, 
{"path": "111/res/animation/deng/", "name": "chedeng.json", "md5": "2f4b495d2c08d3d5b09fbaf7c4c4c02d"}, 
{"path": "111/res/animation/deng/", "name": "chedeng.png", "md5": "a45a86f0581c3d2d19e30c197c206b69"}, 
{"path": "111/res/animation/dumiao/", "name": "NewAnimation.ExportJson", "md5": "38a93f315f4e8e9a236c04a7506c7615"}, 
{"path": "111/res/animation/dumiao/", "name": "NewAnimation0.plist", "md5": "2846cd6cc2b90150fe115eeee8ff43d7"}, 
{"path": "111/res/animation/dumiao/", "name": "NewAnimation0.png", "md5": "9b595fc17c488d928b8b3dc782fd7c4b"}, 
{"path": "111/res/animation/guanxian/", "name": "faguang.atlas", "md5": "eaa3fe61dcbae92c28891d43e36e5506"}, 
{"path": "111/res/animation/guanxian/", "name": "faguang.json", "md5": "8e5400c007eece32aa466f689f4b9dbd"}, 
{"path": "111/res/animation/guanxian/", "name": "faguang.png", "md5": "dfc620b1f7270cf7d4f0f89cab9cdbb2"}, 
{"path": "111/res/animation/huangjt/", "name": "jiantou.atlas", "md5": "d3355860394b68168f83ecda081b2e21"}, 
{"path": "111/res/animation/huangjt/", "name": "jiantou.json", "md5": "14786386df543463ec7557b7a854635c"}, 
{"path": "111/res/animation/huangjt/", "name": "jiantou.png", "md5": "199bdacd1cc63cc8eebd12906c92c6ee"}, 
{"path": "111/res/animation/startbetting/", "name": "bairenniuniu_kaishixiazhu.ExportJson", "md5": "de5be1c19c0d6f87424d2126d0c643e7"}, 
{"path": "111/res/animation/startbetting/", "name": "bairenniuniu_kaishixiazhu0.plist", "md5": "9652ee2d0d3b99e03f8f8627737c1b6e"}, 
{"path": "111/res/animation/startbetting/", "name": "bairenniuniu_kaishixiazhu0.png", "md5": "ffac2d2c94c09f5f34968076b1930058"}, 
{"path": "111/res/bcbmgame/", "name": "Animal_1.png", "md5": "a0b9d8893bebe4925450ebb8efe0e6b7"}, 
{"path": "111/res/bcbmgame/", "name": "Animal_2.png", "md5": "4140ab7c2c246392919cfadedffbbb6e"}, 
{"path": "111/res/bcbmgame/", "name": "Animal_3.png", "md5": "257231d575b2ca5cdf6ac9b047eded44"}, 
{"path": "111/res/bcbmgame/", "name": "Animal_4.png", "md5": "d3374d6fe008ddd7500cbc76ca376b16"}, 
{"path": "111/res/bcbmgame/", "name": "Animal_5.png", "md5": "fc943d1d5417e06a1a003819bda48840"}, 
{"path": "111/res/bcbmgame/", "name": "Animal_6.png", "md5": "cc1cdd263f8ce573b011fef28e170557"}, 
{"path": "111/res/bcbmgame/", "name": "Animal_7.png", "md5": "81972fedff5bfe44e335c40fba7e8ec7"}, 
{"path": "111/res/bcbmgame/", "name": "Animal_8.png", "md5": "4619778c93db1f9cd27f116ea5cc8e49"}, 
{"path": "111/res/bcbmgame/", "name": "bcbmLayer.csb", "md5": "c58ec18fab2ef9dd1c2f25ac2ada1cdd"}, 
{"path": "111/res/bcbmgame/", "name": "beinum.png", "md5": "c1146a0a1560000b71ed4fe31e377e2a"}, 
{"path": "111/res/bcbmgame/", "name": "BG.jpg", "md5": "a39652198f2977290481b0795c419154"}, 
{"path": "111/res/bcbmgame/", "name": "BG2.png", "md5": "6a0b6ecc212a80c48f05f13d1b02efbc"}, 
{"path": "111/res/bcbmgame/", "name": "bianlan.png", "md5": "81aabe5b2c1c71e708ad6cf521e268a1"}, 
{"path": "111/res/bcbmgame/", "name": "clocknum.png", "md5": "edcf824a594efb2bc7db8be68c68f975"}, 
{"path": "111/res/bcbmgame/", "name": "dengdai.png", "md5": "4703124a91374dfc9ad2981f09c0048e"}, 
{"path": "111/res/bcbmgame/", "name": "diban.png", "md5": "8ac2d19b12af112ae6b1c839fa2a4924"}, 
{"path": "111/res/bcbmgame/", "name": "dongwudi.png", "md5": "edde9e4d3c0d0ea51e71c07b293dfd2e"}, 
{"path": "111/res/bcbmgame/", "name": "faguang.png", "md5": "e1b379344a448d707727253e0020634e"}, 
{"path": "111/res/bcbmgame/", "name": "faguang2.png", "md5": "741ef8fd829b2d8e9c0c2a86b9bb8565"}, 
{"path": "111/res/bcbmgame/", "name": "JettonNode.csb", "md5": "b1cbbed24f58a3357cb3676a1c76c185"}, 
{"path": "111/res/bcbmgame/", "name": "jiesuanshijian.png", "md5": "5a5770398a7f8c76addc3b88cc88c3e9"}, 
{"path": "111/res/bcbmgame/", "name": "jinbidi.png", "md5": "2e54196b67af591ab908ec232336165f"}, 
{"path": "111/res/bcbmgame/", "name": "luckstart.csb", "md5": "7a6229a8d64c5c5a46363b720e4cfb8f"}, 
{"path": "111/res/bcbmgame/", "name": "lucktou.png", "md5": "469d5afe2cd0c1ba8a25482ea37100e0"}, 
{"path": "111/res/bcbmgame/", "name": "luckyicon.png", "md5": "2fdf94b6e7039ec64ca1f7b1979893e3"}, 
{"path": "111/res/bcbmgame/", "name": "meNode.csb", "md5": "c89ba5e328596dde5bd68ed11c0d80e1"}, 
{"path": "111/res/bcbmgame/", "name": "shangzhuangdi.png", "md5": "0e913178a2049863f9e47ad3d7eeab7b"}, 
{"path": "111/res/bcbmgame/", "name": "shijiandi.png", "md5": "7cbe16f08c5c7188a8c3d719cf3625de"}, 
{"path": "111/res/bcbmgame/", "name": "start.png", "md5": "e806156e922d7fdef604d7599fac5868"}, 
{"path": "111/res/bcbmgame/", "name": "touzhuqu.png", "md5": "9e10a2bd8a5db0163d91d93cadf81a41"}, 
{"path": "111/res/bcbmgame/", "name": "touzhuqu2.png", "md5": "9e10a2bd8a5db0163d91d93cadf81a41"}, 
{"path": "111/res/bcbmgame/", "name": "xiazhubaidi.png", "md5": "4290780be757075321553059c2345801"}, 
{"path": "111/res/bcbmgame/", "name": "xiazhushijian.png", "md5": "12b224420c3055b50571f89967c28e2b"}, 
{"path": "111/res/bcbmgame/", "name": "zhuangNode.csb", "md5": "c5e2e2865c623195e19394994e4a9cea"}, 
{"path": "111/res/bcbmgame/", "name": "zhunbeishijian.png", "md5": "3a3c1566cdca69cea38dfa2b48755f76"}, 
{"path": "111/res/", "name": "bet_chip.plist", "md5": "973185cb3ae9561107868b7970967e5f"}, 
{"path": "111/res/", "name": "bet_chip.png", "md5": "1aef4ba4339867fb635c8699ce22441b"}, 
{"path": "111/res/", "name": "bt_close_1.png", "md5": "d0eeef6f7d73180d3648050d58a917f8"}, 
{"path": "111/res/game/", "name": "Animal_1.png", "md5": "a0b9d8893bebe4925450ebb8efe0e6b7"}, 
{"path": "111/res/game/", "name": "Animal_2.png", "md5": "4140ab7c2c246392919cfadedffbbb6e"}, 
{"path": "111/res/game/", "name": "Animal_3.png", "md5": "257231d575b2ca5cdf6ac9b047eded44"}, 
{"path": "111/res/game/", "name": "Animal_4.png", "md5": "d3374d6fe008ddd7500cbc76ca376b16"}, 
{"path": "111/res/game/", "name": "Animal_5.png", "md5": "fc943d1d5417e06a1a003819bda48840"}, 
{"path": "111/res/game/", "name": "Animal_6.png", "md5": "cc1cdd263f8ce573b011fef28e170557"}, 
{"path": "111/res/game/", "name": "Animal_7.png", "md5": "81972fedff5bfe44e335c40fba7e8ec7"}, 
{"path": "111/res/game/", "name": "Animal_8.png", "md5": "4619778c93db1f9cd27f116ea5cc8e49"}, 
{"path": "111/res/game/", "name": "bcbmLayer.csb", "md5": "c79770cc60229704b96a480d08716001"}, 
{"path": "111/res/game/", "name": "beinum.png", "md5": "c1146a0a1560000b71ed4fe31e377e2a"}, 
{"path": "111/res/game/", "name": "BG.jpg", "md5": "a39652198f2977290481b0795c419154"}, 
{"path": "111/res/game/", "name": "BG2.png", "md5": "6a0b6ecc212a80c48f05f13d1b02efbc"}, 
{"path": "111/res/game/", "name": "bianlan.png", "md5": "81aabe5b2c1c71e708ad6cf521e268a1"}, 
{"path": "111/res/game/", "name": "clocknum.png", "md5": "edcf824a594efb2bc7db8be68c68f975"}, 
{"path": "111/res/game/", "name": "dengdai.png", "md5": "4703124a91374dfc9ad2981f09c0048e"}, 
{"path": "111/res/game/", "name": "diban.png", "md5": "8ac2d19b12af112ae6b1c839fa2a4924"}, 
{"path": "111/res/game/", "name": "dongwudi.png", "md5": "edde9e4d3c0d0ea51e71c07b293dfd2e"}, 
{"path": "111/res/game/", "name": "faguang.png", "md5": "e1b379344a448d707727253e0020634e"}, 
{"path": "111/res/game/", "name": "faguang2.png", "md5": "741ef8fd829b2d8e9c0c2a86b9bb8565"}, 
{"path": "111/res/game/", "name": "JettonNode.csb", "md5": "ab8a1e6416dd6f9e6506a868d0412d68"}, 
{"path": "111/res/game/", "name": "jiesuanshijian.png", "md5": "5a5770398a7f8c76addc3b88cc88c3e9"}, 
{"path": "111/res/game/", "name": "jinbidi.png", "md5": "2e54196b67af591ab908ec232336165f"}, 
{"path": "111/res/game/", "name": "luckstart.csb", "md5": "fce8af78c95d59f2a1ae182874fb2a06"}, 
{"path": "111/res/game/", "name": "lucktou.png", "md5": "469d5afe2cd0c1ba8a25482ea37100e0"}, 
{"path": "111/res/game/", "name": "luckyicon.png", "md5": "2fdf94b6e7039ec64ca1f7b1979893e3"}, 
{"path": "111/res/game/", "name": "meNode.csb", "md5": "c89ba5e328596dde5bd68ed11c0d80e1"}, 
{"path": "111/res/game/", "name": "shangzhuangdi.png", "md5": "0e913178a2049863f9e47ad3d7eeab7b"}, 
{"path": "111/res/game/", "name": "shijiandi.png", "md5": "7cbe16f08c5c7188a8c3d719cf3625de"}, 
{"path": "111/res/game/", "name": "start.png", "md5": "e806156e922d7fdef604d7599fac5868"}, 
{"path": "111/res/game/", "name": "touzhuqu.png", "md5": "9e10a2bd8a5db0163d91d93cadf81a41"}, 
{"path": "111/res/game/", "name": "touzhuqu2.png", "md5": "9e10a2bd8a5db0163d91d93cadf81a41"}, 
{"path": "111/res/game/", "name": "xiazhubaidi.png", "md5": "4290780be757075321553059c2345801"}, 
{"path": "111/res/game/", "name": "xiazhushijian.png", "md5": "12b224420c3055b50571f89967c28e2b"}, 
{"path": "111/res/game/", "name": "zhuangNode.csb", "md5": "e01ba4fb0ab4399297d289c447937e49"}, 
{"path": "111/res/game/", "name": "zhunbeishijian.png", "md5": "3a3c1566cdca69cea38dfa2b48755f76"}, 
{"path": "111/res/gamerule/", "name": "longhuname.png", "md5": "6a19cd23992794126457966327add164"}, 
{"path": "111/res/gamerule/", "name": "longhurule.png", "md5": "80215d01a60110bb41b090c024416a99"}, 
{"path": "111/res/game_res/control/", "name": "adduser_0.png", "md5": "9f734b29d5f57654bc6071935fe27883"}, 
{"path": "111/res/game_res/control/", "name": "adduser_1.png", "md5": "16713f08cf5c55d07efb36d55bdb5d2b"}, 
{"path": "111/res/game_res/control/", "name": "androidbg.png", "md5": "74f17b3af10ccd0949604f9ab96ee4b4"}, 
{"path": "111/res/game_res/control/", "name": "androidChatbg.png", "md5": "205e2d71c47fd216010851ab9faf60e7"}, 
{"path": "111/res/game_res/control/", "name": "androidname.png", "md5": "f5a1c5e9c94dc5a7b6e8180fa2a6b22e"}, 
{"path": "111/res/game_res/control/", "name": "androidnick.png", "md5": "9e6e39dbc2aff9582367cab04b204aca"}, 
{"path": "111/res/game_res/control/", "name": "androidUpbanker_0.png", "md5": "653f9fdc258a9f75074f58962cd895d9"}, 
{"path": "111/res/game_res/control/", "name": "androidUpbanker_1.png", "md5": "1dbbbb28dd581f67397c482cb5819b65"}, 
{"path": "111/res/game_res/control/", "name": "baoma_1.png", "md5": "351c9b04666fb8e54adf2777228c7a87"}, 
{"path": "111/res/game_res/control/", "name": "baoma_2.png", "md5": "7c6856af473de5d6f7eb0700346ffe1c"}, 
{"path": "111/res/game_res/control/", "name": "baoshijie_1.png", "md5": "74d8293dcf9d3ce0b447952299de4adb"}, 
{"path": "111/res/game_res/control/", "name": "baoshijie_2.png", "md5": "5a04ecf03cf7bb2c3712fbfb1dd11e43"}, 
{"path": "111/res/game_res/control/", "name": "benchi_1.png", "md5": "aee342d0f8475feaaca0efafa9702d19"}, 
{"path": "111/res/game_res/control/", "name": "benchi_2.png", "md5": "a54d55721ff46aad52b7e2e0e0ef8b62"}, 
{"path": "111/res/game_res/control/", "name": "bg.png", "md5": "c1d47de883f517c9412d26d1a281b9f1"}, 
{"path": "111/res/game_res/control/", "name": "bgBottom.png", "md5": "8e99508b7287ac7c1ed6874c9e1e536c"}, 
{"path": "111/res/game_res/control/", "name": "bgControlArea.png", "md5": "77ccecf7c1c12cee3d93e1a733bd752d"}, 
{"path": "111/res/game_res/control/", "name": "binli_1.png", "md5": "2d6b8f16bdbc290fe5e55a00e5062165"}, 
{"path": "111/res/game_res/control/", "name": "binli_2.png", "md5": "d601cf726c03fe84766d7cfd93bf4b83"}, 
{"path": "111/res/game_res/control/", "name": "btn_contoltimes.png", "md5": "526be5981c45668f5d376afeea54d9e0"}, 
{"path": "111/res/game_res/control/", "name": "btn_gameid.png", "md5": "090bf7ad2561820136982d98fb00552b"}, 
{"path": "111/res/game_res/control/", "name": "btn_run_1.png", "md5": "997b8aec6c22f062864b18db2fbfe4bd"}, 
{"path": "111/res/game_res/control/", "name": "btn_run_2.png", "md5": "997b8aec6c22f062864b18db2fbfe4bd"}, 
{"path": "111/res/game_res/control/", "name": "btn_tip.png", "md5": "50c41f5fe11059f04ff43e6c11727c0e"}, 
{"path": "111/res/game_res/control/", "name": "bujiadi_1.png", "md5": "5bc06c060c68203874c71aacc4899f5e"}, 
{"path": "111/res/game_res/control/", "name": "bujiadi_2.png", "md5": "ace95062433442e1916cc0a07c534c07"}, 
{"path": "111/res/game_res/control/", "name": "cancel_1.png", "md5": "b2f73fd0ce1e5ebd05fbfaa14a211abc"}, 
{"path": "111/res/game_res/control/", "name": "cancel_2.png", "md5": "b2f73fd0ce1e5ebd05fbfaa14a211abc"}, 
{"path": "111/res/game_res/control/", "name": "chatsend_0.png", "md5": "b916266de40ca6c2ca9f4e9ffd6c114b"}, 
{"path": "111/res/game_res/control/", "name": "chatsend_1.png", "md5": "ef7e7c948a58d6a5e73cd08fc1c39d7e"}, 
{"path": "111/res/game_res/control/", "name": "controlbg.png", "md5": "19268184aafd78f8cc25fd9c7fa5e989"}, 
{"path": "111/res/game_res/control/", "name": "controling.png", "md5": "bd4cceff321db909bdcb06bf960306a8"}, 
{"path": "111/res/game_res/control/", "name": "ControlLayer.csb", "md5": "549df3f77e6a053822942da2c7da7bc9"}, 
{"path": "111/res/game_res/control/", "name": "controltimeframe.png", "md5": "efda326449fc0a0be69692862e42a815"}, 
{"path": "111/res/game_res/control/", "name": "dropDownBg.png", "md5": "be06eb7bfdfc1718f69b2ebd352be51e"}, 
{"path": "111/res/game_res/control/", "name": "exit.png", "md5": "b096656a5ea5601f89eabd6d351b5636"}, 
{"path": "111/res/game_res/control/", "name": "falali_1.png", "md5": "e66313851db30e80a8d567ee5a28befa"}, 
{"path": "111/res/game_res/control/", "name": "falali_2.png", "md5": "e59b492eb324032b058a9ff631cda6b6"}, 
{"path": "111/res/game_res/control/", "name": "Game ID.png", "md5": "3e4e81a3b06129a91124da90a77cff66"}, 
{"path": "111/res/game_res/control/", "name": "hang.png", "md5": "048e0d5fe4fdf2c4a4055f2d0a8afbe3"}, 
{"path": "111/res/game_res/control/", "name": "luhu_1.png", "md5": "35af5bd900baafb7231e3e6ca38ff006"}, 
{"path": "111/res/game_res/control/", "name": "luhu_2.png", "md5": "d7d4f47ec0f52d1579d8be180cb04c2e"}, 
{"path": "111/res/game_res/control/", "name": "maibahe_1.png", "md5": "5c9b52abdc2de2dffa96ccf80c87aaaf"}, 
{"path": "111/res/game_res/control/", "name": "maibahe_2.png", "md5": "2ac0cae8fac5fbe8efb02c57f2e0bacf"}, 
{"path": "111/res/game_res/control/", "name": "NoControlArea.png", "md5": "a063176b08fe415b0f3568ff02eb2b8f"}, 
{"path": "111/res/game_res/control/", "name": "NoControlTimes.png", "md5": "e7406bf5dbd282ddc1bdfb4f32119090"}, 
{"path": "111/res/game_res/control/", "name": "peishidel_0.png", "md5": "d6ba2cb3c11e5eb874e16dbc6acd54f7"}, 
{"path": "111/res/game_res/control/", "name": "peishidel_1.png", "md5": "fc5dd4da1a080575f3677bd8f408e234"}, 
{"path": "111/res/game_res/control/", "name": "ping.png", "md5": "61f12e0389ee6daf1b5fba4204892f60"}, 
{"path": "111/res/game_res/control/", "name": "scene_tip_1.png", "md5": "c7d61c5995d085da614eb123bd6c2013"}, 
{"path": "111/res/game_res/control/", "name": "scene_tip_2.png", "md5": "d8a5311b7c43271e836aca91d0e25924"}, 
{"path": "111/res/game_res/control/", "name": "scene_tip_3.png", "md5": "c1ad516733c945a995202a71ecfd4851"}, 
{"path": "111/res/game_res/control/", "name": "text_field_space.png", "md5": "cac1356ddb5c70aba27db0e88bb48a40"}, 
{"path": "111/res/game_res/control/", "name": "timebg.png", "md5": "63095ec0b174657a569241f4eaba2b42"}, 
{"path": "111/res/game_res/control/", "name": "times_image.png", "md5": "84386522fc340b581637b2ee21acd186"}, 
{"path": "111/res/game_res/control/", "name": "tip.png", "md5": "600493cc30369d220688ebc3f3b9b866"}, 
{"path": "111/res/game_res/control/", "name": "tongdianp.png", "md5": "9373be65d16f4bfb23554438eccaee3e"}, 
{"path": "111/res/game_res/control/", "name": "topBg.png", "md5": "e77a5dc3a59741cecb32d22970c0c7d3"}, 
{"path": "111/res/game_res/control/", "name": "topBtn.png", "md5": "5661f1c69b3619c1c5d22719cef76d49"}, 
{"path": "111/res/game_res/control/", "name": "userbg.png", "md5": "ab276a89d630d1f8e20f3fc89dbaaf92"}, 
{"path": "111/res/game_res/control/", "name": "userlist.png", "md5": "76e97f5e659f0eaa955eea6d765ab7c5"}, 
{"path": "111/res/game_res/control/", "name": "xian.png", "md5": "64a396de6934043127ef413db0e7d8af"}, 
{"path": "111/res/game_res/control/", "name": "xiandui.png", "md5": "9d5edccb9a6993cae11e407acb6e8a51"}, 
{"path": "111/res/game_res/control/", "name": "xianduizizhixing.png", "md5": "df9bc20e49b969ccfea5417dcc497769"}, 
{"path": "111/res/game_res/control/", "name": "xiantianw.png", "md5": "0c03b7e7c0f9d293d99226e9859131c9"}, 
{"path": "111/res/game_res/control/", "name": "xianxuanghzong.png", "md5": "80ffffa732b63ed2ae895fdee07351ab"}, 
{"path": "111/res/game_res/control/", "name": "xianzhixing.png", "md5": "2507a315b7e7ba2debec0611ca2b2684"}, 
{"path": "111/res/game_res/control/", "name": "xiushi.png", "md5": "6c4b20a0007cf278b709c555a12efc26"}, 
{"path": "111/res/game_res/control/", "name": "xuanxianguizi.png", "md5": "e99ef500caa9f72c598f1ebcb80a7df5"}, 
{"path": "111/res/game_res/control/", "name": "xuanzhong.png", "md5": "b776dec0a4724ba021d611da8f298059"}, 
{"path": "111/res/game_res/control/", "name": "zhuang.png", "md5": "75bc7041901eaa19984d19450000bc67"}, 
{"path": "111/res/game_res/control/", "name": "zhuangdui.png", "md5": "b4b9b36a1cbd94d40387a16d9ee3342d"}, 
{"path": "111/res/game_res/control/", "name": "zhuangduizixuan.png", "md5": "ffe6e69b3d678c0faf5d2e3153aaa941"}, 
{"path": "111/res/game_res/control/", "name": "zhuangduizizhixing.png", "md5": "e9916a4f80b3696ee2e075dc4b5028fd"}, 
{"path": "111/res/game_res/control/", "name": "zhuangtianw.png", "md5": "43a800ee98d4f4b379ff0bdef3d7d495"}, 
{"path": "111/res/game_res/control/", "name": "zhuangtianzhixing.png", "md5": "cde6b74d5a82dd45d8760c9fbf18e4d9"}, 
{"path": "111/res/game_res/control/", "name": "zhuangxianzhong.png", "md5": "78dc4749c29b8b2de94ff32fff94ef35"}, 
{"path": "111/res/game_res/control/", "name": "zhuangxuan.png", "md5": "5f0158aa5d97bbfea67a661fcda3005c"}, 
{"path": "111/res/game_res/control/", "name": "zhuangzhixing.png", "md5": "23de699b80030abf28f071e9c51833a0"}, 
{"path": "111/res/image/", "name": "apply_bg.png", "md5": "6382e6a28a2877c4b32339f5585f9e0a"}, 
{"path": "111/res/image/", "name": "apply_down.png", "md5": "3032cea7919cf2bf4169a7c6f627ca44"}, 
{"path": "111/res/image/", "name": "apply_head.png", "md5": "6dcd7d564cd90e9d4f23ea6dcd2448f1"}, 
{"path": "111/res/image/", "name": "apply_List_bg.png", "md5": "75ec84c2099b5121712946b834e21dbc"}, 
{"path": "111/res/image/", "name": "Avatar0.png", "md5": "ffea92f8daf8dd9cc861710a92d2fa6b"}, 
{"path": "111/res/image/", "name": "Avatar1.png", "md5": "081f53c35ed2d755c5d5d4738aed9163"}, 
{"path": "111/res/image/", "name": "Avatar2.png", "md5": "5901fc8604b7b512b6f88e87c46accf7"}, 
{"path": "111/res/image/", "name": "Avatar3.png", "md5": "38508f278280afe121a81cc8dcb5bb9c"}, 
{"path": "111/res/image/", "name": "Avatar4.png", "md5": "a6a1017ea1e4ffa1b65035bfcdad4283"}, 
{"path": "111/res/image/", "name": "Avatar5.png", "md5": "29f6521957cbae8c97dbeb967426f165"}, 
{"path": "111/res/image/", "name": "Avatar6.png", "md5": "81d8c8d769dd6eff24d63d1d221ca21b"}, 
{"path": "111/res/image/", "name": "Avatar7.png", "md5": "f580cb266d7fda1d384ca93b6207e2c8"}, 
{"path": "111/res/image/", "name": "Avatar8.png", "md5": "986ca2827af73cce931fb345e09e5600"}, 
{"path": "111/res/image/", "name": "Avatar9.png", "md5": "4ba26fa79c46970eb352cfb42ff29406"}, 
{"path": "111/res/image/", "name": "chip_num.png", "md5": "4a96bc7b2fcdd8d32561c2271c0e30a4"}, 
{"path": "111/res/image/", "name": "fanhui.png", "md5": "18b1d62185b63dbadae556c16014e9b4"}, 
{"path": "111/res/image/", "name": "fanhui1.png", "md5": "865d359c814ef333ed3534b159543c1b"}, 
{"path": "111/res/image/", "name": "headfram.png", "md5": "997bc54019e3fdc24f8c37dcbfd2062d"}, 
{"path": "111/res/image/", "name": "jinyin.png", "md5": "d4eaa10e979e0499e3a06ba25e800c20"}, 
{"path": "111/res/image/", "name": "jinyin1.png", "md5": "1837778b866603f886777970efca384f"}, 
{"path": "111/res/image/", "name": "quxiao1.png", "md5": "725b14412e4ec367235929823fd4beb1"}, 
{"path": "111/res/image/", "name": "quxiao2.png", "md5": "725b14412e4ec367235929823fd4beb1"}, 
{"path": "111/res/image/", "name": "shangzhuang.png", "md5": "443c78c090b54e071388c40a509cd515"}, 
{"path": "111/res/image/", "name": "shangzhuang2.png", "md5": "443c78c090b54e071388c40a509cd515"}, 
{"path": "111/res/image/", "name": "stopbetbg.png", "md5": "2192b2265b710964075d7df9cba7151b"}, 
{"path": "111/res/image/", "name": "tingzhixiazhu.png", "md5": "01cfbaa3d0f8aa3f3b41d88af48ea309"}, 
{"path": "111/res/image/", "name": "tipsbg.png", "md5": "3bee3520c795c3fd08716040be74e5a9"}, 
{"path": "111/res/image/", "name": "ui_chip_bg_1_1.png", "md5": "622bc0a55ca016791e457f4016245a0d"}, 
{"path": "111/res/image/", "name": "ui_chip_bg_1_2.png", "md5": "923520f7b1920b4a61074e0bc0442fdc"}, 
{"path": "111/res/image/", "name": "ui_chip_bg_1_3.png", "md5": "03ee4a6d142e26b8335e851a09a79f6f"}, 
{"path": "111/res/image/", "name": "ui_chip_bg_2_1.png", "md5": "d4d90e258230abff31e3a5135072da72"}, 
{"path": "111/res/image/", "name": "ui_chip_bg_2_2.png", "md5": "647328345cdf840bc930556b727b9e1a"}, 
{"path": "111/res/image/", "name": "ui_chip_bg_2_3.png", "md5": "b277af7850cd5192a388b539632425ca"}, 
{"path": "111/res/image/", "name": "ui_chip_bg_3_1.png", "md5": "1e1b8ce5818c2371607b9022318cbba2"}, 
{"path": "111/res/image/", "name": "ui_chip_bg_3_2.png", "md5": "4f94f6bd5e59831c53b345f8ec7fe3d8"}, 
{"path": "111/res/image/", "name": "ui_chip_bg_3_3.png", "md5": "26568ef039950e91b9263743bbcb2698"}, 
{"path": "111/res/image/", "name": "ui_chip_bg_4_1.png", "md5": "a96c6d4064e2354f1d95fd62e03e049b"}, 
{"path": "111/res/image/", "name": "ui_chip_bg_4_2.png", "md5": "b68c7615f79eda16949c967c27645ac3"}, 
{"path": "111/res/image/", "name": "ui_chip_bg_4_3.png", "md5": "04f0f87222a4c45128cc9789842103bd"}, 
{"path": "111/res/image/", "name": "ui_chip_bg_5_1.png", "md5": "b5810d3cb16040fe66fc66813bc7f09e"}, 
{"path": "111/res/image/", "name": "ui_chip_bg_5_2.png", "md5": "2fd63bccc804b679e3615b075103b82a"}, 
{"path": "111/res/image/", "name": "ui_chip_bg_5_3.png", "md5": "0b71d9da244621ffec733abda4a5ace3"}, 
{"path": "111/res/image/", "name": "ui_lose_count.png", "md5": "385d81b34f093f13be79d197b0f170ac"}, 
{"path": "111/res/image/", "name": "ui_win_count.png", "md5": "64f87082964f0e0dc2e522ba6df32737"}, 
{"path": "111/res/image/", "name": "ulist_rank_no.png", "md5": "e30776c9426ae1d0e648f6241b7641c9"}, 
{"path": "111/res/image/", "name": "ulist_shuzi.png", "md5": "827a56d50dbfadbebc73bba615ddb9c6"}, 
{"path": "111/res/image/", "name": "wenhao.png", "md5": "43479b50e63b956776eec7ec5038c06d"}, 
{"path": "111/res/image/", "name": "wenhao1.png", "md5": "55178b43f79544602e5de098bfa8f2ae"}, 
{"path": "111/res/image/", "name": "xiazhuang.png", "md5": "e3557cd81748f37e853e5c44ae00cd11"}, 
{"path": "111/res/image/", "name": "xiazhuang2.png", "md5": "e3557cd81748f37e853e5c44ae00cd11"}, 
{"path": "111/res/image/xiazhuqu/", "name": "dajinaodi.png", "md5": "60be507aaa84d98d732ea614755d5141"}, 
{"path": "111/res/image/xiazhuqu/", "name": "dajinbaoma.png", "md5": "6576c76f6798d8c38a9a4ea2f26ce8de"}, 
{"path": "111/res/image/xiazhuqu/", "name": "dajinbenchi.png", "md5": "fb408197628837482bc23f011855ca6a"}, 
{"path": "111/res/image/xiazhuqu/", "name": "dajindazhong.png", "md5": "d7eb7defc3bfa05e90ccdd1777a2b2c5"}, 
{"path": "111/res/image/xiazhuqu/", "name": "dayinaodi.png", "md5": "05292f465119e80384055eb7051bb482"}, 
{"path": "111/res/image/xiazhuqu/", "name": "dayinbaoma.png", "md5": "a33f5a945a70473fc29994de8a890e3e"}, 
{"path": "111/res/image/xiazhuqu/", "name": "dayinbenchi.png", "md5": "44995a75c7265c433e99b59ac5a359c0"}, 
{"path": "111/res/image/xiazhuqu/", "name": "dayindazhong.png", "md5": "fae0d83b3ac5ffb521b8bd5146dd2b89"}, 
{"path": "111/res/image/", "name": "xutou1.png", "md5": "d023f0c5e014a911c742b642a8d694f4"}, 
{"path": "111/res/image/", "name": "xutou2.png", "md5": "b0299e16fa5cb671d1772d090203749c"}, 
{"path": "111/res/image/", "name": "xutou_goldbg.png", "md5": "88d60b1ef18805215c0796d0b7b1dbe3"}, 
{"path": "111/res/image/", "name": "xutou_num.png", "md5": "49c665441dc9080f9ef8f9e63143a120"}, 
{"path": "111/res/image/", "name": "yinliang.png", "md5": "0708390e1bb703bab6ca4fa779c7dfbd"}, 
{"path": "111/res/image/", "name": "yinliang1.png", "md5": "6f767f3d0b8c904b9d0645043bd912d2"}, 
{"path": "111/res/image/", "name": "zaixian.png", "md5": "0707fe75f1b56015b93d3ab371fd656b"}, 
{"path": "111/res/image/", "name": "zuang.png", "md5": "ea12ffad5ecf832f706d8f5379b582c4"}, 
{"path": "111/res/image/", "name": "zuobian.png", "md5": "9d63dfd68a70cc55c588f2871f2b804d"}, 
{"path": "111/res/image/", "name": "zuobian1.png", "md5": "2e5926ce61a5f3924774359eb0981464"}, 
{"path": "111/res/ludan/", "name": "da1.png", "md5": "208652b3f2f6c28fb7ab6d6adf896a94"}, 
{"path": "111/res/ludan/", "name": "da2.png", "md5": "56e6e98e98ebba74c91b0ef822a1aabe"}, 
{"path": "111/res/ludan/", "name": "da3.png", "md5": "ecf17fbcdf2e4da6fe5138e5ee2542a4"}, 
{"path": "111/res/ludan/", "name": "da4.png", "md5": "d86f6af3f6f49a56f0df6d14b126dd4c"}, 
{"path": "111/res/ludan/", "name": "da5.png", "md5": "e73a267f908476bf57d496aeabdbdda2"}, 
{"path": "111/res/ludan/", "name": "da6.png", "md5": "ae08d29ec6e50e92abc00709dc4669c7"}, 
{"path": "111/res/ludan/", "name": "da7.png", "md5": "c5364e772df6d47a61a5402a6e7b9115"}, 
{"path": "111/res/ludan/", "name": "da8.png", "md5": "9b995f2e6de460746c154ebe827830c8"}, 
{"path": "111/res/ludan/", "name": "faguang3.png", "md5": "6f26a64f33e8512518e8e4b524da19eb"}, 
{"path": "111/res/ludan/", "name": "ludan1.png", "md5": "a0b9d8893bebe4925450ebb8efe0e6b7"}, 
{"path": "111/res/ludan/", "name": "ludan2.png", "md5": "4140ab7c2c246392919cfadedffbbb6e"}, 
{"path": "111/res/ludan/", "name": "ludan3.png", "md5": "257231d575b2ca5cdf6ac9b047eded44"}, 
{"path": "111/res/ludan/", "name": "ludan4.png", "md5": "d3374d6fe008ddd7500cbc76ca376b16"}, 
{"path": "111/res/ludan/", "name": "ludan5.png", "md5": "fc943d1d5417e06a1a003819bda48840"}, 
{"path": "111/res/ludan/", "name": "ludan6.png", "md5": "4619778c93db1f9cd27f116ea5cc8e49"}, 
{"path": "111/res/ludan/", "name": "ludan7.png", "md5": "81972fedff5bfe44e335c40fba7e8ec7"}, 
{"path": "111/res/ludan/", "name": "ludan8.png", "md5": "cc1cdd263f8ce573b011fef28e170557"}, 
{"path": "111/res/ludan/", "name": "room1.png", "md5": "9dbad27587fe7d145e2546d5fb6693a2"}, 
{"path": "111/res/ludan/", "name": "room2.png", "md5": "bef4f9f5a5c529f66d58f92ee0146bad"}, 
{"path": "111/res/ludan/", "name": "room3.png", "md5": "2d377cc9cce656e1dfdebde698f35f78"}, 
{"path": "111/res/ludan/", "name": "room4.png", "md5": "92cc0200d2bac726088affe3434a4f52"}, 
{"path": "111/res/ludan/", "name": "room5.png", "md5": "dc6738cce7e1e88d537cca3b0531c266"}, 
{"path": "111/res/ludan/", "name": "room6.png", "md5": "e04d8846d7044915fbd41f747282b3f5"}, 
{"path": "111/res/ludan/", "name": "room7.png", "md5": "7060bb31417346226f381d11c19b22c1"}, 
{"path": "111/res/ludan/", "name": "room8.png", "md5": "ab4daf9c40e2b220430d2d4d6c13c25d"}, 
{"path": "111/res/plist/", "name": "onlinelist.plist", "md5": "5900b7d2c038c5dc422195f647a90f02"}, 
{"path": "111/res/plist/", "name": "onlinelist.png", "md5": "73bbc35a62a81ac9460cadbdb45db9e4"}, 
{"path": "111/res/plist/", "name": "tableuserItem.plist", "md5": "544209c61a88628c479251e53d215793"}, 
{"path": "111/res/plist/", "name": "tableuserItem.png", "md5": "efcd89ed4572ac4400a928d469483096"}, 
{"path": "111/res/result/", "name": "aniu1.png", "md5": "2d80090d82ba6ec6118cc9c8934293fe"}, 
{"path": "111/res/result/", "name": "beishunum.png", "md5": "f54eb06c9e892dc0f5b8cf6bf7243f48"}, 
{"path": "111/res/result/", "name": "bg.png", "md5": "a141478dd3a919a602d3c3c182490e2a"}, 
{"path": "111/res/result/", "name": "daojis.png", "md5": "b0afab3998622f5015b7eb81ae1ee858"}, 
{"path": "111/res/result/", "name": "defen.png", "md5": "e06b23427caccd23b2035ddbd7854481"}, 
{"path": "111/res/result/", "name": "GameResultLayer.csb", "md5": "cacbe94b951ccd8171e80c8a8811717e"}, 
{"path": "111/res/result/", "name": "queren.png", "md5": "815980f1497de7293d16a6746b7f1e28"}, 
{"path": "111/res/roomlist/", "name": "bar.png", "md5": "2a30fe2a9dafb38b16a071d0ddd16605"}, 
{"path": "111/res/roomlist/", "name": "chuangqi.png", "md5": "92c275119df5cff087595c84fb508200"}, 
{"path": "111/res/roomlist/", "name": "endbg.png", "md5": "bbb566781988863ad0224ca368960a81"}, 
{"path": "111/res/roomlist/", "name": "fenxidi.png", "md5": "f2431e83aa1c12f3f4ea3a417e8028bd"}, 
{"path": "111/res/roomlist/", "name": "goBtn.png", "md5": "952d263c9f9e3dad1625dc2b5be6a0be"}, 
{"path": "111/res/roomlist/", "name": "ludanbg.png", "md5": "5c05248de83190a9b539f789628f485b"}, 
{"path": "111/res/roomlist/", "name": "ludanbg2.png", "md5": "a6da39c03fd464a9bca6844c1f59c936"}, 
{"path": "111/res/roomlist/", "name": "ludanbg3.png", "md5": "11cb485f2d6cccd0de05ef916d8e2138"}, 
{"path": "111/res/roomlist/", "name": "resultbg.png", "md5": "1b0bc6ebe19738ae10ec2ef51f1ba45d"}, 
{"path": "111/res/roomlist/", "name": "resulticon.png", "md5": "66bedd4978d0503580d66399484dcbef"}, 
{"path": "111/res/roomlist/", "name": "rongyao.png", "md5": "b231f5bd3f67014e0a1ab54c69cb9008"}, 
{"path": "111/res/roomlist/", "name": "roomAts.png", "md5": "7555701ed3657fa19303703584ac2e8f"}, 
{"path": "111/res/roomlist/", "name": "roomLayer.csb", "md5": "091541f4158f8204393f712ab41910e3"}, 
{"path": "111/res/roomlist/", "name": "suzi.png", "md5": "7a0bfc16c4f3d9da244ff83e9c32e8ab"}, 
{"path": "111/res/roomlist/", "name": "xiaotuzi.png", "md5": "e63e75d6da565dfb378faa1244807a75"}, 
{"path": "111/res/roomlist/", "name": "xiazhu.png", "md5": "dcba1d77e9412942ff8b1942a9d3bf35"}, 
{"path": "111/res/roomlist/", "name": "zunxiang.png", "md5": "a17e3d51d6b75b0aecbe7f82ef911824"}, 
{"path": "111/res/sound_res/", "name": "animate1.mp3", "md5": "a9a6dd767ffeaa709d7dcb7a699d8e12"}, 
{"path": "111/res/sound_res/", "name": "animate2.mp3", "md5": "2d1b9bc43456788e20089e3d8332415f"}, 
{"path": "111/res/sound_res/", "name": "animate3.mp3", "md5": "1adc3eb0c204d93f64a6647043282b5e"}, 
{"path": "111/res/sound_res/", "name": "animate4.mp3", "md5": "af5c0f288be86c0430f7fccfb0763704"}, 
{"path": "111/res/sound_res/", "name": "animate5.mp3", "md5": "a9a6dd767ffeaa709d7dcb7a699d8e12"}, 
{"path": "111/res/sound_res/", "name": "animate6.mp3", "md5": "2d1b9bc43456788e20089e3d8332415f"}, 
{"path": "111/res/sound_res/", "name": "animate7.mp3", "md5": "1adc3eb0c204d93f64a6647043282b5e"}, 
{"path": "111/res/sound_res/", "name": "animate8.mp3", "md5": "af5c0f288be86c0430f7fccfb0763704"}, 
{"path": "111/res/sound_res/", "name": "background.mp3", "md5": "b26880182f97e2de93c3306469a52786"}, 
{"path": "111/res/sound_res/", "name": "bcbm_end.mp3", "md5": "ec25fdaf05bbfed112993b97f7f1fae2"}, 
{"path": "111/res/sound_res/", "name": "bcbm_run.mp3", "md5": "278f512b218a8bba3fa566e52b9c34e7"}, 
{"path": "111/res/sound_res/", "name": "bcbm_start.mp3", "md5": "a2f32ef93a9dc5d53a6667640a8a9516"}, 
{"path": "111/res/sound_res/", "name": "beganjetton.mp3", "md5": "b3d7dff10ac477162e71e6afabca350a"}, 
{"path": "111/res/sound_res/", "name": "beganjetton_vocie.mp3", "md5": "8190e3861223e45f18dc5c7351fab3c5"}, 
{"path": "111/res/sound_res/", "name": "changebanker.mp3", "md5": "abd0fe87139246b56de78fa5352799b9"}, 
{"path": "111/res/sound_res/", "name": "clickArea.mp3", "md5": "9475a66c0e7e830ef509efc9fe34fa82"}, 
{"path": "111/res/sound_res/", "name": "clickjetton.mp3", "md5": "852bd0241ec5495a982a0013d18c2d5a"}, 
{"path": "111/res/sound_res/", "name": "clockring.mp3", "md5": "2289d760b4eb6323faf9940e63dd000a"}, 
{"path": "111/res/sound_res/", "name": "countdown_1.wav", "md5": "aedcd1ceb51e805bc2311773ba23494b"}, 
{"path": "111/res/sound_res/", "name": "countdown_2.wav", "md5": "a82aeec41d52f3bdb9478cbfd86e227b"}, 
{"path": "111/res/sound_res/", "name": "countdown_3.wav", "md5": "979efa106d06ebfae988f73dbccb287e"}, 
{"path": "111/res/sound_res/", "name": "countdown_go.wav", "md5": "a1a4c9b55476a373a28153ac11dbe0d8"}, 
{"path": "111/res/sound_res/", "name": "endjetton.mp3", "md5": "c3b62ce817a1a7ed0f9f7f66c88bcb4f"}, 
{"path": "111/res/sound_res/", "name": "endjetton_vocie.mp3", "md5": "5091f8d417563666ec01411b23f2cf32"}, 
{"path": "111/res/sound_res/", "name": "endlingdang.mp3", "md5": "d8dd8985b50b9424d74bdc7578f417bc"}, 
{"path": "111/res/sound_res/", "name": "jettonflytoplayer.mp3", "md5": "f8d6a6eb74000335dc0c47246ebe8522"}, 
{"path": "111/res/sound_res/", "name": "jiesuandaliang.mp3", "md5": "23cae905e8bfd4f4e4f13cb202332c5a"}, 
{"path": "111/res/sound_res/", "name": "pressed_fruit_1.wav", "md5": "65450fcaf2f39a561324bee88fc8b482"}, 
{"path": "111/res/sound_res/", "name": "shaoliang.mp3", "md5": "08f8e76afee84de58b32261bcc2620c0"}, 
{"path": "111/res/sound_res/", "name": "zhuangjiatuntu.mp3", "md5": "24b37bb7f2d3a77609fd19a574cd6e95"}, 
{"path": "111/res/", "name": "userlistLayer.csb", "md5": "6ab69f2a01bea4d22ff6cc498691028b"}, 
{"path": "111/src/models/", "name": "CMD_Game.luac", "md5": "c2187b6f922251ab66600a443a65904a"}, 
{"path": "111/src/models/", "name": "GameFrame.luac", "md5": "946095e39b29def12b88f1c8ae9cf3c0"}, 
{"path": "111/src/views/", "name": "GameLayer.luac", "md5": "57e5b845f08e214840f513185f964585"}, 
{"path": "111/src/views/", "name": "GameRoomListLayer.luac", "md5": "e4c9b2e84ab8c6807726d8dfe3655812"}, 
{"path": "111/src/views/layer/", "name": "BankerList.luac", "md5": "70cfdad74295e9328a35df73b0aea133"}, 
{"path": "111/src/views/layer/", "name": "Chat.luac", "md5": "8c6235199f1a0577daccce89dc1285ba"}, 
{"path": "111/src/views/layer/", "name": "ControlLayer.luac", "md5": "91c9a5bfaeb172d8f41106f6198aa890"}, 
{"path": "111/src/views/layer/", "name": "GameResultLayer.luac", "md5": "3c1ac79bcab556ff2a66db135ca687f8"}, 
{"path": "111/src/views/layer/", "name": "GameViewLayer.luac", "md5": "2c872994cd28dc43a06f309957157d23"}, 
{"path": "111/src/views/layer/", "name": "RuleLayer.luac", "md5": "aeadb6100908ade25d02b0b70494e246"}, 
{"path": "111/src/views/layer/", "name": "SettingLayer.luac", "md5": "ba93bff8fa63edd0911fde341e28dfe8"}, 
{"path": "111/src/views/layer/", "name": "UserList.luac", "md5": "65982f7dba73c16721747a5b1c8cc4df"}, 
{"path": "111/src/views/layer/", "name": "UserListLayer.luac", "md5": "adbe80ace22f13af9fe00cd1b2826c13"}, 
{"path": "111/src/views/", "name": "RoomView.luac", "md5": "c0363537ae74bd0bebe3c4b3e7aaa540"}, 
{"path": "111/src/views/", "name": "RoomWallLayer.luac", "md5": "d19022d5de9b32f240c7327e4a1f155c"}, 
{"allcount": 345}]}