{ "listdata": [{"path": "320/res/animation/", "name": "alllose.plist", "md5": "7e81f96ff0e31cf48daeb21fc55de6e4"}, 
{"path": "320/res/animation/", "name": "alllose.png", "md5": "36aa55c8f9d310b8c00c80429a3bcd6c"}, 
{"path": "320/res/animation/", "name": "allwin.plist", "md5": "ae0a437671de63e22840ae92a14bb717"}, 
{"path": "320/res/animation/", "name": "allwin.png", "md5": "0b17bfb2db98b280ce736ea90528db43"}, 
{"path": "320/res/animation/", "name": "lose.plist", "md5": "bcd915caa51c73a5baca924a10302ff4"}, 
{"path": "320/res/animation/", "name": "lose.png", "md5": "35ae199525e4f9fe4885a53b49dda105"}, 
{"path": "320/res/animation/", "name": "win.plist", "md5": "2a9d85ae87e4230a45b18d07ce008ed7"}, 
{"path": "320/res/animation/", "name": "win.png", "md5": "bfd2b6627af8e8ed9df71f6e335cd65e"}, 
{"path": "320/res/", "name": "ApplyListItem.csb", "md5": "69340b969b15a5edec5e15683c0ab769"}, 
{"path": "320/res/", "name": "ApplyListLayer.csb", "md5": "b97b295363d12814ee87dc33a3d92229"}, 
{"path": "320/res/", "name": "bairenniuniu_touxiangteiao0.plist", "md5": "b301004f0c34ebd59e8b51fca4d445da"}, 
{"path": "320/res/", "name": "bairenniuniu_touxiangteiao0.png", "md5": "8f848c734e61317b7dc8f6dbce4985a9"}, 
{"path": "320/res/", "name": "BankLayer.csb", "md5": "1f3b284d4e4f53266c42c8394c124d23"}, 
{"path": "320/res/control/", "name": "adduser_0.png", "md5": "0ef1fee6100a9d5a963e35620a7014d6"}, 
{"path": "320/res/control/", "name": "adduser_1.png", "md5": "538d770d2931177cb249512daa1484c5"}, 
{"path": "320/res/control/", "name": "alladd_0.png", "md5": "9ab268cde2c55fcb924cf510ba6bf234"}, 
{"path": "320/res/control/", "name": "alladd_1.png", "md5": "0513447b6047470e91eeff8fe864cb5b"}, 
{"path": "320/res/control/", "name": "alllosewin_0.png", "md5": "07e238ae7636556ae73d0de3c7e00ed7"}, 
{"path": "320/res/control/", "name": "alllosewin_1.png", "md5": "1436b43aff40272505e8d0c359b9f1a8"}, 
{"path": "320/res/control/", "name": "androidbg.png", "md5": "e372c17f7387b41b1f34c3a582ff6800"}, 
{"path": "320/res/control/", "name": "androidChatbg.png", "md5": "1fb42971128dd3ae9b784bbaa7de9efd"}, 
{"path": "320/res/control/", "name": "androidname.png", "md5": "50ad999aec1cd1c8a250683c2722fc21"}, 
{"path": "320/res/control/", "name": "androidnick.png", "md5": "584f0189ac94b079773bacde63b3f018"}, 
{"path": "320/res/control/", "name": "androidUpbanker_0.png", "md5": "76e7ce48c35516b9debba4c69e718efc"}, 
{"path": "320/res/control/", "name": "androidUpbanker_1.png", "md5": "b1004a58ba7b9dad2804f2573aa2a427"}, 
{"path": "320/res/control/", "name": "bg.png", "md5": "c857f1ee73c888386c7ae52e75af1b29"}, 
{"path": "320/res/control/", "name": "bgBottom.png", "md5": "e61cd40bda081ed064079a307b6c7826"}, 
{"path": "320/res/control/", "name": "bgControl.png", "md5": "9ef1df5c982482ebf007dc94cf754e19"}, 
{"path": "320/res/control/", "name": "btn_gameid.png", "md5": "694d75707c97ea657da5df9f2e820d79"}, 
{"path": "320/res/control/", "name": "cancel_1.png", "md5": "bd06c29f6c341cf5acf7f2903887f33e"}, 
{"path": "320/res/control/", "name": "cancel_2.png", "md5": "2521ec1b67eb40960b536629428594ef"}, 
{"path": "320/res/control/", "name": "cancel_3.png", "md5": "86d6e5b787880c771132b176f62aea9c"}, 
{"path": "320/res/control/", "name": "chatsend_0.png", "md5": "46f9178bc2544dcbcf67d59cf37a3890"}, 
{"path": "320/res/control/", "name": "chatsend_1.png", "md5": "502a5a94466477502e08d4b1cca28724"}, 
{"path": "320/res/control/", "name": "chiefLose_1.png", "md5": "275ec2d562df8a4ed1fe53b493a49219"}, 
{"path": "320/res/control/", "name": "chiefLose_2.png", "md5": "8d313f4fcb6af2f3e26d45734d4d46ee"}, 
{"path": "320/res/control/", "name": "chiefWin_1.png", "md5": "0d2ca06f08d8896da7adde7b3d82d6fb"}, 
{"path": "320/res/control/", "name": "chiefWin_2.png", "md5": "d4a26920f99c4e7b77d535de3df586d2"}, 
{"path": "320/res/control/", "name": "choose.png", "md5": "f16c24fb96bdbc9dc8df7684572856a4"}, 
{"path": "320/res/control/", "name": "clubsType.png", "md5": "b87a417c39ea684f0420efc5f3be5ea5"}, 
{"path": "320/res/control/", "name": "Clubs_1.png", "md5": "2fea40cb64325fde5a4e262e9b846072"}, 
{"path": "320/res/control/", "name": "Clubs_2.png", "md5": "ed89dad7dfc090b86dc4e37b6b95bc72"}, 
{"path": "320/res/control/", "name": "Controlbg.png", "md5": "35cb9aad09c71617b294bcf176d2df3a"}, 
{"path": "320/res/control/", "name": "controling.png", "md5": "e31fe4c47abe3d2d9163404c78ea5aa1"}, 
{"path": "320/res/control/", "name": "controling_di.png", "md5": "363ba15e8e47c66074eb97c1ee93b9c7"}, 
{"path": "320/res/control/", "name": "controling_huang.png", "md5": "36cc616bdc035632babceb124b388181"}, 
{"path": "320/res/control/", "name": "controling_tian.png", "md5": "2b62a354e79c6143d0cbda9baad15c85"}, 
{"path": "320/res/control/", "name": "controling_zhuanglose.png", "md5": "9ff500361a058f9cc3da43ec8d53be4f"}, 
{"path": "320/res/control/", "name": "controling_zhuangwin.png", "md5": "8576f697f91f3519f3b4e098d52bc3f1"}, 
{"path": "320/res/control/", "name": "controlTime.png", "md5": "87c8b96f97f6c173fb32c4737ddb10b5"}, 
{"path": "320/res/control/", "name": "controlTimesFrame.png", "md5": "fd5ce9ea7aa6fe1ce941937a5e6c3626"}, 
{"path": "320/res/control/", "name": "diamondType.png", "md5": "76195bc9404756ccf4054b4dab17dc8c"}, 
{"path": "320/res/control/", "name": "diamond_1.png", "md5": "45c561b580202d817210008fb05988fa"}, 
{"path": "320/res/control/", "name": "diamond_2.png", "md5": "442279bae238be698b38779c567e8a38"}, 
{"path": "320/res/control/", "name": "di_0.png", "md5": "a700d8535e1a2a372d28268990a68c1a"}, 
{"path": "320/res/control/", "name": "di_1.png", "md5": "bf3eb144a6ba83a05ad9961c190ed906"}, 
{"path": "320/res/control/", "name": "dropDownBg.png", "md5": "1140eaac1ca5257766a2fe5452bc959c"}, 
{"path": "320/res/control/", "name": "execute_1.png", "md5": "97308dbcc191da74e5924141101f0bba"}, 
{"path": "320/res/control/", "name": "execute_2.png", "md5": "4014fec1cba30400c8c821478d61ca4e"}, 
{"path": "320/res/control/", "name": "execute_3.png", "md5": "3b374cd7f035c4344c556e3789dfac26"}, 
{"path": "320/res/control/", "name": "exit.png", "md5": "6201c149dd93e615dfcb446226e7144d"}, 
{"path": "320/res/control/", "name": "exit_1.png", "md5": "e1d71453d18a852b4fd1ba3ac9333e87"}, 
{"path": "320/res/control/", "name": "freeTime.png", "md5": "f9260bb6cd92c3306bc194a48cd94260"}, 
{"path": "320/res/control/", "name": "Game ID.png", "md5": "3e4e81a3b06129a91124da90a77cff66"}, 
{"path": "320/res/control/", "name": "game.png", "md5": "2cafd0641056b0c3245788aba690bb08"}, 
{"path": "320/res/control/", "name": "hang.png", "md5": "0520c223535ca5fd6208efd939e06a26"}, 
{"path": "320/res/control/", "name": "hearts_1.png", "md5": "9a389f1ac2a521c4aeada00f21e53fb7"}, 
{"path": "320/res/control/", "name": "hearts_2.png", "md5": "f0f6e4c1ac53dd006a605bdbd164d655"}, 
{"path": "320/res/control/", "name": "heartType.png", "md5": "65b7fe0c07f5a4728e384495b36800cb"}, 
{"path": "320/res/control/", "name": "huang.png", "md5": "f267477f81822bbced454fbb786bf9f2"}, 
{"path": "320/res/control/", "name": "huang_0.png", "md5": "8be1434ff8150287fe0a622a7561ae31"}, 
{"path": "320/res/control/", "name": "huang_1.png", "md5": "f9d567693fcaa5882322a2c931a19420"}, 
{"path": "320/res/control/", "name": "losewin_0.png", "md5": "79517b64cce85cd7da1cb0187b1b7a2a"}, 
{"path": "320/res/control/", "name": "losewin_1.png", "md5": "4489a68bddf718b15d6feacbfe8523d6"}, 
{"path": "320/res/control/", "name": "menu_control.png", "md5": "96ac5e18648f6bfb86b31d5d5ae98d80"}, 
{"path": "320/res/control/", "name": "NoControlArea.png", "md5": "bc5360b42e8ad80675aa9d2d191515f5"}, 
{"path": "320/res/control/", "name": "NoControlTimes.png", "md5": "ed31e767efbf9eec18de415300fbcb9a"}, 
{"path": "320/res/control/", "name": "num.png", "md5": "3150c5a8406ad6bc59c5fe0c7f54ef93"}, 
{"path": "320/res/control/", "name": "openAward.png", "md5": "7c3af76acb2a5009cc7d96a7d1df3d8c"}, 
{"path": "320/res/control/", "name": "operation.png", "md5": "f9b960520c3efd7ab21fa77e56284097"}, 
{"path": "320/res/control/", "name": "peishidel_0.png", "md5": "a1759f817071805f15e7453187d63a95"}, 
{"path": "320/res/control/", "name": "peishidel_1.png", "md5": "f28faec21f3a70fcd407f1f2019f6fc4"}, 
{"path": "320/res/control/", "name": "pleaseBet.png", "md5": "4c0ed5e70762b8c4e5b8dce27ee9a9ea"}, 
{"path": "320/res/control/", "name": "spadesType.png", "md5": "c8d6414a1eaa7e5afb8b3047fc3f6d24"}, 
{"path": "320/res/control/", "name": "Spades_1.png", "md5": "e1f50b0f5bf03a818702b41fe8e6e028"}, 
{"path": "320/res/control/", "name": "Spades_2.png", "md5": "82c209629b3fd0f4ee300b59e418b0a4"}, 
{"path": "320/res/control/", "name": "text_field_space.png", "md5": "010f215d91e246170376b5be66f70b31"}, 
{"path": "320/res/control/", "name": "tian.png", "md5": "827f5d7ca92e834a6197388b70ff0255"}, 
{"path": "320/res/control/", "name": "tian_0.png", "md5": "4858229404b2fa396b11bac57e9051ad"}, 
{"path": "320/res/control/", "name": "tian_1.png", "md5": "f6a9439b96e501bc53048394c7e13b33"}, 
{"path": "320/res/control/", "name": "timebg.png", "md5": "6be623e911ec409e73220a0bdd1f388a"}, 
{"path": "320/res/control/", "name": "tip.png", "md5": "83e55eb81bf0ee73c7007d76ab9612e5"}, 
{"path": "320/res/control/", "name": "userbg.png", "md5": "0ed98b6d1fb0616852c0ef31e3b68893"}, 
{"path": "320/res/control/", "name": "userlist.png", "md5": "4fedcab8691f54551fd5220f7961207b"}, 
{"path": "320/res/control/", "name": "xiushi.png", "md5": "35e3eaaa431c0a06ae733cbac7f0e6ac"}, 
{"path": "320/res/control/", "name": "xuan.png", "md5": "69910d5572198cc76a2a0c91e1e64f12"}, 
{"path": "320/res/control/", "name": "xuanzhong.png", "md5": "b66874d1bba4109c667728bee35951d7"}, 
{"path": "320/res/control/", "name": "xuan_0.png", "md5": "f0eab973fb59dd604fb2bbe2e719c853"}, 
{"path": "320/res/control/", "name": "xuan_1.png", "md5": "02aa5e3e7d44b44b91e828149e5b46da"}, 
{"path": "320/res/control/", "name": "zhuanglose.png", "md5": "a1faa175a119a41b24ed9b24dd46f4c0"}, 
{"path": "320/res/control/", "name": "zhuangwin.png", "md5": "42b091cd023d1b20617cc5ea490d6996"}, 
{"path": "320/res/", "name": "ControlLayer.csb", "md5": "2e698d3cc8824a36e7f8a95081c75638"}, 
{"path": "320/res/", "name": "game.plist", "md5": "cc5d0735bd73aabe8c287bc2f146acba"}, 
{"path": "320/res/", "name": "game.png", "md5": "d166fc407dc54abe7decaad7a288359a"}, 
{"path": "320/res/", "name": "GameResult.csb", "md5": "0d9414defface8cb796824bf4e00e808"}, 
{"path": "320/res/", "name": "GameScene.csb", "md5": "65cd808c5f2d42541c573fcad6456411"}, 
{"path": "320/res/game_res/", "name": "gold_num.png", "md5": "61c5fd72c708ba602cb539aea7fffb1b"}, 
{"path": "320/res/game_res/", "name": "im_card.png", "md5": "3b1ef755530cc922838ee97d8d4f3652"}, 
{"path": "320/res/game_res/", "name": "im_game_bg.jpg", "md5": "bcce39fe1cf3114dd3503b3772fa15af"}, 
{"path": "320/res/game_res/", "name": "num_all_jetton_score.png", "md5": "7f2f489fa7fa8ed7d036c5be9fbbca76"}, 
{"path": "320/res/game_res/", "name": "num_clock.png", "md5": "2df2a6af2947a00c7822110af50f0169"}, 
{"path": "320/res/game_res/", "name": "num_score_add.png", "md5": "d3105fa527f45e8e1cdd1e30d3fdfa3d"}, 
{"path": "320/res/game_res/", "name": "num_score_plus.png", "md5": "ca092f1083b26cb933871d26640609c6"}, 
{"path": "320/res/game_res/", "name": "num_self_jetton_score.png", "md5": "ce15b267c4ab2c0ce32635980eb61db9"}, 
{"path": "320/res/game_res/", "name": "num_self_score.png", "md5": "56e3aca2348b3c013cbdab9a5fbc2031"}, 
{"path": "320/res/game_res/", "name": "runAction.png", "md5": "1dbcf0319ecf2104cdddd28932c5e0f1"}, 
{"path": "320/res/headani/", "name": "bairenniuniu_touxiangteiao.ExportJson", "md5": "8fb3b8327a817b6be2bfa96d4427672f"}, 
{"path": "320/res/headani/", "name": "bairenniuniu_touxiangteiao0.plist", "md5": "b301004f0c34ebd59e8b51fca4d445da"}, 
{"path": "320/res/headani/", "name": "bairenniuniu_touxiangteiao0.png", "md5": "8f848c734e61317b7dc8f6dbce4985a9"}, 
{"path": "320/res/", "name": "head_mask.png", "md5": "3ec25fe474bc71966045e91a4829d509"}, 
{"path": "320/res/image/", "name": "brnn.png", "md5": "6a19cd23992794126457966327add164"}, 
{"path": "320/res/image/", "name": "erbagang.png", "md5": "2e6ff3936a43ce7cb792817253502c5d"}, 
{"path": "320/res/image/", "name": "ulist_rank_no.png", "md5": "e30776c9426ae1d0e648f6241b7641c9"}, 
{"path": "320/res/image/", "name": "xutou_num.png", "md5": "724ae14940c117779287244acd9518f3"}, 
{"path": "320/res/", "name": "im_card.png", "md5": "3b1ef755530cc922838ee97d8d4f3652"}, 
{"path": "320/res/", "name": "LudanLayer.csb", "md5": "2db53c3e59d6e205a89b26c631f973d3"}, 
{"path": "320/res/", "name": "PlayerListItem.csb", "md5": "517a27ac2601126fed128bd22aa79b4c"}, 
{"path": "320/res/plist/", "name": "onlinelist.plist", "md5": "5900b7d2c038c5dc422195f647a90f02"}, 
{"path": "320/res/plist/", "name": "onlinelist.png", "md5": "73bbc35a62a81ac9460cadbdb45db9e4"}, 
{"path": "320/res/", "name": "point_16.png", "md5": "adfa45749a3b40a25e99c8fdbd070de6"}, 
{"path": "320/res/roomlist/", "name": "anniu.png", "md5": "952d263c9f9e3dad1625dc2b5be6a0be"}, 
{"path": "320/res/roomlist/", "name": "bar.png", "md5": "2a30fe2a9dafb38b16a071d0ddd16605"}, 
{"path": "320/res/roomlist/", "name": "bei10.png", "md5": "b36cbb96c355ce0608a25301a19728dd"}, 
{"path": "320/res/roomlist/", "name": "fang.png", "md5": "8a4c0c142ca39bc17333b04215d3957d"}, 
{"path": "320/res/roomlist/", "name": "fu.png", "md5": "8302746ddfbea18032e3de4d82dabc8d"}, 
{"path": "320/res/roomlist/", "name": "fuhao.png", "md5": "73fda439395cfdf09857d3e9aa499db5"}, 
{"path": "320/res/roomlist/", "name": "hei.png", "md5": "dfce91bc66d68119a8acfaf9ac1b4ba7"}, 
{"path": "320/res/roomlist/", "name": "hong.png", "md5": "772562558bc5e737d48c8b3e876b9819"}, 
{"path": "320/res/roomlist/", "name": "itembg.png", "md5": "39137b57943c1fcbe9bf05a906db8bf3"}, 
{"path": "320/res/roomlist/", "name": "ludanbg.png", "md5": "8da1f0c5102d9f00c752029a52abe222"}, 
{"path": "320/res/roomlist/", "name": "mei.png", "md5": "ac32f9c1d2f794a7bcadc01f8a8e81c8"}, 
{"path": "320/res/roomlist/", "name": "resulticon.png", "md5": "66bedd4978d0503580d66399484dcbef"}, 
{"path": "320/res/roomlist/", "name": "roomAts.png", "md5": "7555701ed3657fa19303703584ac2e8f"}, 
{"path": "320/res/roomlist/", "name": "roomLayer.csb", "md5": "eefc66c96a5a61fd7639faf9cbc9e3ae"}, 
{"path": "320/res/roomlist/", "name": "sheng.png", "md5": "c40fa14c0ab1d5c996ea225bb3e11454"}, 
{"path": "320/res/roomlist/", "name": "shenglvicon.png", "md5": "a335ae191e0b004c9b8129aa8cd7f30d"}, 
{"path": "320/res/roomlist/", "name": "xiazhu.png", "md5": "dcba1d77e9412942ff8b1942a9d3bf35"}, 
{"path": "320/res/", "name": "Rule.csb", "md5": "117b43b985a4fd2fc91c6a0622fbcf34"}, 
{"path": "320/res/", "name": "SettingLayer.csb", "md5": "6ef94968395460f6f761698279c99808"}, 
{"path": "320/res/", "name": "SitRoleNode.csb", "md5": "8be9fd1389f0f9fce5db224dde8ce628"}, 
{"path": "320/res/sound_res/", "name": "ADD_SCORE.wav", "md5": "cb3eab8e08c44ff6060afd2c7ad5ca2e"}, 
{"path": "320/res/sound_res/", "name": "backgroud.mp3", "md5": "87b57cb6aac2badc5edc4832624f1905"}, 
{"path": "320/res/sound_res/boy/", "name": "alllose.mp3", "md5": "d870dd9c86cc9138c9e525b2e6084723"}, 
{"path": "320/res/sound_res/boy/", "name": "allwin.mp3", "md5": "1899784e6cb31098aeb6de96355801e2"}, 
{"path": "320/res/sound_res/boy/", "name": "effect_16.mp3", "md5": "b2c09261ee40ad368c6d495fce03edaf"}, 
{"path": "320/res/sound_res/boy/", "name": "effect_17.mp3", "md5": "b5665bb65bf12936e584706a3d092707"}, 
{"path": "320/res/sound_res/boy/", "name": "effect_18.mp3", "md5": "421a93f22a0f3ac477d1e516b6f2ed42"}, 
{"path": "320/res/sound_res/boy/", "name": "effect_19.mp3", "md5": "a98b1f8f5b14fe5957e33bb0d348c0ce"}, 
{"path": "320/res/sound_res/boy/", "name": "effect_20.mp3", "md5": "03147a3482f3cb1d823843a7d7e32c90"}, 
{"path": "320/res/sound_res/boy/", "name": "effect_21.mp3", "md5": "f31ab85b63efa92740933a69ac56f166"}, 
{"path": "320/res/sound_res/boy/", "name": "effect_22.mp3", "md5": "f8a986aefe093e3cdc261f2eeb9a08a2"}, 
{"path": "320/res/sound_res/boy/", "name": "effect_23.mp3", "md5": "cca9ba48bc55b545261f69b2684391d1"}, 
{"path": "320/res/sound_res/boy/", "name": "effect_24.mp3", "md5": "01035566286bbb4f3d44111c37411432"}, 
{"path": "320/res/sound_res/boy/", "name": "effect_25.mp3", "md5": "e5cedb3399c24851eea57d30673da98b"}, 
{"path": "320/res/sound_res/boy/", "name": "effect_33.mp3", "md5": "9fa458db1f1e50d3e0e924bc7ccf5dff"}, 
{"path": "320/res/sound_res/boy/", "name": "effect_34.mp3", "md5": "44e1d8dd8799f10cf905ea85845d1539"}, 
{"path": "320/res/sound_res/boy/", "name": "effect_35.mp3", "md5": "9a2d59204896e7889304971191b4b84f"}, 
{"path": "320/res/sound_res/boy/", "name": "effect_36.mp3", "md5": "731d000e1dbecb5b3293f20c47e6f07f"}, 
{"path": "320/res/sound_res/boy/", "name": "effect_37.mp3", "md5": "1ea3aa47767cee18d96336de6c8a1694"}, 
{"path": "320/res/sound_res/boy/", "name": "effect_38.mp3", "md5": "a4bfcf87e16fe50697f52eb476691ad5"}, 
{"path": "320/res/sound_res/boy/", "name": "effect_39.mp3", "md5": "8fe1629a55efe83ff192b68e792b010d"}, 
{"path": "320/res/sound_res/boy/", "name": "effect_40.mp3", "md5": "f64c2541df2b06a6a6fd96637992bb02"}, 
{"path": "320/res/sound_res/boy/", "name": "effect_41.mp3", "md5": "383cf202bb48e5e871a576f034ebeec6"}, 
{"path": "320/res/sound_res/boy/", "name": "effect_49.mp3", "md5": "9a717c74c59fdcf3f6e378e9431be128"}, 
{"path": "320/res/sound_res/boy/", "name": "effect_58.mp3", "md5": "97b2c11fde11a8d218ce7047f6c54c8a"}, 
{"path": "320/res/sound_res/boy/", "name": "result.mp3", "md5": "abe127471d17c0510116012a489f32b6"}, 
{"path": "320/res/sound_res/boy/", "name": "start.mp3", "md5": "3a05c6f87a4a8d13fce808b1a67cc06a"}, 
{"path": "320/res/sound_res/", "name": "GAME_WARN.wav", "md5": "60879d23a8ba78db6b33fb3057ded065"}, 
{"path": "320/res/sound_res/girl/", "name": "alllose.mp3", "md5": "4f482225ad65715d6601cc0f1772d500"}, 
{"path": "320/res/sound_res/girl/", "name": "allwin.mp3", "md5": "c67a5bbfadb25f5579528915a0c3bb33"}, 
{"path": "320/res/sound_res/girl/", "name": "effect_16.mp3", "md5": "0a002aa00352a1b5eedf9845966e0525"}, 
{"path": "320/res/sound_res/girl/", "name": "effect_17.mp3", "md5": "87c378c7ce284f1258a717d95aba33d3"}, 
{"path": "320/res/sound_res/girl/", "name": "effect_18.mp3", "md5": "b1f5f66751faa134c04f043b5a11c7aa"}, 
{"path": "320/res/sound_res/girl/", "name": "effect_19.mp3", "md5": "56a65899462b757d514cb19f6627890e"}, 
{"path": "320/res/sound_res/girl/", "name": "effect_20.mp3", "md5": "af7597bbcbbcb21dd815f3d2faf9efc1"}, 
{"path": "320/res/sound_res/girl/", "name": "effect_21.mp3", "md5": "e22e5e51af40ef3301daee4a18ddaa0e"}, 
{"path": "320/res/sound_res/girl/", "name": "effect_22.mp3", "md5": "20313908b99427d3e38cbad6b185f077"}, 
{"path": "320/res/sound_res/girl/", "name": "effect_23.mp3", "md5": "2051fe604c2d72ea71390d2a7685d98f"}, 
{"path": "320/res/sound_res/girl/", "name": "effect_24.mp3", "md5": "e06db4eeba8ba9751e4dbe8b87f365d4"}, 
{"path": "320/res/sound_res/girl/", "name": "effect_25.mp3", "md5": "8b1205eaf6f05be0ecc16e980e01df74"}, 
{"path": "320/res/sound_res/girl/", "name": "effect_33.mp3", "md5": "0f4334e4446b027882bb5ce022dc3aaa"}, 
{"path": "320/res/sound_res/girl/", "name": "effect_34.mp3", "md5": "82154684d915346cb401f390992e466c"}, 
{"path": "320/res/sound_res/girl/", "name": "effect_35.mp3", "md5": "fb719debac167ea857b6d9548efb78a7"}, 
{"path": "320/res/sound_res/girl/", "name": "effect_36.mp3", "md5": "9d52c047d28309c69efbb62dce1f6e7d"}, 
{"path": "320/res/sound_res/girl/", "name": "effect_37.mp3", "md5": "f5faeb7124aa9b8c73a28ce8a26dde9c"}, 
{"path": "320/res/sound_res/girl/", "name": "effect_38.mp3", "md5": "e08258bf01fb1a19bed3294f183ff56b"}, 
{"path": "320/res/sound_res/girl/", "name": "effect_39.mp3", "md5": "24986381318794d3c972f971530dbab1"}, 
{"path": "320/res/sound_res/girl/", "name": "effect_40.mp3", "md5": "abd7e088ecb3802618c8d7d349a0d5ee"}, 
{"path": "320/res/sound_res/girl/", "name": "effect_41.mp3", "md5": "43320ef1009130811474ff17c57c5d9b"}, 
{"path": "320/res/sound_res/girl/", "name": "effect_49.mp3", "md5": "f365969dca54bb54be54070d5e98e415"}, 
{"path": "320/res/sound_res/girl/", "name": "effect_58.mp3", "md5": "13cdc450bf2b59115800af5591c685e4"}, 
{"path": "320/res/sound_res/girl/", "name": "result.mp3", "md5": "cf4029b3c00a8b3b34f4b3b729a1c454"}, 
{"path": "320/res/sound_res/girl/", "name": "start.mp3", "md5": "15543164bbb41978ec309e9dbbcc6ba8"}, 
{"path": "320/res/top_panel/", "name": "fanhui.png", "md5": "ff3195c9491bb081f7fbb67458e348c2"}, 
{"path": "320/res/top_panel/", "name": "fanhui1.png", "md5": "26727cb321b87783507b2b0146979f66"}, 
{"path": "320/res/top_panel/", "name": "jinyin.png", "md5": "167afc85fb28ba1b652039f96060ae45"}, 
{"path": "320/res/top_panel/", "name": "jinyin1.png", "md5": "feefa9656df5c9897d7dbb1997050217"}, 
{"path": "320/res/top_panel/", "name": "wenhao.png", "md5": "be0ca907fe0ad0f00637166ff0a056f3"}, 
{"path": "320/res/top_panel/", "name": "wenhao1.png", "md5": "67166f4a08ba825a4bec2df8da680faf"}, 
{"path": "320/res/top_panel/", "name": "yinliang.png", "md5": "627c2c905bb121269f7fa5e9350b27eb"}, 
{"path": "320/res/top_panel/", "name": "yinliang1.png", "md5": "620eb895586f4d75ac30cf630aae5b78"}, 
{"path": "320/res/top_panel/", "name": "zaixian.png", "md5": "0707fe75f1b56015b93d3ab371fd656b"}, 
{"path": "320/res/", "name": "UserListLayer.csb", "md5": "717e536d5b71b5b915a077c9e22df3fd"}, 
{"path": "320/res/wallbill/", "name": "closebt.png", "md5": "6374535d1da9737c7edd2ff838fe7a1b"}, 
{"path": "320/res/wallbill/", "name": "di.png", "md5": "396b0385bd83bbd8ed78139395ebeca9"}, 
{"path": "320/res/wallbill/", "name": "ludankuang.png", "md5": "25ccfc907f616760809acb34c3d5c373"}, 
{"path": "320/res/wallbill/", "name": "ludan_fu.png", "md5": "26fc8f00d647a8367131d37bb00c78e5"}, 
{"path": "320/res/wallbill/", "name": "ludan_sheng.png", "md5": "286cb62d3ce202aff3b8075ff1196fd7"}, 
{"path": "320/res/wallbill/", "name": "ludan_shukuang.png", "md5": "20cd9abd47203b876fc3aef70b95319c"}, 
{"path": "320/res/wallbill/", "name": "ludan_zuixin.png", "md5": "9b434a812221bcfa58efce20488713f7"}, 
{"path": "320/res/wallbill/", "name": "luzi.csb", "md5": "d6e4a012645f14747ebceb2dfd305d92"}, 
{"path": "320/res/wallbill/", "name": "newdi.png", "md5": "a489a779c245a77c2c2a3f59a48a83a5"}, 
{"path": "320/res/wallbill/", "name": "open1.png", "md5": "f2eef445e65295c8b775ff5f3310c3d1"}, 
{"path": "320/res/wallbill/", "name": "open2.png", "md5": "eb06d0ca4ae7fa945c7d80a3550670bf"}, 
{"path": "320/res/wallbill/", "name": "shenglvicon.png", "md5": "67c45f98f35d93731cda5430cecb6ddd"}, 
{"path": "320/src/models/", "name": "CMD_Game.luac", "md5": "4eb6ebf84f76b323987e9514d45311b8"}, 
{"path": "320/src/models/", "name": "GameFrame.luac", "md5": "60e4f60f686d9011d7aa3a75317311aa"}, 
{"path": "320/src/models/", "name": "GameLogic.luac", "md5": "572ec5345c7f7ea20f14f26e4fe2adda"}, 
{"path": "320/src/views/", "name": "GameLayer.luac", "md5": "a6431f6c422dce88758c868b3fe222e6"}, 
{"path": "320/src/views/", "name": "GameRoomListLayer.luac", "md5": "e4c9b2e84ab8c6807726d8dfe3655812"}, 
{"path": "320/src/views/layer/", "name": "ApplyListItem.luac", "md5": "28c29c63552f6b07c7f764179a189013"}, 
{"path": "320/src/views/layer/", "name": "ApplyListLayer.luac", "md5": "b66d9c2d26bac159d74da18e782667b3"}, 
{"path": "320/src/views/layer/", "name": "CardSprite.luac", "md5": "e3206b93065cdf12f8bb68339c7f3814"}, 
{"path": "320/src/views/layer/", "name": "ControlLayer.luac", "md5": "6c0e9626c6cda67ed3d4f633e6f4f5e2"}, 
{"path": "320/src/views/layer/", "name": "GameRecordLayer.luac", "md5": "7da1e9d7d5e8cd5380f81d9ccf4054e3"}, 
{"path": "320/src/views/layer/", "name": "GameResultLayer.luac", "md5": "74ad6642562581ce9c977588cc1d4ab4"}, 
{"path": "320/src/views/layer/", "name": "GameViewLayer.luac", "md5": "5878140034ab945a3ac3c066e1d0067c"}, 
{"path": "320/src/views/layer/", "name": "RuleLayer.luac", "md5": "e078486f1897d268d3de9e0b78e3145e"}, 
{"path": "320/src/views/layer/", "name": "SettingLayer.luac", "md5": "43e62fc46849012e89e261e09e28dcae"}, 
{"path": "320/src/views/layer/", "name": "SitRoleNode.luac", "md5": "402ebd3469869b93343c7c3f64960c59"}, 
{"path": "320/src/views/layer/", "name": "UserListItem.luac", "md5": "4165f87f346c3279311141f4d47dd18d"}, 
{"path": "320/src/views/layer/", "name": "UserListLayer.luac", "md5": "904ea3b610c4c62d22e0443560f9f8e3"}, 
{"path": "320/src/views/", "name": "RoomView.luac", "md5": "d0d2754e4a05041fa50f15c074a9bc4e"}, 
{"path": "320/src/views/", "name": "RoomWallLayer.luac", "md5": "c617a373d652d7f6e1de08839b1f286b"}, 
{"allcount": 244}]}