{"skeleton":{"hash":"LulS5JWytPSKNM8Pp/YCs0Nzuw4","spine":"3.6.53","width":1339.91,"height":182,"images":"./images/"},"bones":[{"name":"root"},{"name":"bone","parent":"root"},{"name":"beijijiantou","parent":"bone","x":-624.68,"y":5.81},{"name":"beijijiantou2","parent":"bone","x":622.08,"y":5.81,"scaleX":-1}],"slots":[{"name":"beijijiantou","bone":"beijijiantou","attachment":"beijijiantou"},{"name":"beijijiantou2","bone":"beijijiantou2","attachment":"beijijiantou"}],"skins":{"default":{"beijijiantou":{"beijijiantou":{"x":-4.07,"y":-5.94,"width":85,"height":182}},"beijijiantou2":{"beijijiantou":{"x":-4.07,"y":-5.94,"width":85,"height":182}}}},"animations":{"kuai2":{"slots":{"beijijiantou":{"attachment":[{"time":0,"name":"beijijiantou"},{"time":0.1667,"name":"beijijiantou"}]},"beijijiantou2":{"attachment":[{"time":0,"name":"beijijiantou"},{"time":0.1667,"name":"beijijiantou"}]}},"bones":{"beijijiantou":{"rotate":[{"time":0,"angle":0,"curve":"stepped"},{"time":0.1667,"angle":0}],"translate":[{"time":0,"x":107.9,"y":31.54},{"time":0.1667,"x":-136.47,"y":4.06}],"scale":[{"time":0,"x":0.105,"y":0.105},{"time":0.1667,"x":2.967,"y":2.967}]},"beijijiantou2":{"rotate":[{"time":0,"angle":0,"curve":"stepped"},{"time":0.1667,"angle":0}],"translate":[{"time":0,"x":-164.93,"y":44.06},{"time":0.1667,"x":141.24,"y":4.06}],"scale":[{"time":0,"x":0.105,"y":0.105},{"time":0.1667,"x":2.967,"y":2.967}]}}},"man2":{"slots":{"beijijiantou":{"attachment":[{"time":0,"name":"beijijiantou"},{"time":0.6,"name":"beijijiantou"}]},"beijijiantou2":{"attachment":[{"time":0,"name":"beijijiantou"},{"time":0.6,"name":"beijijiantou"}]}},"bones":{"beijijiantou":{"rotate":[{"time":0,"angle":0,"curve":"stepped"},{"time":0.6,"angle":0}],"translate":[{"time":0,"x":107.9,"y":31.54},{"time":0.6,"x":-136.47,"y":4.06}],"scale":[{"time":0,"x":0.105,"y":0.105},{"time":0.6,"x":2.967,"y":2.967}]},"beijijiantou2":{"rotate":[{"time":0,"angle":0,"curve":"stepped"},{"time":0.6,"angle":0}],"translate":[{"time":0,"x":-149.03,"y":27.15},{"time":0.6,"x":140.23,"y":4.06}],"scale":[{"time":0,"x":0.105,"y":0.105},{"time":0.6,"x":2.967,"y":2.967}]}}}}}