{"skeleton":{"hash":"CAnSZ2gpARKs6D/STiZyxKj6/Xg","spine":"3.6.52","width":1164,"height":76,"images":"./images/"},"bones":[{"name":"root"},{"name":"chedeng","parent":"root"}],"slots":[{"name":"chedeng","bone":"chedeng","attachment":"chedeng"}],"skins":{"default":{"chedeng":{"chedeng":{"x":-2.89,"y":1.62,"width":1164,"height":76}}}},"animations":{"kuai":{"slots":{"chedeng":{"color":[{"time":0,"color":"ffffffff"},{"time":0.1333,"color":"ffffff00"},{"time":0.2667,"color":"ffffffff"}],"attachment":[{"time":0,"name":"chedeng"},{"time":0.2667,"name":"chedeng"}]}},"bones":{"chedeng":{"rotate":[{"time":0,"angle":0,"curve":"stepped"},{"time":0.2667,"angle":0}],"translate":[{"time":0,"x":0,"y":0,"curve":"stepped"},{"time":0.2667,"x":0,"y":0}],"scale":[{"time":0,"x":1,"y":1,"curve":"stepped"},{"time":0.2667,"x":1,"y":1}]}}},"man":{"slots":{"chedeng":{"color":[{"time":0,"color":"ffffffff"},{"time":0.3333,"color":"ffffff00"},{"time":0.6667,"color":"ffffffff"}],"attachment":[{"time":0,"name":"chedeng"},{"time":0.6667,"name":"chedeng"}]}},"bones":{"chedeng":{"rotate":[{"time":0,"angle":0,"curve":"stepped"},{"time":0.6667,"angle":0}],"translate":[{"time":0,"x":0,"y":0,"curve":"stepped"},{"time":0.6667,"x":0,"y":0}],"scale":[{"time":0,"x":1,"y":1,"curve":"stepped"},{"time":0.6667,"x":1,"y":1}]}}}}}