{"skeleton":{"hash":"/TdyYK3Y8x9UqLXuVuX4Hw8dNfQ","spine":"3.1.08","width":432.93,"height":84.83,"images":"./images/"},"bones":[{"name":"root"},{"name":"bone7","parent":"root","y":11.8,"scaleX":0.141,"scaleY":0.141},{"name":"bone2","parent":"bone7","x":-766.69,"y":-39.45,"rotation":-17.23},{"name":"10t","parent":"bone2","length":481.62,"x":47.69,"y":-234.45,"rotation":90.17},{"name":"10-1","parent":"10t","x":413.99,"y":215.21,"rotation":-19.11},{"name":"bone","parent":"bone7","x":-1272.66,"y":-38.2,"rotation":18.2},{"name":"9t","parent":"bone","length":494.53,"x":55.12,"y":-243.23,"rotation":89.44},{"name":"9-1","parent":"9t","x":465.14,"y":170.64,"rotation":16.29},{"name":"bone5","parent":"bone7","x":1291.1,"y":-51.57,"rotation":-20.16},{"name":"At","parent":"bone5","length":490.93,"x":-1.7,"y":-223.63,"rotation":90},{"name":"A-1","parent":"At","x":354.57,"y":133.61,"rotation":-19.7},{"name":"bone3","parent":"bone7","x":-253.11,"y":-58.68,"rotation":21.86},{"name":"Jt","parent":"bone3","length":494.8,"x":32.49,"y":-218.6,"rotation":89.83},{"name":"J-1","parent":"Jt","x":389.75,"y":114.75,"rotation":22.87},{"name":"bone6","parent":"bone7","x":777.22,"y":-29.96,"rotation":20.32},{"name":"Kt","parent":"bone6","length":492.12,"x":-14.18,"y":-247.11,"rotation":89.84},{"name":"K-1","parent":"Kt","x":416.58,"y":145.57,"rotation":19.66},{"name":"bone4","parent":"bone7","x":248.9,"y":-53.78,"rotation":-18.79},{"name":"Qt","parent":"bone4","length":491.78,"x":32.66,"y":-224.76,"rotation":90},{"name":"Q-1","parent":"Qt","x":414.09,"y":153.85,"rotation":-20.67},{"name":"heitao","parent":"Kt","x":281.72,"y":122.48,"scaleX":0.51,"scaleY":0.51,"rotation":19.54},{"name":"heitao2","parent":"9t","x":159.42,"y":-5.2,"rotation":18.45},{"name":"heitao3","parent":"At","x":152.17,"y":-49.7,"rotation":15.7},{"name":"heitao4","parent":"Qt","x":280.35,"y":156.37,"scaleX":0.51,"scaleY":0.51,"rotation":16.17},{"name":"heitao5","parent":"10t","x":278.19,"y":178.12,"scaleX":0.51,"scaleY":0.51,"rotation":14.44},{"name":"heitao6","parent":"10t","x":150.39,"y":-4,"rotation":16.29},{"name":"heitao7","parent":"Qt","x":156.42,"y":-24.61,"rotation":15.43},{"name":"heitao8","parent":"At","x":279.43,"y":133.33,"scaleX":0.51,"scaleY":0.51,"rotation":13.53},{"name":"heitao9","parent":"9t","x":286.91,"y":176.17,"scaleX":0.51,"scaleY":0.51,"rotation":17.4},{"name":"heitao10","parent":"Jt","x":152.03,"y":-27.19,"rotation":18.04},{"name":"heitao11","parent":"Jt","x":282.65,"y":156.13,"scaleX":0.51,"scaleY":0.51,"rotation":18.01},{"name":"heitao12","parent":"Kt","x":153.27,"y":-63.24,"rotation":17.48},{"name":"puke","parent":"bone","length":484.77,"x":-19.18,"y":-232.27,"rotation":90.29},{"name":"puke2","parent":"bone2","length":497.02,"x":-3.96,"y":-238.63,"rotation":89.2},{"name":"puke3","parent":"bone3","length":496.31,"x":-1.48,"y":-220.07,"rotation":90.68},{"name":"puke4","parent":"bone5","length":496.63,"x":-31.58,"y":-225.06,"rotation":90.16},{"name":"puke5","parent":"bone4","length":493.79,"y":-226.68,"rotation":88.89},{"name":"puke6","parent":"Kt","length":503.17,"x":-5.38,"y":-31.46,"rotation":1.4}],"slots":[{"name":"10t","bone":"10t","attachment":"paidi"},{"name":"10t2","bone":"10t"},{"name":"9t","bone":"9t","attachment":"paidi"},{"name":"At","bone":"At","attachment":"paidi"},{"name":"Jt","bone":"Jt","attachment":"paidi"},{"name":"Jt2","bone":"Jt"},{"name":"Kt","bone":"Kt","attachment":"paidi"},{"name":"Qt","bone":"Qt","attachment":"paidi"},{"name":"puke","bone":"puke"},{"name":"puke2","bone":"puke2"},{"name":"puke3","bone":"puke3"},{"name":"puke4","bone":"puke4"},{"name":"puke5","bone":"puke5"},{"name":"puke6","bone":"puke6"},{"name":"10-1","bone":"10-1","attachment":"10-1"},{"name":"9-1","bone":"9-1","attachment":"9-1"},{"name":"A-1","bone":"A-1","attachment":"A-1"},{"name":"J-1","bone":"J-1","attachment":"J-1"},{"name":"K-1","bone":"K-1","attachment":"K-1"},{"name":"Q-1","bone":"Q-1","attachment":"Q-1"},{"name":"heitao","bone":"heitao","attachment":"heitao"},{"name":"heitao11","bone":"heitao11","attachment":"heitao"},{"name":"heitao9","bone":"heitao9","attachment":"heitao"},{"name":"heitao4","bone":"heitao4","attachment":"heitao"},{"name":"heitao8","bone":"heitao8","attachment":"heitao"},{"name":"heitao5","bone":"heitao5","attachment":"heitao"},{"name":"heitao2","bone":"heitao2","attachment":"heitao"},{"name":"heitao10","bone":"heitao10","attachment":"heitao"},{"name":"heitao12","bone":"heitao12","attachment":"heitao"},{"name":"heitao3","bone":"heitao3","attachment":"heitao"},{"name":"heitao7","bone":"heitao7","attachment":"heitao"},{"name":"heitao6","bone":"heitao6","attachment":"heitao"}],"skins":{"default":{"10-1":{"10-1":{"x":9.75,"y":-44.91,"rotation":-72.94,"width":107,"height":106}},"10t":{"paidi":{"x":243.18,"y":55.47,"rotation":-90.41,"width":364,"height":498}},"9-1":{"9-1":{"x":-46.68,"y":17.29,"rotation":-107.66,"width":66,"height":106}},"9t":{"paidi":{"x":249.29,"y":55.24,"rotation":-89.63,"width":364,"height":498}},"A-1":{"A-1":{"x":47.06,"y":15.47,"rotation":-69.83,"width":72,"height":102}},"At":{"paidi":{"x":242.97,"y":10.85,"rotation":-90.05,"width":364,"height":498}},"J-1":{"J-1":{"x":37.16,"y":31.91,"rotation":-111.69,"width":53,"height":104}},"Jt":{"paidi":{"x":242.33,"y":26.71,"rotation":-89.7,"width":364,"height":498}},"K-1":{"K-1":{"x":-19.7,"y":-25.78,"rotation":-110.16,"width":69,"height":102}},"Kt":{"paidi":{"x":243.15,"y":-3.72,"rotation":-90.46,"width":364,"height":498}},"Q-1":{"Q-1":{"x":-1.4,"y":-1.82,"rotation":-70.1,"width":78,"height":106}},"Qt":{"paidi":{"x":244.31,"y":37.47,"rotation":-90.57,"width":364,"height":498}},"heitao":{"heitao":{"x":10.53,"y":-6.45,"rotation":-107.66,"width":157,"height":169}},"heitao10":{"heitao":{"x":-3.5,"y":-4.56,"rotation":-107.66,"width":157,"height":169}},"heitao11":{"heitao":{"x":10.53,"y":-6.45,"rotation":-107.66,"width":157,"height":169}},"heitao12":{"heitao":{"x":-3.5,"y":-4.56,"rotation":-107.66,"width":157,"height":169}},"heitao2":{"heitao":{"x":-3.5,"y":-4.56,"rotation":-107.66,"width":157,"height":169}},"heitao3":{"heitao":{"x":-3.5,"y":-4.56,"rotation":-107.66,"width":157,"height":169}},"heitao4":{"heitao":{"x":10.53,"y":-6.45,"rotation":-107.66,"width":157,"height":169}},"heitao5":{"heitao":{"x":10.53,"y":-6.45,"rotation":-107.66,"width":157,"height":169}},"heitao6":{"heitao":{"x":-3.5,"y":-4.56,"rotation":-107.66,"width":157,"height":169}},"heitao7":{"heitao":{"x":-3.5,"y":-4.56,"rotation":-107.66,"width":157,"height":169}},"heitao8":{"heitao":{"x":10.53,"y":-6.45,"rotation":-107.66,"width":157,"height":169}},"heitao9":{"heitao":{"x":10.53,"y":-6.45,"rotation":-107.66,"width":157,"height":169}},"puke":{"puke":{"x":237.43,"y":-22.35,"scaleX":2.284,"scaleY":2.284,"rotation":-90.29,"width":160,"height":222}},"puke2":{"puke":{"x":246.01,"y":6.95,"scaleX":2.275,"scaleY":2.275,"rotation":-89.2,"width":160,"height":222}},"puke3":{"puke":{"x":239.11,"y":-11.11,"scaleX":2.282,"scaleY":2.282,"rotation":-90.68,"width":160,"height":222}},"puke4":{"puke":{"x":244.09,"y":-19.59,"scaleX":2.275,"scaleY":2.275,"rotation":-90.16,"width":160,"height":222}},"puke5":{"puke":{"x":242.52,"y":7.47,"scaleX":2.282,"scaleY":2.282,"rotation":-88.89,"width":160,"height":222}},"puke6":{"puke":{"x":251.26,"y":22.89,"scaleX":2.281,"scaleY":2.281,"rotation":-91.25,"width":160,"height":222}}}},"animations":{"animation":{"slots":{"10-1":{"attachment":[{"time":0,"name":null},{"time":0.8,"name":"10-1"},{"time":4.0666,"name":null}]},"10t":{"attachment":[{"time":0,"name":"paidi"},{"time":0.5333,"name":"paidi"},{"time":4.0666,"name":null},{"time":4.3333,"name":null}],"color":[{"time":0,"color":"ffffffff","curve":"stepped"},{"time":0.5333,"color":"ffffffff","curve":"stepped"},{"time":1.0666,"color":"ffffffff","curve":"stepped"},{"time":3.8,"color":"ffffffff","curve":"stepped"},{"time":4.3333,"color":"ffffffff"}]},"10t2":{"attachment":[{"time":0,"name":null}],"color":[{"time":0,"color":"ffffffff","curve":"stepped"},{"time":0.5333,"color":"ffffffff","curve":"stepped"},{"time":1.0666,"color":"ffffffff","curve":"stepped"},{"time":3.8,"color":"ffffffff","curve":"stepped"},{"time":4.3333,"color":"ffffffff"}]},"9-1":{"attachment":[{"time":0,"name":null},{"time":0.2666,"name":"9-1"},{"time":3.5333,"name":null}]},"9t":{"attachment":[{"time":0,"name":"paidi"},{"time":3.5333,"name":null},{"time":3.8,"name":null}],"color":[{"time":0,"color":"ffffffff","curve":"stepped"},{"time":0.5333,"color":"ffffffff","curve":"stepped"},{"time":3.2666,"color":"ffffffff","curve":"stepped"},{"time":3.8,"color":"ffffffff"}]},"A-1":{"attachment":[{"time":0,"name":null},{"time":3,"name":"A-1"},{"time":6.2,"name":null}]},"At":{"attachment":[{"time":0,"name":null},{"time":2.7333,"name":null},{"time":3,"name":"paidi"},{"time":3.2666,"name":"paidi"},{"time":5.9333,"name":"paidi"},{"time":6.2,"name":null},{"time":6.4666,"name":null}],"color":[{"time":0,"color":"ffffffff","curve":"stepped"},{"time":2.7333,"color":"ffffffff","curve":"stepped"},{"time":3.2666,"color":"ffffffff","curve":"stepped"},{"time":5.9333,"color":"ffffffff","curve":"stepped"},{"time":6.4666,"color":"ffffffff"}]},"J-1":{"attachment":[{"time":0,"name":null},{"time":1.3333,"name":"J-1"},{"time":4.6,"name":null}]},"Jt":{"attachment":[{"time":0,"name":null},{"time":1.0666,"name":null},{"time":1.3333,"name":"paidi"},{"time":1.6,"name":"paidi"},{"time":4.6,"name":null},{"time":4.8666,"name":null}],"color":[{"time":0,"color":"ffffffff","curve":"stepped"},{"time":1.0666,"color":"ffffffff","curve":"stepped"},{"time":1.6,"color":"ffffffff","curve":"stepped"},{"time":4.3333,"color":"ffffffff","curve":"stepped"},{"time":4.8666,"color":"ffffffff"}]},"Jt2":{"attachment":[{"time":0,"name":null}],"color":[{"time":0,"color":"ffffffff","curve":"stepped"},{"time":1.0666,"color":"ffffffff","curve":"stepped"},{"time":1.6,"color":"ffffffff","curve":"stepped"},{"time":4.3333,"color":"ffffffff","curve":"stepped"},{"time":4.8666,"color":"ffffffff"}]},"K-1":{"attachment":[{"time":0,"name":null},{"time":2.4666,"name":"K-1"},{"time":5.6666,"name":null}]},"Kt":{"attachment":[{"time":0,"name":"paidi"},{"time":2.4666,"name":"paidi"},{"time":5.6666,"name":null}],"color":[{"time":0,"color":"ffffffff","curve":"stepped"},{"time":2.1333,"color":"ffffffff","curve":"stepped"},{"time":2.7333,"color":"ffffffff","curve":"stepped"},{"time":5.4,"color":"ffffffff","curve":"stepped"},{"time":5.9333,"color":"ffffffff"}]},"Q-1":{"attachment":[{"time":0,"name":null},{"time":1.8666,"name":"Q-1"},{"time":5.1333,"name":null},{"time":5.2,"name":null}]},"Qt":{"attachment":[{"time":0,"name":null},{"time":1.6,"name":null},{"time":1.8666,"name":"paidi"},{"time":2.1333,"name":"paidi"},{"time":5.1333,"name":null},{"time":5.4,"name":null}],"color":[{"time":0,"color":"ffffffff","curve":"stepped"},{"time":1.6,"color":"ffffffff","curve":"stepped"},{"time":2.1333,"color":"ffffffff","curve":"stepped"},{"time":4.8666,"color":"ffffffff","curve":"stepped"},{"time":5.4,"color":"ffffffff"}]},"heitao":{"attachment":[{"time":0,"name":null},{"time":2.4666,"name":"heitao"},{"time":5.6666,"name":null}]},"heitao2":{"attachment":[{"time":0,"name":null},{"time":0.2666,"name":"heitao"},{"time":3.5333,"name":null}]},"heitao3":{"attachment":[{"time":0,"name":null},{"time":3,"name":"heitao"},{"time":6.2,"name":null}]},"heitao4":{"attachment":[{"time":0,"name":null},{"time":1.8666,"name":"heitao"},{"time":5.1333,"name":null},{"time":5.2,"name":null}]},"heitao5":{"attachment":[{"time":0,"name":null},{"time":0.8,"name":"heitao"},{"time":4.0666,"name":null}]},"heitao6":{"attachment":[{"time":0,"name":null},{"time":0.8,"name":"heitao"},{"time":4.0666,"name":null}]},"heitao7":{"attachment":[{"time":0,"name":null},{"time":1.8666,"name":"heitao"},{"time":5.1333,"name":null},{"time":5.2,"name":null}]},"heitao8":{"attachment":[{"time":0,"name":null},{"time":3,"name":"heitao"},{"time":6.2,"name":null}]},"heitao9":{"attachment":[{"time":0,"name":null},{"time":0.3,"name":"heitao"},{"time":3.5333,"name":null}]},"heitao10":{"attachment":[{"time":0,"name":null},{"time":1.3333,"name":"heitao"},{"time":4.6,"name":null}]},"heitao11":{"attachment":[{"time":0,"name":null},{"time":1.3333,"name":"heitao"},{"time":4.6,"name":null}]},"heitao12":{"attachment":[{"time":0,"name":null},{"time":2.4666,"name":"heitao"},{"time":5.6666,"name":null}]},"puke":{"attachment":[{"time":0,"name":"puke"},{"time":0.2666,"name":null},{"time":0.5333,"name":null},{"time":3.2666,"name":null},{"time":3.5333,"name":"puke"},{"time":3.8,"name":"puke"}],"color":[{"time":0,"color":"ffffffff","curve":"stepped"},{"time":0.5333,"color":"ffffffff","curve":"stepped"},{"time":3.2666,"color":"ffffffff","curve":"stepped"},{"time":3.8,"color":"ffffffff"}]},"puke2":{"attachment":[{"time":0,"name":"puke"},{"time":0.5333,"name":"puke"},{"time":0.8,"name":null},{"time":1.0666,"name":null},{"time":3.8,"name":null},{"time":4.0666,"name":"puke"},{"time":4.3333,"name":"puke"}],"color":[{"time":0,"color":"ffffffff","curve":"stepped"},{"time":0.5333,"color":"ffffffff","curve":"stepped"},{"time":1.0666,"color":"ffffffff","curve":"stepped"},{"time":3.8,"color":"ffffffff","curve":"stepped"},{"time":4.3333,"color":"ffffffff"}]},"puke3":{"attachment":[{"time":0,"name":"puke"},{"time":1.0666,"name":"puke"},{"time":1.3333,"name":null},{"time":1.6,"name":null},{"time":4.3333,"name":null},{"time":4.6,"name":"puke"},{"time":4.8666,"name":"puke"}],"color":[{"time":0,"color":"ffffffff","curve":"stepped"},{"time":1.0666,"color":"ffffffff","curve":"stepped"},{"time":1.6,"color":"ffffffff","curve":"stepped"},{"time":4.3333,"color":"ffffffff","curve":"stepped"},{"time":4.8666,"color":"ffffffff"}]},"puke4":{"attachment":[{"time":0,"name":"puke"},{"time":2.7333,"name":"puke"},{"time":3,"name":null},{"time":3.2666,"name":null},{"time":5.9333,"name":null},{"time":6.2,"name":"puke"},{"time":6.4666,"name":"puke"}],"color":[{"time":0,"color":"ffffffff","curve":"stepped"},{"time":2.7333,"color":"ffffffff","curve":"stepped"},{"time":3.2666,"color":"ffffffff","curve":"stepped"},{"time":5.9333,"color":"ffffffff","curve":"stepped"},{"time":6.4666,"color":"ffffffff"}]},"puke5":{"attachment":[{"time":0,"name":"puke"},{"time":1.6,"name":"puke"},{"time":1.8666,"name":null},{"time":2.1333,"name":null},{"time":4.8666,"name":null},{"time":5.1333,"name":"puke"},{"time":5.4,"name":"puke"}],"color":[{"time":0,"color":"ffffffff","curve":"stepped"},{"time":1.6,"color":"ffffffff","curve":"stepped"},{"time":2.1333,"color":"ffffffff","curve":"stepped"},{"time":4.8666,"color":"ffffffff","curve":"stepped"},{"time":5.4,"color":"ffffffff"}]},"puke6":{"attachment":[{"time":0,"name":"puke"},{"time":2.1333,"name":"puke"},{"time":2.4666,"name":null},{"time":2.7333,"name":null},{"time":5.4,"name":null},{"time":5.6666,"name":"puke"},{"time":5.9333,"name":"puke"}],"color":[{"time":0,"color":"ffffffff","curve":"stepped"},{"time":2.1333,"color":"ffffffff","curve":"stepped"},{"time":2.7333,"color":"ffffffff","curve":"stepped"},{"time":5.4,"color":"ffffffff","curve":"stepped"},{"time":5.9333,"color":"ffffffff"}]}},"bones":{"10-1":{"rotate":[{"time":0,"angle":0}],"translate":[{"time":0,"x":0,"y":0}]},"10t":{"rotate":[{"time":0,"angle":0,"curve":"stepped"},{"time":0.5333,"angle":0,"curve":"stepped"},{"time":1.0666,"angle":0,"curve":"stepped"},{"time":3.8,"angle":0,"curve":"stepped"},{"time":4.3333,"angle":0}],"translate":[{"time":0,"x":0,"y":0,"curve":"stepped"},{"time":0.5333,"x":0,"y":0,"curve":[0.25,0,0.75,1]},{"time":0.8,"x":-48.67,"y":0,"curve":[0.25,0,0.75,1]},{"time":1.0666,"x":0,"y":0,"curve":"stepped"},{"time":3.8,"x":0,"y":0,"curve":[0.25,0,0.75,1]},{"time":4.0666,"x":-48.67,"y":0,"curve":[0.25,0,0.75,1]},{"time":4.3333,"x":0,"y":0}],"scale":[{"time":0,"x":1,"y":1,"curve":"stepped"},{"time":0.5333,"x":1,"y":1,"curve":[0.25,0,0.75,1]},{"time":0.8,"x":1,"y":0.026,"curve":[0.25,0,0.75,1]},{"time":1.0666,"x":1,"y":1,"curve":"stepped"},{"time":3.8,"x":1,"y":1,"curve":[0.25,0,0.75,1]},{"time":4.0666,"x":1,"y":0.026,"curve":[0.25,0,0.75,1]},{"time":4.3333,"x":1,"y":1}]},"9-1":{"rotate":[{"time":0,"angle":0}],"translate":[{"time":0,"x":0,"y":0}]},"9t":{"rotate":[{"time":0,"angle":0,"curve":"stepped"},{"time":0.5333,"angle":0,"curve":"stepped"},{"time":3.2666,"angle":0,"curve":"stepped"},{"time":3.8,"angle":0}],"translate":[{"time":0,"x":0,"y":0,"curve":[0.25,0,0.75,1]},{"time":0.2666,"x":-74.37,"y":5.81,"curve":[0.25,0,0.75,1]},{"time":0.5333,"x":0,"y":0,"curve":"stepped"},{"time":3.2666,"x":0,"y":0,"curve":[0.25,0,0.75,1]},{"time":3.5333,"x":-74.37,"y":5.81,"curve":[0.25,0,0.75,1]},{"time":3.8,"x":0,"y":0}],"scale":[{"time":0,"x":1,"y":1,"curve":[0.25,0,0.75,1]},{"time":0.2666,"x":1,"y":0.041,"curve":[0.25,0,0.75,1]},{"time":0.5333,"x":1,"y":1,"curve":"stepped"},{"time":3.2666,"x":1,"y":1,"curve":[0.25,0,0.75,1]},{"time":3.5333,"x":1,"y":0.041,"curve":[0.25,0,0.75,1]},{"time":3.8,"x":1,"y":1}]},"A-1":{"rotate":[{"time":0,"angle":0}],"translate":[{"time":0,"x":0,"y":0}]},"At":{"rotate":[{"time":0,"angle":0,"curve":"stepped"},{"time":2.7333,"angle":0,"curve":"stepped"},{"time":3.2666,"angle":0,"curve":"stepped"},{"time":5.9333,"angle":0,"curve":"stepped"},{"time":6.4666,"angle":0}],"translate":[{"time":0,"x":0,"y":0,"curve":"stepped"},{"time":2.7333,"x":0,"y":0,"curve":[0.25,0,0.75,1]},{"time":3,"x":-28.97,"y":0,"curve":[0.25,0,0.75,1]},{"time":3.2666,"x":0,"y":0,"curve":"stepped"},{"time":5.9333,"x":0,"y":0,"curve":[0.25,0,0.75,1]},{"time":6.2,"x":-28.97,"y":0,"curve":[0.25,0,0.75,1]},{"time":6.4666,"x":0,"y":0}],"scale":[{"time":0,"x":1,"y":1,"curve":"stepped"},{"time":2.7333,"x":1,"y":1,"curve":[0.25,0,0.75,1]},{"time":3,"x":1,"y":0.025,"curve":[0.25,0,0.75,1]},{"time":3.2666,"x":1,"y":1,"curve":"stepped"},{"time":5.9333,"x":1,"y":1,"curve":[0.25,0,0.75,1]},{"time":6.2,"x":1,"y":0.025,"curve":[0.25,0,0.75,1]},{"time":6.4666,"x":1,"y":1}]},"J-1":{"rotate":[{"time":0,"angle":0}],"translate":[{"time":0,"x":0,"y":0}]},"Jt":{"rotate":[{"time":0,"angle":0,"curve":"stepped"},{"time":1.0666,"angle":0,"curve":"stepped"},{"time":1.6,"angle":0,"curve":"stepped"},{"time":4.3333,"angle":0,"curve":"stepped"},{"time":4.8666,"angle":0}],"translate":[{"time":0,"x":0,"y":0,"curve":"stepped"},{"time":1.0666,"x":0,"y":0,"curve":[0.25,0,0.75,1]},{"time":1.3333,"x":-32.58,"y":0,"curve":[0.25,0,0.75,1]},{"time":1.6,"x":0,"y":0,"curve":"stepped"},{"time":4.3333,"x":0,"y":0,"curve":[0.25,0,0.75,1]},{"time":4.6,"x":-32.58,"y":0,"curve":[0.25,0,0.75,1]},{"time":4.8666,"x":0,"y":0}],"scale":[{"time":0,"x":1,"y":1,"curve":"stepped"},{"time":1.0666,"x":1,"y":1,"curve":[0.25,0,0.75,1]},{"time":1.3333,"x":1,"y":0.075,"curve":[0.25,0,0.75,1]},{"time":1.6,"x":1,"y":1,"curve":"stepped"},{"time":4.3333,"x":1,"y":1,"curve":[0.25,0,0.75,1]},{"time":4.6,"x":1,"y":0.075,"curve":[0.25,0,0.75,1]},{"time":4.8666,"x":1,"y":1}]},"K-1":{"rotate":[{"time":0,"angle":0}],"translate":[{"time":0,"x":0,"y":0}]},"Kt":{"rotate":[{"time":0,"angle":0,"curve":"stepped"},{"time":2.1333,"angle":0,"curve":"stepped"},{"time":2.7333,"angle":0,"curve":"stepped"},{"time":5.4,"angle":0,"curve":"stepped"},{"time":5.9333,"angle":0}],"translate":[{"time":0,"x":0,"y":0,"curve":"stepped"},{"time":2.1333,"x":0,"y":0,"curve":"stepped"},{"time":2.7333,"x":0,"y":0,"curve":"stepped"},{"time":5.4,"x":0,"y":0,"curve":"stepped"},{"time":5.9333,"x":0,"y":0}],"scale":[{"time":0,"x":1,"y":1,"curve":"stepped"},{"time":2.1333,"x":1,"y":1,"curve":[0.25,0,0.75,1]},{"time":2.4666,"x":1,"y":0.019,"curve":[0.25,0,0.75,1]},{"time":2.7333,"x":1,"y":1,"curve":"stepped"},{"time":5.4,"x":1,"y":1,"curve":[0.25,0,0.75,1]},{"time":5.6666,"x":1,"y":0.019,"curve":[0.25,0,0.75,1]},{"time":5.9333,"x":1,"y":1}]},"Q-1":{"rotate":[{"time":0,"angle":0}],"translate":[{"time":0,"x":0,"y":0}]},"Qt":{"rotate":[{"time":0,"angle":0,"curve":"stepped"},{"time":1.6,"angle":0,"curve":"stepped"},{"time":2.1333,"angle":0,"curve":"stepped"},{"time":4.8666,"angle":0,"curve":"stepped"},{"time":5.4,"angle":0}],"translate":[{"time":0,"x":0,"y":0,"curve":"stepped"},{"time":1.6,"x":0,"y":0,"curve":[0.25,0,0.75,1]},{"time":1.8666,"x":-30.36,"y":0,"curve":[0.25,0,0.75,1]},{"time":2.1333,"x":0,"y":0,"curve":"stepped"},{"time":4.8666,"x":0,"y":0,"curve":[0.25,0,0.75,1]},{"time":5.1333,"x":-30.36,"y":0,"curve":[0.25,0,0.75,1]},{"time":5.4,"x":0,"y":0}],"scale":[{"time":0,"x":1,"y":1,"curve":"stepped"},{"time":1.6,"x":1,"y":1,"curve":[0.25,0,0.75,1]},{"time":1.8666,"x":1,"y":0.026,"curve":[0.25,0,0.75,1]},{"time":2.1333,"x":1,"y":1,"curve":"stepped"},{"time":4.8666,"x":1,"y":1,"curve":[0.25,0,0.75,1]},{"time":5.1333,"x":1,"y":0.026,"curve":[0.25,0,0.75,1]},{"time":5.4,"x":1,"y":1}]},"heitao":{"rotate":[{"time":0,"angle":0}],"translate":[{"time":0,"x":0,"y":0}]},"heitao2":{"rotate":[{"time":0,"angle":0}],"translate":[{"time":0,"x":0,"y":0}]},"heitao3":{"rotate":[{"time":0,"angle":0}],"translate":[{"time":0,"x":0,"y":0}]},"heitao4":{"rotate":[{"time":0,"angle":0}],"translate":[{"time":0,"x":0,"y":0}]},"heitao5":{"rotate":[{"time":0,"angle":0}],"translate":[{"time":0,"x":0,"y":0}]},"heitao6":{"rotate":[{"time":0,"angle":0}],"translate":[{"time":0,"x":0,"y":0}]},"heitao7":{"rotate":[{"time":0,"angle":0}],"translate":[{"time":0,"x":0,"y":0}]},"heitao8":{"rotate":[{"time":0,"angle":0}],"translate":[{"time":0,"x":0,"y":0}]},"heitao9":{"rotate":[{"time":0,"angle":0}],"translate":[{"time":0,"x":0,"y":0}]},"heitao12":{"rotate":[{"time":0,"angle":0}],"translate":[{"time":0,"x":0,"y":0}]},"puke":{"rotate":[{"time":0,"angle":0,"curve":"stepped"},{"time":0.5333,"angle":0,"curve":"stepped"},{"time":3.2666,"angle":0,"curve":"stepped"},{"time":3.8,"angle":0}],"translate":[{"time":0,"x":0,"y":0,"curve":"stepped"},{"time":0.5333,"x":0,"y":0,"curve":"stepped"},{"time":3.2666,"x":0,"y":0,"curve":"stepped"},{"time":3.8,"x":0,"y":0}],"scale":[{"time":0,"x":1,"y":1,"curve":[0.25,0,0.75,1]},{"time":0.2666,"x":1,"y":0.037,"curve":[0.25,0,0.75,1]},{"time":0.5333,"x":1,"y":1,"curve":"stepped"},{"time":3.2666,"x":1,"y":1,"curve":[0.25,0,0.75,1]},{"time":3.5333,"x":1,"y":0.037,"curve":[0.25,0,0.75,1]},{"time":3.8,"x":1,"y":1}]},"puke2":{"rotate":[{"time":0,"angle":0,"curve":"stepped"},{"time":0.5333,"angle":0,"curve":[0.25,0,0.75,1]},{"time":0.8,"angle":-3.15,"curve":[0.25,0,0.75,1]},{"time":1.0666,"angle":0,"curve":"stepped"},{"time":3.8,"angle":0,"curve":"stepped"},{"time":4.3333,"angle":0}],"translate":[{"time":0,"x":0,"y":0,"curve":"stepped"},{"time":0.5333,"x":0,"y":0,"curve":"stepped"},{"time":1.0666,"x":0,"y":0,"curve":"stepped"},{"time":3.8,"x":0,"y":0,"curve":"stepped"},{"time":4.3333,"x":0,"y":0}],"scale":[{"time":0,"x":1,"y":1,"curve":"stepped"},{"time":0.5333,"x":1,"y":1,"curve":[0.25,0,0.75,1]},{"time":0.8,"x":1,"y":0.047,"curve":[0.25,0,0.75,1]},{"time":1.0666,"x":1,"y":1,"curve":"stepped"},{"time":3.8,"x":1,"y":1,"curve":[0.25,0,0.75,1]},{"time":4.0666,"x":1,"y":0.047,"curve":[0.25,0,0.75,1]},{"time":4.3333,"x":1,"y":1}]},"puke3":{"rotate":[{"time":0,"angle":0,"curve":"stepped"},{"time":1.0666,"angle":0,"curve":"stepped"},{"time":1.6,"angle":0,"curve":"stepped"},{"time":4.3333,"angle":0,"curve":"stepped"},{"time":4.8666,"angle":0}],"translate":[{"time":0,"x":0,"y":0,"curve":"stepped"},{"time":1.0666,"x":0,"y":0,"curve":"stepped"},{"time":1.6,"x":0,"y":0,"curve":"stepped"},{"time":4.3333,"x":0,"y":0,"curve":"stepped"},{"time":4.8666,"x":0,"y":0}],"scale":[{"time":0,"x":1,"y":1,"curve":"stepped"},{"time":1.0666,"x":1,"y":1,"curve":[0.25,0,0.75,1]},{"time":1.3333,"x":1,"y":0.054,"curve":[0.25,0,0.75,1]},{"time":1.6,"x":1,"y":1,"curve":"stepped"},{"time":4.3333,"x":1,"y":1,"curve":[0.25,0,0.75,1]},{"time":4.6,"x":1,"y":0.054,"curve":[0.25,0,0.75,1]},{"time":4.8666,"x":1,"y":1}]},"puke4":{"rotate":[{"time":0,"angle":0,"curve":"stepped"},{"time":2.7333,"angle":0,"curve":"stepped"},{"time":3.2666,"angle":0,"curve":"stepped"},{"time":5.9333,"angle":0,"curve":"stepped"},{"time":6.4666,"angle":0}],"translate":[{"time":0,"x":0,"y":0,"curve":"stepped"},{"time":2.7333,"x":0,"y":0,"curve":"stepped"},{"time":3.2666,"x":0,"y":0,"curve":"stepped"},{"time":5.9333,"x":0,"y":0,"curve":"stepped"},{"time":6.4666,"x":0,"y":0}],"scale":[{"time":0,"x":1,"y":1,"curve":"stepped"},{"time":2.7333,"x":1,"y":1,"curve":[0.25,0,0.75,1]},{"time":3,"x":1,"y":0.015,"curve":[0.25,0,0.75,1]},{"time":3.2666,"x":1,"y":1,"curve":"stepped"},{"time":5.9333,"x":1,"y":1,"curve":[0.25,0,0.75,1]},{"time":6.2,"x":1,"y":0.015,"curve":[0.25,0,0.75,1]},{"time":6.4666,"x":1,"y":1}]},"puke5":{"rotate":[{"time":0,"angle":0,"curve":"stepped"},{"time":1.6,"angle":0,"curve":"stepped"},{"time":2.1333,"angle":0,"curve":"stepped"},{"time":4.8666,"angle":0,"curve":"stepped"},{"time":5.4,"angle":0}],"translate":[{"time":0,"x":0,"y":0,"curve":"stepped"},{"time":1.6,"x":0,"y":0,"curve":"stepped"},{"time":2.1333,"x":0,"y":0,"curve":"stepped"},{"time":4.8666,"x":0,"y":0,"curve":"stepped"},{"time":5.4,"x":0,"y":0}],"scale":[{"time":0,"x":1,"y":1,"curve":"stepped"},{"time":1.6,"x":1,"y":1,"curve":[0.25,0,0.75,1]},{"time":1.8666,"x":1,"y":0.025,"curve":[0.25,0,0.75,1]},{"time":2.1333,"x":1,"y":1,"curve":"stepped"},{"time":4.8666,"x":1,"y":1,"curve":[0.25,0,0.75,1]},{"time":5.1333,"x":1,"y":0.025,"curve":[0.25,0,0.75,1]},{"time":5.4,"x":1,"y":1}]},"puke6":{"rotate":[{"time":0,"angle":0,"curve":"stepped"},{"time":2.1333,"angle":0,"curve":"stepped"},{"time":2.7333,"angle":0,"curve":"stepped"},{"time":5.4,"angle":0,"curve":"stepped"},{"time":5.9333,"angle":0}],"translate":[{"time":0,"x":0,"y":0,"curve":"stepped"},{"time":2.1333,"x":0,"y":0,"curve":"stepped"},{"time":2.7333,"x":0,"y":0,"curve":"stepped"},{"time":5.4,"x":0,"y":0,"curve":"stepped"},{"time":5.9333,"x":0,"y":0}],"scale":[{"time":0,"x":1,"y":1,"curve":"stepped"},{"time":2.1333,"x":1,"y":1,"curve":"stepped"},{"time":2.7333,"x":1,"y":1,"curve":"stepped"},{"time":5.4,"x":1,"y":1,"curve":"stepped"},{"time":5.9333,"x":1,"y":1}]},"bone":{"rotate":[{"time":0,"angle":0,"curve":"stepped"},{"time":1.6,"angle":0,"curve":"stepped"},{"time":3.2666,"angle":0,"curve":"stepped"},{"time":4.8666,"angle":0,"curve":"stepped"},{"time":6.4666,"angle":0}],"translate":[{"time":0,"x":0,"y":0,"curve":[0.25,0,0.75,1]},{"time":0.8,"x":0,"y":-92.11,"curve":[0.25,0,0.75,1]},{"time":1.6,"x":0,"y":0,"curve":[0.25,0,0.75,1]},{"time":2.4666,"x":0,"y":-66.08,"curve":[0.25,0,0.75,1]},{"time":3.2666,"x":0,"y":0,"curve":[0.25,0,0.75,1]},{"time":4.0666,"x":0,"y":-66.08,"curve":[0.25,0,0.75,1]},{"time":4.8666,"x":0,"y":0,"curve":[0.25,0,0.75,1]},{"time":5.6666,"x":0,"y":-66.08,"curve":[0.25,0,0.75,1]},{"time":6.4666,"x":0,"y":0}],"scale":[{"time":0,"x":1,"y":1,"curve":"stepped"},{"time":1.6,"x":1,"y":1,"curve":"stepped"},{"time":3.2666,"x":1,"y":1,"curve":"stepped"},{"time":4.8666,"x":1,"y":1,"curve":"stepped"},{"time":6.4666,"x":1,"y":1}]},"bone2":{"rotate":[{"time":0,"angle":0,"curve":"stepped"},{"time":1.6,"angle":0,"curve":"stepped"},{"time":3.2666,"angle":0,"curve":"stepped"},{"time":4.8666,"angle":0,"curve":"stepped"},{"time":6.4666,"angle":0}],"translate":[{"time":0,"x":0,"y":0,"curve":[0.25,0,0.75,1]},{"time":0.8,"x":0,"y":117.87,"curve":[0.25,0,0.75,1]},{"time":1.6,"x":0,"y":0,"curve":[0.25,0,0.75,1]},{"time":2.4666,"x":0,"y":83.16,"curve":[0.25,0,0.75,1]},{"time":3.2666,"x":0,"y":0,"curve":[0.25,0,0.75,1]},{"time":4.0666,"x":0,"y":83.16,"curve":[0.25,0,0.75,1]},{"time":4.8666,"x":0,"y":0,"curve":[0.25,0,0.75,1]},{"time":5.6666,"x":0,"y":83.16,"curve":[0.25,0,0.75,1]},{"time":6.4666,"x":0,"y":0}],"scale":[{"time":0,"x":1,"y":1,"curve":"stepped"},{"time":1.6,"x":1,"y":1,"curve":"stepped"},{"time":3.2666,"x":1,"y":1,"curve":"stepped"},{"time":4.8666,"x":1,"y":1,"curve":"stepped"},{"time":6.4666,"x":1,"y":1}]},"bone3":{"rotate":[{"time":0,"angle":0,"curve":"stepped"},{"time":1.6,"angle":0,"curve":"stepped"},{"time":3.2666,"angle":0,"curve":"stepped"},{"time":4.8666,"angle":0,"curve":"stepped"},{"time":6.4666,"angle":0}],"translate":[{"time":0,"x":0,"y":0,"curve":[0.25,0,0.75,1]},{"time":0.8,"x":0,"y":-84.88,"curve":[0.25,0,0.75,1]},{"time":1.6,"x":0,"y":0,"curve":[0.25,0,0.75,1]},{"time":2.4666,"x":0,"y":-54.52,"curve":[0.25,0,0.75,1]},{"time":3.2666,"x":0,"y":0,"curve":[0.25,0,0.75,1]},{"time":4.0666,"x":0,"y":-54.52,"curve":[0.25,0,0.75,1]},{"time":4.8666,"x":0,"y":0,"curve":[0.25,0,0.75,1]},{"time":5.6666,"x":0,"y":-54.52,"curve":[0.25,0,0.75,1]},{"time":6.4666,"x":0,"y":0}],"scale":[{"time":0,"x":1,"y":1,"curve":"stepped"},{"time":1.6,"x":1,"y":1,"curve":"stepped"},{"time":3.2666,"x":1,"y":1,"curve":"stepped"},{"time":4.8666,"x":1,"y":1,"curve":"stepped"},{"time":6.4666,"x":1,"y":1}]},"bone5":{"rotate":[{"time":0,"angle":0,"curve":"stepped"},{"time":1.6,"angle":0,"curve":"stepped"},{"time":3.2666,"angle":0,"curve":"stepped"},{"time":4.8666,"angle":0,"curve":"stepped"},{"time":6.4666,"angle":0}],"translate":[{"time":0,"x":0,"y":0,"curve":[0.25,0,0.75,1]},{"time":0.8,"x":0,"y":83.21,"curve":[0.25,0,0.75,1]},{"time":1.6,"x":0,"y":0,"curve":[0.25,0,0.75,1]},{"time":2.4666,"x":0,"y":61.52,"curve":[0.25,0,0.75,1]},{"time":3.2666,"x":0,"y":0,"curve":[0.25,0,0.75,1]},{"time":4.0666,"x":0,"y":61.52,"curve":[0.25,0,0.75,1]},{"time":4.8666,"x":0,"y":0,"curve":[0.25,0,0.75,1]},{"time":5.6666,"x":0,"y":61.52,"curve":[0.25,0,0.75,1]},{"time":6.4666,"x":0,"y":0}],"scale":[{"time":0,"x":1,"y":1,"curve":"stepped"},{"time":1.6,"x":1,"y":1,"curve":"stepped"},{"time":3.2666,"x":1,"y":1,"curve":"stepped"},{"time":4.8666,"x":1,"y":1,"curve":"stepped"},{"time":6.4666,"x":1,"y":1}]},"bone4":{"rotate":[{"time":0,"angle":0,"curve":"stepped"},{"time":1.6,"angle":0,"curve":"stepped"},{"time":3.2666,"angle":0,"curve":"stepped"},{"time":4.8666,"angle":0,"curve":"stepped"},{"time":6.4666,"angle":0}],"translate":[{"time":0,"x":0,"y":0,"curve":[0.25,0,0.75,1]},{"time":0.8,"x":0,"y":106.36,"curve":[0.25,0,0.75,1]},{"time":1.6,"x":0,"y":0,"curve":[0.25,0,0.75,1]},{"time":2.4666,"x":0,"y":84.67,"curve":[0.25,0,0.75,1]},{"time":3.2666,"x":0,"y":0,"curve":[0.25,0,0.75,1]},{"time":4.0666,"x":0,"y":84.67,"curve":[0.25,0,0.75,1]},{"time":4.8666,"x":0,"y":0,"curve":[0.25,0,0.75,1]},{"time":5.6666,"x":0,"y":84.67,"curve":[0.25,0,0.75,1]},{"time":6.4666,"x":0,"y":0}],"scale":[{"time":0,"x":1,"y":1,"curve":"stepped"},{"time":1.6,"x":1,"y":1,"curve":"stepped"},{"time":3.2666,"x":1,"y":1,"curve":"stepped"},{"time":4.8666,"x":1,"y":1,"curve":"stepped"},{"time":6.4666,"x":1,"y":1}]},"bone6":{"rotate":[{"time":0,"angle":0,"curve":"stepped"},{"time":1.6,"angle":0,"curve":"stepped"},{"time":3.2666,"angle":0,"curve":"stepped"},{"time":4.8666,"angle":0,"curve":"stepped"},{"time":6.4666,"angle":0}],"translate":[{"time":0,"x":0,"y":0,"curve":[0.25,0,0.75,1]},{"time":0.8,"x":0,"y":-59.99,"curve":[0.25,0,0.75,1]},{"time":1.6,"x":0,"y":0,"curve":[0.25,0,0.75,1]},{"time":2.4666,"x":0,"y":-46.98,"curve":[0.25,0,0.75,1]},{"time":3.2666,"x":0,"y":0,"curve":[0.25,0,0.75,1]},{"time":4.0666,"x":0,"y":-46.98,"curve":[0.25,0,0.75,1]},{"time":4.8666,"x":0,"y":0,"curve":[0.25,0,0.75,1]},{"time":5.6666,"x":0,"y":-46.98,"curve":[0.25,0,0.75,1]},{"time":6.4666,"x":0,"y":0}],"scale":[{"time":0,"x":1,"y":1,"curve":"stepped"},{"time":1.6,"x":1,"y":1,"curve":"stepped"},{"time":3.2666,"x":1,"y":1,"curve":"stepped"},{"time":4.8666,"x":1,"y":1,"curve":"stepped"},{"time":6.4666,"x":1,"y":1}]},"bone7":{"rotate":[{"time":0,"angle":0}],"translate":[{"time":0,"x":0,"y":0}],"scale":[{"time":0,"x":1,"y":1}]}},"drawOrder":[{"time":0},{"time":1.6},{"time":3.2666},{"time":4.8666},{"time":5.4},{"time":5.9333}]}}}