{"skeleton":{"hash":"I3MFPVKHT4py9dXVfM0fLBx/Gl8","spine":"3.1.08","width":1283,"height":663.98,"images":"./images/"},"bones":[{"name":"root"},{"name":"bone","parent":"root"},{"name":"bangqiu","parent":"bone","length":393.65,"x":354.4,"y":-120.76,"rotation":149.95},{"name":"jianbian","parent":"bone","x":2.46,"y":-10.18},{"name":"lvguang","parent":"bone","x":-113.17,"y":-11.51},{"name":"qiu","parent":"bone","x":-18.02,"y":474.08,"scaleX":0.883,"scaleY":0.883},{"name":"shoutao","parent":"bone","length":168.95,"x":-188.8,"y":-87.91,"rotation":65.98},{"name":"wenzi_quanleida","parent":"bone","x":-7.73,"y":-13.8},{"name":"wenzi_quanleida_00000","parent":"bone","x":-16.02,"y":-22.98},{"name":"wztx1_00001","parent":"wenzi_quanleida","x":-30.83,"y":-1.16}],"slots":[{"name":"jianbian","bone":"jianbian","attachment":"jianbian"},{"name":"shoutao","bone":"shoutao","attachment":"shoutao"},{"name":"bangqiu","bone":"bangqiu","attachment":"bangqiu"},{"name":"lvguang","bone":"lvguang","attachment":"lvguang","blend":"additive"},{"name":"wenzi_quanleida","bone":"wenzi_quanleida","attachment":"wenzi_quanleida"},{"name":"qiu","bone":"qiu","attachment":"qiu"},{"name":"wztx1_00001","bone":"wztx1_00001","attachment":"wztx1_00001","blend":"additive"},{"name":"wenzi_quanleida_00000","bone":"wenzi_quanleida_00000","attachment":"wenzi_quanleida_00000"}],"skins":{"default":{"bangqiu":{"bangqiu":{"x":199.49,"y":2.87,"rotation":-149.95,"width":363,"height":242}},"jianbian":{"jianbian":{"x":-2.46,"y":-1.33,"width":1283,"height":229}},"lvguang":{"lvguang":{"x":30.5,"y":-9.99,"width":425,"height":269}},"qiu":{"qiu":{"x":0.31,"y":-1.27,"scaleX":0.475,"scaleY":0.475,"width":165,"height":167}},"shoutao":{"shoutao":{"x":95.59,"y":-2,"rotation":-65.98,"width":148,"height":193}},"wenzi_quanleida":{"wenzi_quanleida":{"x":-0.55,"y":-2.01,"width":308,"height":113}},"wenzi_quanleida_00000":{"wenzi_quanleida_00000":{"x":4.27,"y":9.84,"width":387,"height":140}},"wztx1_00001":{"wztx1_00001":{"x":30.84,"y":0.62,"width":308,"height":113},"wztx1_00003":{"x":30.84,"y":0.62,"width":308,"height":113},"wztx1_00005":{"x":30.84,"y":0.62,"width":308,"height":113},"wztx1_00007":{"x":30.84,"y":0.62,"width":308,"height":113},"wztx1_00009":{"x":30.84,"y":0.62,"width":308,"height":113},"wztx1_00011":{"x":30.84,"y":0.62,"width":308,"height":113},"wztx1_00013":{"x":30.84,"y":0.62,"width":308,"height":113},"wztx1_00015":{"x":30.84,"y":0.62,"width":308,"height":113},"wztx1_00017":{"x":30.84,"y":0.62,"width":308,"height":113},"wztx1_00019":{"x":30.84,"y":0.62,"width":308,"height":113},"wztx1_00021":{"x":30.84,"y":0.62,"width":308,"height":113}}}},"animations":{"animation":{"slots":{"bangqiu":{"attachment":[{"time":0,"name":null},{"time":0.2666,"name":"bangqiu"},{"time":0.3666,"name":"bangqiu"},{"time":0.5,"name":"bangqiu"},{"time":0.6666,"name":"bangqiu"},{"time":0.8333,"name":"bangqiu"}],"color":[{"time":0,"color":"ffffffff","curve":[0.25,0,0.75,1]},{"time":0.2666,"color":"ffffff00","curve":[0.25,0,0.75,1]},{"time":0.3666,"color":"ffffffff","curve":"stepped"},{"time":0.5,"color":"ffffffff","curve":"stepped"},{"time":0.6666,"color":"ffffffff","curve":"stepped"},{"time":0.8333,"color":"ffffffff","curve":"stepped"},{"time":2.0333,"color":"ffffffff"}]},"jianbian":{"attachment":[{"time":0,"name":"jianbian"},{"time":0.1,"name":"jianbian"},{"time":0.2,"name":"jianbian"},{"time":0.3,"name":"jianbian"},{"time":0.4,"name":"jianbian"}],"color":[{"time":0,"color":"ffffff00","curve":[0.25,0,0.75,1]},{"time":0.1,"color":"ffffffff","curve":"stepped"},{"time":0.2,"color":"ffffffff","curve":"stepped"},{"time":0.3,"color":"ffffffff","curve":"stepped"},{"time":0.4,"color":"ffffffff","curve":"stepped"},{"time":2.0333,"color":"ffffffff"}]},"lvguang":{"attachment":[{"time":0,"name":null},{"time":0.4,"name":"lvguang"},{"time":0.4333,"name":"lvguang"},{"time":0.5666,"name":"lvguang"}],"color":[{"time":0,"color":"ffffffff","curve":"stepped"},{"time":0.4,"color":"ffffffff","curve":"stepped"},{"time":0.4333,"color":"ffffffff","curve":[0.25,0,0.75,1]},{"time":0.4666,"color":"ffffff4e","curve":[0.25,0,0.75,1]},{"time":0.5666,"color":"ffffff00","curve":"stepped"},{"time":2.0333,"color":"ffffff00"}]},"qiu":{"attachment":[{"time":0,"name":null},{"time":0.1,"name":"qiu"},{"time":0.3333,"name":"qiu"},{"time":0.4,"name":null}],"color":[{"time":0,"color":"ffffffff","curve":"stepped"},{"time":0.1,"color":"ffffffff","curve":"stepped"},{"time":0.3333,"color":"ffffffff","curve":"stepped"},{"time":0.4,"color":"ffffffff","curve":"stepped"},{"time":2.0333,"color":"ffffffff"}]},"shoutao":{"attachment":[{"time":0,"name":null},{"time":0.3,"name":"shoutao"},{"time":0.4,"name":"shoutao"},{"time":0.5666,"name":"shoutao"},{"time":0.7333,"name":"shoutao"},{"time":0.9,"name":"shoutao"}],"color":[{"time":0,"color":"ffffffff","curve":[0.25,0,0.75,1]},{"time":0.3,"color":"ffffff00","curve":[0.25,0,0.75,1]},{"time":0.4,"color":"ffffffff","curve":"stepped"},{"time":0.5666,"color":"ffffffff","curve":"stepped"},{"time":0.7333,"color":"ffffffff","curve":"stepped"},{"time":0.9,"color":"ffffffff","curve":"stepped"},{"time":2.0333,"color":"ffffffff"}]},"wenzi_quanleida":{"attachment":[{"time":0,"name":null},{"time":0.4,"name":null},{"time":0.4666,"name":null},{"time":0.5666,"name":"wenzi_quanleida"},{"time":0.6666,"name":"wenzi_quanleida"},{"time":0.7666,"name":"wenzi_quanleida"}],"color":[{"time":0,"color":"ffffffff","curve":"stepped"},{"time":0.4,"color":"ffffffff","curve":"stepped"},{"time":0.4666,"color":"ffffffff","curve":"stepped"},{"time":0.5666,"color":"ffffffff","curve":"stepped"},{"time":0.6666,"color":"ffffffff","curve":"stepped"},{"time":0.7666,"color":"ffffffff","curve":"stepped"},{"time":2.0333,"color":"ffffffff"}]},"wenzi_quanleida_00000":{"attachment":[{"time":0,"name":null},{"time":0.4,"name":"wenzi_quanleida_00000"},{"time":0.4666,"name":"wenzi_quanleida_00000"},{"time":0.6333,"name":"wenzi_quanleida_00000"},{"time":0.9333,"name":"wenzi_quanleida_00000"}],"color":[{"time":0,"color":"ffffffff","curve":"stepped"},{"time":0.4,"color":"ffffffff","curve":"stepped"},{"time":0.4666,"color":"ffffffff"},{"time":0.6333,"color":"ffffff81"},{"time":0.9333,"color":"ffffff00","curve":"stepped"},{"time":2.0333,"color":"ffffff00"}]},"wztx1_00001":{"attachment":[{"time":0,"name":null},{"time":0.4666,"name":null},{"time":0.7333,"name":"wztx1_00001"},{"time":0.8,"name":"wztx1_00003"},{"time":0.8666,"name":"wztx1_00005"},{"time":0.9333,"name":"wztx1_00007"},{"time":1,"name":"wztx1_00009"},{"time":1.0666,"name":"wztx1_00011"},{"time":1.1333,"name":"wztx1_00013"},{"time":1.2,"name":"wztx1_00015"},{"time":1.2666,"name":"wztx1_00017"},{"time":1.3333,"name":"wztx1_00019"},{"time":1.4,"name":"wztx1_00021"},{"time":1.4666,"name":null},{"time":1.5666,"name":"wztx1_00001"},{"time":1.6333,"name":"wztx1_00003"},{"time":1.7,"name":"wztx1_00005"},{"time":1.7666,"name":"wztx1_00007"},{"time":1.8333,"name":"wztx1_00009"},{"time":1.9,"name":"wztx1_00011"},{"time":1.9666,"name":"wztx1_00013"},{"time":2.0333,"name":"wztx1_00015"},{"time":2.1,"name":"wztx1_00017"},{"time":2.1666,"name":"wztx1_00019"},{"time":2.2333,"name":"wztx1_00021"},{"time":2.3333,"name":null}],"color":[{"time":0,"color":"ffffffff","curve":"stepped"},{"time":2.0333,"color":"ffffffff"}]}},"bones":{"bangqiu":{"rotate":[{"time":0,"angle":0,"curve":[0.25,0,0.75,1]},{"time":0.2666,"angle":-90.63,"curve":[0.25,0,0.75,1]},{"time":0.3666,"angle":6.83,"curve":[0.25,0,0.75,1]},{"time":0.5,"angle":-2.87,"curve":[0.25,0,0.75,1]},{"time":0.6666,"angle":0.48},{"time":0.8333,"angle":0}],"translate":[{"time":0,"x":0,"y":0,"curve":"stepped"},{"time":0.2666,"x":0,"y":0,"curve":"stepped"},{"time":0.3666,"x":0,"y":0,"curve":"stepped"},{"time":0.5,"x":0,"y":0,"curve":"stepped"},{"time":0.6666,"x":0,"y":0,"curve":"stepped"},{"time":0.8333,"x":0,"y":0}],"scale":[{"time":0,"x":1,"y":1,"curve":[0.25,0,0.75,1]},{"time":0.2666,"x":0.361,"y":0.361,"curve":[0.25,0,0.75,1]},{"time":0.3666,"x":1,"y":1.178,"curve":[0.25,0,0.75,1]},{"time":0.5,"x":1,"y":0.945,"curve":[0.25,0,0.75,1]},{"time":0.6666,"x":1,"y":1,"curve":"stepped"},{"time":0.8333,"x":1,"y":1}]},"jianbian":{"rotate":[{"time":0,"angle":0,"curve":"stepped"},{"time":0.1,"angle":0,"curve":"stepped"},{"time":0.2,"angle":0,"curve":"stepped"},{"time":0.3,"angle":0,"curve":"stepped"},{"time":0.4,"angle":0}],"translate":[{"time":0,"x":0,"y":0,"curve":"stepped"},{"time":0.1,"x":0,"y":0,"curve":"stepped"},{"time":0.2,"x":0,"y":0,"curve":"stepped"},{"time":0.3,"x":0,"y":0,"curve":"stepped"},{"time":0.4,"x":0,"y":0}],"scale":[{"time":0,"x":1,"y":0.083,"curve":[0.25,0,0.75,1]},{"time":0.1,"x":1,"y":1,"curve":[0.25,0,0.75,1]},{"time":0.2,"x":1,"y":1.081,"curve":[0.25,0,0.75,1]},{"time":0.3,"x":1,"y":0.925,"curve":[0.25,0,0.75,1]},{"time":0.4,"x":1,"y":1}]},"lvguang":{"rotate":[{"time":0,"angle":0,"curve":[0.25,0,0.75,1]},{"time":0.4,"angle":31.92,"curve":[0.25,0,0.75,1]},{"time":0.4333,"angle":0,"curve":"stepped"},{"time":0.5666,"angle":0}],"translate":[{"time":0,"x":0,"y":0,"curve":"stepped"},{"time":0.4,"x":0,"y":0,"curve":"stepped"},{"time":0.4333,"x":0,"y":0,"curve":"stepped"},{"time":0.5666,"x":0,"y":0}],"scale":[{"time":0,"x":1,"y":1,"curve":[0.25,0,0.75,1]},{"time":0.4,"x":0.899,"y":0.899,"curve":[0.25,0,0.75,1]},{"time":0.4333,"x":1.529,"y":1.529,"curve":[0.25,0,0.75,1]},{"time":0.4666,"x":1.871,"y":1.871,"curve":[0.25,0,0.75,1]},{"time":0.5666,"x":1.948,"y":1.948}]},"qiu":{"rotate":[{"time":0,"angle":0,"curve":[0.25,0,0.75,1]},{"time":0.1,"angle":-129.86,"curve":[0.246,0,0.633,0.54]},{"time":0.2333,"angle":59.37,"curve":[0.38,0.52,0.745,1]},{"time":0.3333,"angle":48.15,"curve":[0.25,0,0.75,1]},{"time":0.4,"angle":-57.68}],"translate":[{"time":0,"x":0,"y":-54.67,"curve":[0.25,0,0.75,1]},{"time":0.1,"x":0,"y":113.02,"curve":[0.25,0,0.75,1]},{"time":0.3333,"x":0,"y":-427.42,"curve":[0.25,0,0.75,1]},{"time":0.4,"x":-132.2,"y":-492.15}],"scale":[{"time":0,"x":1,"y":1,"curve":"stepped"},{"time":0.1,"x":1,"y":1,"curve":"stepped"},{"time":0.3333,"x":1,"y":1,"curve":"stepped"},{"time":0.4,"x":1,"y":1}]},"shoutao":{"rotate":[{"time":0,"angle":0,"curve":[0.25,0,0.75,1]},{"time":0.3,"angle":57.83,"curve":[0.25,0,0.75,1]},{"time":0.4,"angle":-13.11,"curve":[0.25,0,0.75,1]},{"time":0.5666,"angle":13.3,"curve":[0.25,0,0.75,1]},{"time":0.7333,"angle":-1.82,"curve":[0.25,0,0.75,1]},{"time":0.9,"angle":0}],"translate":[{"time":0,"x":0,"y":0,"curve":"stepped"},{"time":0.3,"x":0,"y":0,"curve":"stepped"},{"time":0.4,"x":0,"y":0,"curve":"stepped"},{"time":0.5666,"x":0,"y":0,"curve":"stepped"},{"time":0.7333,"x":0,"y":0,"curve":"stepped"},{"time":0.9,"x":0,"y":0}],"scale":[{"time":0,"x":1,"y":1,"curve":[0.25,0,0.75,1]},{"time":0.3,"x":0.396,"y":0.396,"curve":[0.25,0,0.75,1]},{"time":0.4,"x":1,"y":1,"curve":"stepped"},{"time":0.5666,"x":1,"y":1,"curve":"stepped"},{"time":0.7333,"x":1,"y":1,"curve":"stepped"},{"time":0.9,"x":1,"y":1}]},"wenzi_quanleida":{"rotate":[{"time":0,"angle":0,"curve":"stepped"},{"time":0.4,"angle":0,"curve":"stepped"},{"time":0.4666,"angle":0,"curve":"stepped"},{"time":0.5666,"angle":0,"curve":"stepped"},{"time":0.6666,"angle":0,"curve":"stepped"},{"time":0.7666,"angle":0}],"translate":[{"time":0,"x":0,"y":0,"curve":"stepped"},{"time":0.4,"x":0,"y":0,"curve":"stepped"},{"time":0.4666,"x":0,"y":0,"curve":"stepped"},{"time":0.5666,"x":0,"y":0,"curve":"stepped"},{"time":0.6666,"x":0,"y":0,"curve":"stepped"},{"time":0.7666,"x":0,"y":0}],"scale":[{"time":0,"x":1,"y":1,"curve":[0.25,0,0.75,1]},{"time":0.4,"x":0.222,"y":0.222,"curve":[0.25,0,0.75,1]},{"time":0.4666,"x":2.01,"y":2.01,"curve":[0.25,0,0.75,1]},{"time":0.5666,"x":0.904,"y":0.904,"curve":[0.25,0,0.75,1]},{"time":0.6666,"x":1.057,"y":1.057,"curve":[0.25,0,0.75,1]},{"time":0.7666,"x":1,"y":1}]},"wenzi_quanleida_00000":{"rotate":[{"time":0,"angle":0,"curve":"stepped"},{"time":0.4,"angle":0,"curve":"stepped"},{"time":0.4666,"angle":0,"curve":"stepped"},{"time":0.6333,"angle":0,"curve":"stepped"},{"time":0.9333,"angle":0}],"translate":[{"time":0,"x":0,"y":0,"curve":"stepped"},{"time":0.4,"x":0,"y":0,"curve":"stepped"},{"time":0.4666,"x":0,"y":0,"curve":"stepped"},{"time":0.6333,"x":0,"y":0,"curve":"stepped"},{"time":0.9333,"x":0,"y":0}],"scale":[{"time":0,"x":1,"y":1},{"time":0.4,"x":0.438,"y":0.438},{"time":0.4666,"x":2.116,"y":2.116},{"time":0.6333,"x":1,"y":1,"curve":"stepped"},{"time":0.9333,"x":1,"y":1}]},"wztx1_00001":{"rotate":[{"time":0,"angle":0}],"translate":[{"time":0,"x":0,"y":0}],"scale":[{"time":0,"x":1,"y":1}]},"bone":{"rotate":[{"time":0,"angle":0}],"translate":[{"time":0,"x":0,"y":0}],"scale":[{"time":0,"x":1,"y":1}]}},"drawOrder":[{"time":0},{"time":0.4},{"time":0.4666},{"time":0.6333},{"time":0.8},{"time":0.9333}]}}}