{"skeleton":{"hash":"HMKailK3uB0OtYKoqYbpVRVzdKE","spine":"3.1.08","width":848.25,"height":548.49,"images":"./images/"},"bones":[{"name":"root"},{"name":"piaodai","parent":"root","length":51.74,"x":-0.1,"y":127.9,"rotation":90},{"name":"bone","parent":"piaodai","length":116.66,"x":0.68,"y":-3.45,"rotation":-88.3},{"name":"bone2","parent":"bone","length":60.73,"x":116.66,"rotation":-2.99},{"name":"bone3","parent":"bone2","length":69.01,"x":60.73,"rotation":2.44},{"name":"bone4","parent":"bone3","length":37.82,"x":34.82,"y":15.86,"rotation":13.65},{"name":"bone5","parent":"bone3","length":61.84,"x":30.74,"y":-15.79,"rotation":-36.6},{"name":"bone6","parent":"piaodai","length":133.17,"x":1.37,"y":9.65,"rotation":89.4},{"name":"bone7","parent":"bone6","length":53.85,"x":133.17,"rotation":2.79},{"name":"bone8","parent":"bone7","length":57.27,"x":53.85,"rotation":-2.89},{"name":"bone9","parent":"bone8","length":44.14,"x":30.47,"y":-9.29,"rotation":-24.27},{"name":"bone10","parent":"bone8","length":56.89,"x":36.42,"y":12.16,"rotation":39.78},{"name":"chiban2","parent":"root","length":46.37,"x":105.47,"y":227.69,"rotation":24.59},{"name":"bone11","parent":"chiban2","length":33.54,"x":46.37,"rotation":7.4},{"name":"bone12","parent":"bone11","length":27.38,"x":33.54,"rotation":8.48},{"name":"bone13","parent":"bone12","length":18.32,"x":27.38,"rotation":5.63},{"name":"chiban","parent":"root","length":38.07,"x":-111.68,"y":226.46,"rotation":148.64},{"name":"bone14","parent":"chiban","length":34.09,"x":38.07,"rotation":-2.09},{"name":"bone15","parent":"bone14","length":27.93,"x":34.09,"rotation":-3.41},{"name":"bone16","parent":"bone15","length":20.55,"x":27.94,"rotation":-3.11},{"name":"cb_guang","parent":"root","length":80.54,"x":-108.69,"y":219.4,"rotation":-170.13},{"name":"cb_guang2","parent":"root","length":89.06,"x":102.7,"y":224.5,"rotation":-12.52},{"name":"cb_guang3","parent":"root","length":89.06,"x":102.7,"y":224.5,"rotation":-12.52},{"name":"cb_guang4","parent":"root","length":80.54,"x":-108.69,"y":219.4,"rotation":-170.13},{"name":"di","parent":"root","x":-0.79,"y":-122.56},{"name":"guangxiao","parent":"root","length":58.64,"x":42.65,"y":264.71,"scaleX":0.619,"scaleY":0.619,"rotation":90},{"name":"guangxiao2","parent":"root","length":58.64,"x":-19.55,"y":280.95,"scaleX":0.578,"scaleY":0.578,"rotation":131.53},{"name":"guangxiao3","parent":"root","length":58.64,"x":-36.65,"y":224.66,"scaleX":0.549,"scaleY":0.549,"rotation":40.57},{"name":"guangxiao4","parent":"root","length":58.64,"x":38.03,"y":223.86,"scaleX":0.533,"scaleY":0.533,"rotation":68.95},{"name":"guangxiao5","parent":"root","length":58.64,"x":16.36,"y":284.5,"scaleX":0.331,"scaleY":0.331,"rotation":68.95},{"name":"guangxiao6","parent":"root","length":58.64,"x":-55.35,"y":255.96,"scaleX":0.497,"scaleY":0.497,"rotation":93.52},{"name":"guangxiao7","parent":"root","length":58.64,"x":4.8,"y":201.44,"scaleX":0.306,"scaleY":0.306,"rotation":88.23},{"name":"guangxiao8","parent":"root","length":58.64,"x":-294.09,"y":-47.89,"scaleX":0.503,"scaleY":2.825,"rotation":89.66},{"name":"huangguang","parent":"root","length":58.02,"x":-0.79,"y":236.92,"rotation":-2.72},{"name":"huangguang_01","parent":"root","length":77.96,"x":-1.48,"y":241.06,"rotation":90},{"name":"huangguang_1","parent":"root","length":77.96,"x":-1.48,"y":241.06,"rotation":90},{"name":"shengli","parent":"root","length":62.1,"x":-0.1,"y":125.83,"rotation":-179.36},{"name":"shengli-01","parent":"root","length":48.98,"x":-0.1,"y":123.76,"rotation":-90},{"name":"shengli-1","parent":"root","length":48.98,"x":-0.1,"y":123.76,"rotation":-90}],"slots":[{"name":"di","bone":"di","attachment":"di"},{"name":"piaodai","bone":"piaodai","attachment":"piaodai"},{"name":"huangguang","bone":"huangguang","attachment":"huangguang"},{"name":"huangguang_01","bone":"huangguang_01","attachment":"huangguang_01","blend":"additive"},{"name":"huangguang_1","bone":"huangguang_1","attachment":"huangguang_01","blend":"additive"},{"name":"cb_guang","bone":"cb_guang","attachment":"cb_guang"},{"name":"cb_guang4","bone":"cb_guang4","attachment":"cb_guang"},{"name":"cb_guang2","bone":"cb_guang2","attachment":"cb_guang"},{"name":"cb_guang3","bone":"cb_guang3","attachment":"cb_guang"},{"name":"chiban","bone":"chiban","attachment":"chiban"},{"name":"chiban2","bone":"chiban2","attachment":"chiban"},{"name":"shengli","bone":"shengli","attachment":"shengli"},{"name":"shengli-01","bone":"shengli-01","attachment":"shengli-01","blend":"additive"},{"name":"shengli-1","bone":"shengli-1","attachment":"shengli-01","blend":"additive"},{"name":"guangxiao","bone":"guangxiao","attachment":"guangxiao"},{"name":"guangxiao2","bone":"guangxiao2","attachment":"guangxiao"},{"name":"guangxiao3","bone":"guangxiao3","attachment":"guangxiao"},{"name":"guangxiao4","bone":"guangxiao4","attachment":"guangxiao"},{"name":"guangxiao5","bone":"guangxiao5","attachment":"guangxiao"},{"name":"guangxiao6","bone":"guangxiao6","attachment":"guangxiao"},{"name":"guangxiao7","bone":"guangxiao7","attachment":"guangxiao"},{"name":"guangxiao8","bone":"guangxiao8","attachment":"guangxiao"}],"skins":{"default":{"cb_guang":{"cb_guang":{"x":52.43,"y":-56.25,"scaleX":-1,"rotation":170.13,"width":152,"height":173}},"cb_guang2":{"cb_guang":{"x":51.2,"y":51.17,"rotation":12.52,"width":152,"height":173}},"cb_guang3":{"cb_guang":{"x":51.2,"y":51.17,"rotation":12.52,"width":152,"height":173}},"cb_guang4":{"cb_guang":{"x":52.43,"y":-56.25,"scaleX":-1,"rotation":170.13,"width":152,"height":173}},"chiban":{"chiban":{"x":63.25,"y":2.49,"scaleX":-1,"rotation":-148.64,"width":118,"height":135}},"chiban2":{"chiban":{"x":65.57,"y":-1.04,"rotation":-24.59,"width":118,"height":135}},"di":{"di":{"x":1.09,"y":0.92,"width":703,"height":149}},"guangxiao":{"guangxiao":{"x":-2.27,"y":-2.96,"rotation":-90,"width":149,"height":149}},"guangxiao2":{"guangxiao":{"x":-2.27,"y":-2.96,"rotation":-90,"width":149,"height":149}},"guangxiao3":{"guangxiao":{"x":-2.27,"y":-2.96,"rotation":-90,"width":149,"height":149}},"guangxiao4":{"guangxiao":{"x":-2.27,"y":-2.96,"rotation":-90,"width":149,"height":149}},"guangxiao5":{"guangxiao":{"x":-2.27,"y":-2.96,"rotation":-90,"width":149,"height":149}},"guangxiao6":{"guangxiao":{"x":-2.27,"y":-2.96,"rotation":-90,"width":149,"height":149}},"guangxiao7":{"guangxiao":{"x":-2.27,"y":-2.96,"rotation":-90,"width":149,"height":149}},"guangxiao8":{"guangxiao":{"x":-2.27,"y":-2.96,"rotation":-90,"width":149,"height":149}},"huangguang":{"huangguang":{"x":0.8,"y":5.97,"rotation":2.72,"width":173,"height":128}},"huangguang_01":{"huangguang_01":{"x":6.29,"y":-1.78,"rotation":-90,"width":177,"height":129}},"huangguang_1":{"huangguang_01":{"x":6.29,"y":-1.78,"rotation":-90,"width":177,"height":129}},"piaodai":{"piaodai":{"x":-13.62,"y":9.97,"rotation":-90,"width":565,"height":137}},"shengli":{"shengli":{"x":-1.91,"y":-1.5,"rotation":179.36,"width":256,"height":131}},"shengli-01":{"shengli-01":{"x":-7.59,"y":2.4,"scaleX":0.78,"scaleY":0.78,"rotation":90,"width":365,"height":191}},"shengli-1":{"shengli-01":{"x":-7.59,"y":2.4,"scaleX":0.78,"scaleY":0.78,"rotation":90,"width":365,"height":191}}}},"animations":{"animation":{"slots":{"cb_guang":{"color":[{"time":0,"color":"ffffff00","curve":"stepped"},{"time":0.4333,"color":"ffffff00"},{"time":0.6,"color":"ffffff6a","curve":"stepped"},{"time":0.7666,"color":"ffffff6a"},{"time":0.8333,"color":"ffffff00"}]},"cb_guang2":{"color":[{"time":0,"color":"ffffff00","curve":"stepped"},{"time":0.4333,"color":"ffffff00"},{"time":0.6,"color":"ffffff6d","curve":"stepped"},{"time":0.7666,"color":"ffffff6d"},{"time":0.8333,"color":"ffffff00"}]},"cb_guang3":{"color":[{"time":0,"color":"ffffff00","curve":"stepped"},{"time":0.5666,"color":"ffffff00"},{"time":0.7666,"color":"fffffff1","curve":"stepped"},{"time":0.8333,"color":"fffffff1"},{"time":1.0333,"color":"ffffff00"}]},"cb_guang4":{"color":[{"time":0,"color":"ffffff00","curve":"stepped"},{"time":0.5666,"color":"ffffff00"},{"time":0.7666,"color":"fffffff1","curve":"stepped"},{"time":0.8333,"color":"fffffff1"},{"time":1.0333,"color":"ffffff00"}]},"chiban":{"color":[{"time":0,"color":"ffffff00","curve":"stepped"},{"time":0.3666,"color":"ffffff00"},{"time":0.4,"color":"ffffff1e"},{"time":0.5666,"color":"ffffffff"}]},"chiban2":{"color":[{"time":0,"color":"ffffff00","curve":"stepped"},{"time":0.3666,"color":"ffffff00"},{"time":0.4,"color":"ffffff1b"},{"time":0.5666,"color":"ffffffff"}]},"di":{"color":[{"time":0,"color":"ffffff00","curve":"stepped"},{"time":0.3,"color":"ffffff00"},{"time":0.3333,"color":"ffffffff"}]},"guangxiao":{"color":[{"time":0,"color":"ffffff00","curve":"stepped"},{"time":0.3,"color":"ffffff00"},{"time":0.3333,"color":"ffffffff","curve":"stepped"},{"time":0.6666,"color":"ffffffff"},{"time":0.8666,"color":"ffffff00"}]},"guangxiao2":{"color":[{"time":0,"color":"ffffff00","curve":"stepped"},{"time":0.3,"color":"ffffff00"},{"time":0.3333,"color":"ffffffff","curve":"stepped"},{"time":0.6666,"color":"ffffffff"},{"time":0.9,"color":"ffffff00"}]},"guangxiao3":{"color":[{"time":0,"color":"ffffff00","curve":"stepped"},{"time":0.3,"color":"ffffff00"},{"time":0.3333,"color":"ffffffff","curve":"stepped"},{"time":0.8333,"color":"ffffffff"},{"time":1.0666,"color":"ffffff00"}]},"guangxiao4":{"color":[{"time":0,"color":"ffffff00","curve":"stepped"},{"time":0.3,"color":"ffffff00"},{"time":0.3333,"color":"ffffffff","curve":"stepped"},{"time":0.7,"color":"ffffffff"},{"time":0.9,"color":"ffffff00","curve":"stepped"},{"time":1,"color":"ffffff00"}]},"guangxiao5":{"color":[{"time":0,"color":"ffffff00","curve":"stepped"},{"time":0.3,"color":"ffffff00"},{"time":0.3333,"color":"ffffffff","curve":"stepped"},{"time":0.7666,"color":"ffffffff"},{"time":1,"color":"ffffff00"}]},"guangxiao6":{"color":[{"time":0,"color":"ffffff00","curve":"stepped"},{"time":0.3,"color":"ffffff00"},{"time":0.3333,"color":"ffffffff","curve":"stepped"},{"time":0.7666,"color":"ffffffff"},{"time":1,"color":"ffffff00"}]},"guangxiao7":{"color":[{"time":0,"color":"ffffff00","curve":"stepped"},{"time":0.3,"color":"ffffff00"},{"time":0.3333,"color":"ffffffff"},{"time":1,"color":"ffffff00"}]},"guangxiao8":{"color":[{"time":0,"color":"ffffff00","curve":"stepped"},{"time":0.5333,"color":"ffffff00"},{"time":0.7,"color":"ffffffff","curve":"stepped"},{"time":0.9666,"color":"ffffffff"},{"time":1.1,"color":"ffffff00"}]},"huangguang":{"color":[{"time":0,"color":"ffffff00","curve":"stepped"},{"time":0.2,"color":"ffffff00"},{"time":0.2333,"color":"ffffffff"}]},"huangguang_01":{"color":[{"time":0,"color":"ffffff00","curve":"stepped"},{"time":0.3,"color":"ffffff00"},{"time":0.4,"color":"ffffff85"},{"time":1.5333,"color":"ffffff00"}]},"huangguang_1":{"color":[{"time":0,"color":"ffffff00","curve":"stepped"},{"time":0.3,"color":"ffffff00"},{"time":0.4,"color":"ffffff30"},{"time":1.5333,"color":"ffffff00"}]},"piaodai":{"color":[{"time":0,"color":"ffffff00","curve":"stepped"},{"time":0.0666,"color":"ffffff00"},{"time":0.1333,"color":"ffffffff"}]},"shengli":{"color":[{"time":0,"color":"ffffff00","curve":"stepped"},{"time":0.1333,"color":"ffffff00"},{"time":0.3,"color":"ffffffff"}]},"shengli-01":{"color":[{"time":0,"color":"ffffff10"},{"time":0.1,"color":"ffffffe7"},{"time":0.2666,"color":"ffffff00"}]},"shengli-1":{"color":[{"time":0,"color":"ffffff00","curve":"stepped"},{"time":0.1,"color":"ffffff00"},{"time":0.2,"color":"ffffffff"},{"time":0.5333,"color":"ffffff00"}]}},"bones":{"di":{"rotate":[{"time":0,"angle":0,"curve":"stepped"},{"time":0.3,"angle":0,"curve":"stepped"},{"time":0.6666,"angle":0,"curve":"stepped"},{"time":1.5333,"angle":0}],"translate":[{"time":0,"x":0,"y":0,"curve":"stepped"},{"time":0.3,"x":0,"y":0,"curve":"stepped"},{"time":0.6666,"x":0,"y":0,"curve":"stepped"},{"time":1.5333,"x":0,"y":0}],"scale":[{"time":0,"x":1,"y":1,"curve":"stepped"},{"time":0.3,"x":1,"y":1},{"time":0.3333,"x":1,"y":0.229},{"time":0.4333,"x":1,"y":1.279},{"time":0.6666,"x":1,"y":1,"curve":"stepped"},{"time":1.5333,"x":1,"y":1}]},"root":{"rotate":[{"time":0,"angle":0,"curve":"stepped"},{"time":1.5333,"angle":0}],"translate":[{"time":0,"x":0,"y":0,"curve":"stepped"},{"time":1.5333,"x":0,"y":0}],"scale":[{"time":0,"x":1,"y":1,"curve":"stepped"},{"time":1.5333,"x":1,"y":1}]},"piaodai":{"rotate":[{"time":0,"angle":0,"curve":"stepped"},{"time":0.3666,"angle":0,"curve":"stepped"},{"time":0.7333,"angle":0,"curve":"stepped"},{"time":1.5333,"angle":0}],"translate":[{"time":0,"x":0,"y":0},{"time":0.0333,"x":0,"y":29.26},{"time":0.2666,"x":0,"y":15.95},{"time":0.3666,"x":0,"y":-6.42},{"time":0.4666,"x":0,"y":8.02},{"time":0.5666,"x":0,"y":0.2},{"time":0.6666,"x":0,"y":4.06},{"time":0.7333,"x":0,"y":0,"curve":"stepped"},{"time":1.5333,"x":0,"y":0}],"scale":[{"time":0,"x":1,"y":1},{"time":0.1,"x":0.564,"y":0.564},{"time":0.2666,"x":1.121,"y":1.121},{"time":0.3666,"x":1,"y":1,"curve":"stepped"},{"time":0.7333,"x":1,"y":1,"curve":"stepped"},{"time":1.5333,"x":1,"y":1}]},"bone":{"rotate":[{"time":0,"angle":0},{"time":0.1333,"angle":-11.11},{"time":0.3666,"angle":0.83},{"time":0.4666,"angle":-7.12},{"time":0.5666,"angle":0.57},{"time":0.6666,"angle":-3.72},{"time":0.7333,"angle":0,"curve":"stepped"},{"time":1.5333,"angle":0}],"translate":[{"time":0,"x":0,"y":0,"curve":"stepped"},{"time":0.7333,"x":0,"y":0,"curve":"stepped"},{"time":1.5333,"x":0,"y":0}],"scale":[{"time":0,"x":1,"y":1},{"time":0.3666,"x":0.942,"y":1},{"time":0.4666,"x":1.07,"y":1},{"time":0.5666,"x":0.948,"y":1},{"time":0.7333,"x":1,"y":1,"curve":"stepped"},{"time":1.5333,"x":1,"y":1}]},"bone2":{"rotate":[{"time":0,"angle":0},{"time":0.1333,"angle":-11.39},{"time":0.3666,"angle":14.45},{"time":0.4666,"angle":-6.05},{"time":0.5666,"angle":8.18},{"time":0.7333,"angle":3.61},{"time":0.8333,"angle":0,"curve":"stepped"},{"time":1.5333,"angle":0}],"translate":[{"time":0,"x":0,"y":0,"curve":"stepped"},{"time":0.7333,"x":0,"y":0,"curve":"stepped"},{"time":1.5333,"x":0,"y":0}],"scale":[{"time":0,"x":1,"y":1,"curve":"stepped"},{"time":0.3666,"x":1,"y":1},{"time":0.4666,"x":1.06,"y":1},{"time":0.7333,"x":1,"y":1,"curve":"stepped"},{"time":1.5333,"x":1,"y":1}]},"bone3":{"rotate":[{"time":0,"angle":0},{"time":0.1333,"angle":-14.58},{"time":0.3666,"angle":20.28},{"time":0.4333,"angle":16.08},{"time":0.4666,"angle":-15.43},{"time":0.5666,"angle":-24.45},{"time":0.6666,"angle":12.48},{"time":0.7333,"angle":-8.86},{"time":0.8333,"angle":0,"curve":"stepped"},{"time":1.5333,"angle":0}],"translate":[{"time":0,"x":0,"y":0,"curve":"stepped"},{"time":0.7333,"x":0,"y":0,"curve":"stepped"},{"time":1.5333,"x":0,"y":0}],"scale":[{"time":0,"x":1,"y":1,"curve":"stepped"},{"time":0.4666,"x":1,"y":1},{"time":0.5666,"x":1.191,"y":1},{"time":0.7333,"x":1,"y":1,"curve":"stepped"},{"time":1.5333,"x":1,"y":1}]},"bone4":{"rotate":[{"time":0,"angle":0},{"time":0.3666,"angle":34.28},{"time":0.4666,"angle":27.5},{"time":0.5666,"angle":-17.54},{"time":0.6666,"angle":19.79},{"time":0.7333,"angle":14.42},{"time":0.8333,"angle":0,"curve":"stepped"},{"time":1.5333,"angle":0}],"translate":[{"time":0,"x":0,"y":0,"curve":"stepped"},{"time":0.7333,"x":0,"y":0,"curve":"stepped"},{"time":1.5333,"x":0,"y":0}],"scale":[{"time":0,"x":1,"y":1,"curve":"stepped"},{"time":0.7333,"x":1,"y":1,"curve":"stepped"},{"time":1.5333,"x":1,"y":1}]},"bone6":{"rotate":[{"time":0,"angle":0},{"time":0.1333,"angle":12.38},{"time":0.3666,"angle":-1.15},{"time":0.4666,"angle":4.76},{"time":0.5666,"angle":-2.34},{"time":0.6666,"angle":3.48},{"time":0.7333,"angle":0,"curve":"stepped"},{"time":1.5333,"angle":0}],"translate":[{"time":0,"x":0,"y":0,"curve":"stepped"},{"time":0.7333,"x":0,"y":0,"curve":"stepped"},{"time":1.5333,"x":0,"y":0}],"scale":[{"time":0,"x":1,"y":1},{"time":0.3666,"x":0.943,"y":1},{"time":0.4666,"x":1.053,"y":1},{"time":0.5666,"x":0.954,"y":1},{"time":0.7333,"x":1,"y":1,"curve":"stepped"},{"time":1.5333,"x":1,"y":1}]},"bone7":{"rotate":[{"time":0,"angle":0},{"time":0.1333,"angle":8.5},{"time":0.3666,"angle":-20.72},{"time":0.4666,"angle":10.11},{"time":0.5666,"angle":-8.92},{"time":0.7333,"angle":-3.95},{"time":0.8333,"angle":0,"curve":"stepped"},{"time":1.5333,"angle":0}],"translate":[{"time":0,"x":0,"y":0,"curve":"stepped"},{"time":0.7333,"x":0,"y":0,"curve":"stepped"},{"time":1.5333,"x":0,"y":0}],"scale":[{"time":0,"x":1,"y":1,"curve":"stepped"},{"time":0.3666,"x":1,"y":1},{"time":0.4666,"x":1.135,"y":1},{"time":0.7333,"x":1,"y":1,"curve":"stepped"},{"time":1.5333,"x":1,"y":1}]},"bone8":{"rotate":[{"time":0,"angle":0},{"time":0.1333,"angle":7.55},{"time":0.3666,"angle":-13.22},{"time":0.4333,"angle":-18.99},{"time":0.4666,"angle":32.81},{"time":0.5666,"angle":5.91},{"time":0.6666,"angle":-16.56},{"time":0.7333,"angle":6.86},{"time":0.8333,"angle":0,"curve":"stepped"},{"time":1.5333,"angle":0}],"translate":[{"time":0,"x":0,"y":0,"curve":"stepped"},{"time":0.7333,"x":0,"y":0,"curve":"stepped"},{"time":1.5333,"x":0,"y":0}],"scale":[{"time":0,"x":1,"y":1,"curve":"stepped"},{"time":0.4666,"x":1,"y":1},{"time":0.5666,"x":1.205,"y":1},{"time":0.7333,"x":1,"y":1,"curve":"stepped"},{"time":1.5333,"x":1,"y":1}]},"bone9":{"rotate":[{"time":0,"angle":0},{"time":0.3666,"angle":-29.73},{"time":0.4666,"angle":-18.97},{"time":0.5666,"angle":10.02},{"time":0.6666,"angle":-15.39},{"time":0.7333,"angle":-8.78},{"time":0.8333,"angle":0,"curve":"stepped"},{"time":1.5333,"angle":0}],"translate":[{"time":0,"x":0,"y":0,"curve":"stepped"},{"time":0.7333,"x":0,"y":0,"curve":"stepped"},{"time":1.5333,"x":0,"y":0}],"scale":[{"time":0,"x":1,"y":1,"curve":"stepped"},{"time":0.7333,"x":1,"y":1,"curve":"stepped"},{"time":1.5333,"x":1,"y":1}]},"bone10":{"rotate":[{"time":0,"angle":0},{"time":0.3666,"angle":-10.15},{"time":0.4666,"angle":-3.83},{"time":0.5666,"angle":9.9},{"time":0.6666,"angle":-12.88},{"time":0.7333,"angle":-6.87},{"time":0.8333,"angle":0,"curve":"stepped"},{"time":1.5333,"angle":0}],"translate":[{"time":0,"x":0,"y":0,"curve":"stepped"},{"time":0.7333,"x":0,"y":0,"curve":"stepped"},{"time":1.5333,"x":0,"y":0}],"scale":[{"time":0,"x":1,"y":1,"curve":"stepped"},{"time":0.7333,"x":1,"y":1,"curve":"stepped"},{"time":1.5333,"x":1,"y":1}]},"bone5":{"rotate":[{"time":0,"angle":0},{"time":0.3666,"angle":22.43},{"time":0.4666,"angle":-18.98},{"time":0.5666,"angle":-24.69},{"time":0.6666,"angle":8.16},{"time":0.7333,"angle":10.45},{"time":0.8333,"angle":0,"curve":"stepped"},{"time":1.5333,"angle":0}],"translate":[{"time":0,"x":0,"y":0,"curve":"stepped"},{"time":0.7333,"x":0,"y":0,"curve":"stepped"},{"time":1.5333,"x":0,"y":0}],"scale":[{"time":0,"x":1,"y":1,"curve":"stepped"},{"time":0.7333,"x":1,"y":1,"curve":"stepped"},{"time":1.5333,"x":1,"y":1}]},"shengli-01":{"rotate":[{"time":0,"angle":0,"curve":"stepped"},{"time":0.1,"angle":0,"curve":"stepped"},{"time":0.2666,"angle":0,"curve":"stepped"},{"time":1.5333,"angle":0}],"translate":[{"time":0,"x":0,"y":0,"curve":"stepped"},{"time":0.1,"x":0,"y":0,"curve":"stepped"},{"time":0.2666,"x":0,"y":0,"curve":"stepped"},{"time":1.5333,"x":0,"y":0}],"scale":[{"time":0,"x":4.442,"y":4.442},{"time":0.1,"x":0.862,"y":0.862},{"time":0.2666,"x":1.985,"y":1.985,"curve":"stepped"},{"time":1.5333,"x":1.985,"y":1.985}]},"shengli":{"rotate":[{"time":0,"angle":0,"curve":"stepped"},{"time":0.1333,"angle":0,"curve":"stepped"},{"time":0.3,"angle":0,"curve":"stepped"},{"time":1.5333,"angle":0}],"translate":[{"time":0,"x":0,"y":0,"curve":"stepped"},{"time":0.1333,"x":0,"y":0,"curve":"stepped"},{"time":0.3,"x":0,"y":0,"curve":"stepped"},{"time":1.5333,"x":0,"y":0}],"scale":[{"time":0,"x":1,"y":1},{"time":0.1333,"x":1.192,"y":1.192},{"time":0.3,"x":1,"y":1,"curve":"stepped"},{"time":1.5333,"x":1,"y":1}]},"huangguang_01":{"rotate":[{"time":0,"angle":0,"curve":"stepped"},{"time":1.5333,"angle":0}],"translate":[{"time":0,"x":0,"y":0,"curve":"stepped"},{"time":0.3,"x":0,"y":0,"curve":"stepped"},{"time":0.3333,"x":0,"y":0},{"time":0.4,"x":0,"y":6.36},{"time":0.4666,"x":0,"y":-1.51},{"time":0.5,"x":0,"y":0,"curve":"stepped"},{"time":1.5333,"x":0,"y":0}],"scale":[{"time":0,"x":1,"y":1,"curve":"stepped"},{"time":0.3,"x":1,"y":1},{"time":0.3333,"x":0.936,"y":1.172},{"time":0.4,"x":0.996,"y":0.933},{"time":0.4666,"x":0.989,"y":1.022},{"time":0.5,"x":1,"y":1,"curve":"stepped"},{"time":1.5333,"x":1,"y":1}]},"huangguang":{"rotate":[{"time":0,"angle":0,"curve":"stepped"},{"time":0.2333,"angle":0,"curve":"stepped"},{"time":0.3333,"angle":0,"curve":"stepped"},{"time":0.4666,"angle":0,"curve":"stepped"},{"time":1.5333,"angle":0}],"translate":[{"time":0,"x":0,"y":0},{"time":0.2333,"x":0,"y":234.93},{"time":0.3333,"x":0,"y":-6.22},{"time":0.4,"x":0,"y":7.15},{"time":0.4666,"x":0,"y":0,"curve":"stepped"},{"time":1.5333,"x":0,"y":0}],"scale":[{"time":0,"x":1,"y":1},{"time":0.2333,"x":0.336,"y":1.307},{"time":0.3333,"x":1.124,"y":1},{"time":0.4,"x":0.927,"y":1},{"time":0.4666,"x":1.027,"y":0.981},{"time":0.5,"x":1,"y":1,"curve":"stepped"},{"time":1.5333,"x":1,"y":1}]},"cb_guang2":{"rotate":[{"time":0,"angle":0},{"time":0.4333,"angle":-58.59},{"time":0.8333,"angle":0,"curve":"stepped"},{"time":1.5333,"angle":0}],"translate":[{"time":0,"x":0,"y":0,"curve":"stepped"},{"time":0.4333,"x":0,"y":0,"curve":"stepped"},{"time":0.8333,"x":0,"y":0,"curve":"stepped"},{"time":1.5333,"x":0,"y":0}],"scale":[{"time":0,"x":1,"y":1,"curve":"stepped"},{"time":0.4333,"x":1,"y":1},{"time":0.8333,"x":0.947,"y":0.947,"curve":"stepped"},{"time":1.5333,"x":0.947,"y":0.947}]},"cb_guang":{"rotate":[{"time":0,"angle":0},{"time":0.4333,"angle":47.13},{"time":0.8333,"angle":0,"curve":"stepped"},{"time":1.5333,"angle":0}],"translate":[{"time":0,"x":0,"y":0,"curve":"stepped"},{"time":0.8333,"x":0,"y":0,"curve":"stepped"},{"time":1.5333,"x":0,"y":0}],"scale":[{"time":0,"x":1,"y":1},{"time":0.8333,"x":0.95,"y":0.95,"curve":"stepped"},{"time":1.5333,"x":0.95,"y":0.95}]},"guangxiao":{"rotate":[{"time":0,"angle":0,"curve":"stepped"},{"time":0.3333,"angle":0},{"time":0.8666,"angle":-127.07,"curve":"stepped"},{"time":1.5333,"angle":-127.07}],"translate":[{"time":0,"x":0,"y":0},{"time":0.3333,"x":-29.01,"y":-15.87},{"time":0.8666,"x":83.95,"y":8.58,"curve":"stepped"},{"time":1.5333,"x":83.95,"y":8.58}],"scale":[{"time":0,"x":1,"y":1,"curve":"stepped"},{"time":0.3333,"x":1,"y":1},{"time":0.8666,"x":0.642,"y":0.642,"curve":"stepped"},{"time":1.5333,"x":0.642,"y":0.642}]},"chiban2":{"rotate":[{"time":0,"angle":0},{"time":0.4,"angle":-62.51},{"time":0.5666,"angle":17.63},{"time":0.7,"angle":-8.76},{"time":0.8,"angle":10.12},{"time":0.9,"angle":0,"curve":"stepped"},{"time":1.5333,"angle":0}],"translate":[{"time":0,"x":0,"y":0,"curve":"stepped"},{"time":0.4,"x":0,"y":0,"curve":"stepped"},{"time":0.5666,"x":0,"y":0,"curve":"stepped"},{"time":0.9,"x":0,"y":0,"curve":"stepped"},{"time":1.5333,"x":0,"y":0}],"scale":[{"time":0,"x":1,"y":1,"curve":"stepped"},{"time":0.4,"x":1,"y":1,"curve":"stepped"},{"time":0.5666,"x":1,"y":1,"curve":"stepped"},{"time":0.9,"x":1,"y":1,"curve":"stepped"},{"time":1.5333,"x":1,"y":1}]},"bone11":{"rotate":[{"time":0,"angle":0,"curve":"stepped"},{"time":0.4,"angle":0},{"time":0.4666,"angle":-13.03},{"time":0.5,"angle":-5.79},{"time":0.5666,"angle":0},{"time":0.7,"angle":9.32},{"time":0.8,"angle":-7.82},{"time":0.9,"angle":0,"curve":"stepped"},{"time":1.5333,"angle":0}],"translate":[{"time":0,"x":0,"y":0,"curve":"stepped"},{"time":0.4,"x":0,"y":0,"curve":"stepped"},{"time":0.5666,"x":0,"y":0,"curve":"stepped"},{"time":0.9,"x":0,"y":0,"curve":"stepped"},{"time":1.5333,"x":0,"y":0}],"scale":[{"time":0,"x":1,"y":1,"curve":"stepped"},{"time":0.4,"x":1,"y":1,"curve":"stepped"},{"time":0.5666,"x":1,"y":1,"curve":"stepped"},{"time":0.9,"x":1,"y":1,"curve":"stepped"},{"time":1.5333,"x":1,"y":1}]},"bone12":{"rotate":[{"time":0,"angle":0,"curve":"stepped"},{"time":0.4,"angle":0},{"time":0.4333,"angle":-12.05},{"time":0.4666,"angle":-17.57},{"time":0.5,"angle":-14.01},{"time":0.5666,"angle":-13.5},{"time":0.6333,"angle":0},{"time":0.7,"angle":10.09},{"time":0.8,"angle":-18.73},{"time":0.9,"angle":0,"curve":"stepped"},{"time":1.5333,"angle":0}],"translate":[{"time":0,"x":0,"y":0,"curve":"stepped"},{"time":0.4,"x":0,"y":0,"curve":"stepped"},{"time":0.5666,"x":0,"y":0,"curve":"stepped"},{"time":0.9,"x":0,"y":0,"curve":"stepped"},{"time":1.5333,"x":0,"y":0}],"scale":[{"time":0,"x":1,"y":1,"curve":"stepped"},{"time":0.4,"x":1,"y":1,"curve":"stepped"},{"time":0.5666,"x":1,"y":1,"curve":"stepped"},{"time":0.9,"x":1,"y":1,"curve":"stepped"},{"time":1.5333,"x":1,"y":1}]},"bone13":{"rotate":[{"time":0,"angle":0,"curve":"stepped"},{"time":0.4,"angle":0},{"time":0.4666,"angle":-15.3},{"time":0.5,"angle":-17.21},{"time":0.5666,"angle":-11.74},{"time":0.6333,"angle":0},{"time":0.7,"angle":4.28},{"time":0.8,"angle":-3.95},{"time":0.9,"angle":0,"curve":"stepped"},{"time":1.5333,"angle":0}],"translate":[{"time":0,"x":0,"y":0,"curve":"stepped"},{"time":0.4,"x":0,"y":0,"curve":"stepped"},{"time":0.5666,"x":0,"y":0,"curve":"stepped"},{"time":0.9,"x":0,"y":0,"curve":"stepped"},{"time":1.5333,"x":0,"y":0}],"scale":[{"time":0,"x":1,"y":1,"curve":"stepped"},{"time":0.4,"x":1,"y":1,"curve":"stepped"},{"time":0.5666,"x":1,"y":1,"curve":"stepped"},{"time":0.9,"x":1,"y":1,"curve":"stepped"},{"time":1.5333,"x":1,"y":1}]},"chiban":{"rotate":[{"time":0,"angle":0},{"time":0.4,"angle":-296.15},{"time":0.5666,"angle":-10.72},{"time":0.7,"angle":10.98},{"time":0.8,"angle":-10.5},{"time":0.9,"angle":0,"curve":"stepped"},{"time":1.5333,"angle":0}],"translate":[{"time":0,"x":0,"y":0,"curve":"stepped"},{"time":0.9,"x":0,"y":0,"curve":"stepped"},{"time":1.5333,"x":0,"y":0}],"scale":[{"time":0,"x":1,"y":1,"curve":"stepped"},{"time":0.9,"x":1,"y":1,"curve":"stepped"},{"time":1.5333,"x":1,"y":1}]},"bone14":{"rotate":[{"time":0,"angle":0},{"time":0.4666,"angle":9.56},{"time":0.5666,"angle":0},{"time":0.7,"angle":-13.11},{"time":0.8,"angle":8.14},{"time":0.9,"angle":0,"curve":"stepped"},{"time":1.5333,"angle":0}],"translate":[{"time":0,"x":0,"y":0,"curve":"stepped"},{"time":0.9,"x":0,"y":0,"curve":"stepped"},{"time":1.5333,"x":0,"y":0}],"scale":[{"time":0,"x":1,"y":1,"curve":"stepped"},{"time":0.9,"x":1,"y":1,"curve":"stepped"},{"time":1.5333,"x":1,"y":1}]},"bone15":{"rotate":[{"time":0,"angle":0,"curve":"stepped"},{"time":0.4,"angle":0},{"time":0.4666,"angle":14.44},{"time":0.5666,"angle":8.44},{"time":0.7,"angle":-3.24},{"time":0.8,"angle":13.62},{"time":0.9,"angle":0,"curve":"stepped"},{"time":1.5333,"angle":0}],"translate":[{"time":0,"x":0,"y":0,"curve":"stepped"},{"time":0.9,"x":0,"y":0,"curve":"stepped"},{"time":1.5333,"x":0,"y":0}],"scale":[{"time":0,"x":1,"y":1,"curve":"stepped"},{"time":0.9,"x":1,"y":1,"curve":"stepped"},{"time":1.5333,"x":1,"y":1}]},"bone16":{"rotate":[{"time":0,"angle":0,"curve":"stepped"},{"time":0.4,"angle":0},{"time":0.4666,"angle":18.61},{"time":0.5666,"angle":9.61},{"time":0.7,"angle":-13.4},{"time":0.8,"angle":19.35},{"time":0.9,"angle":0,"curve":"stepped"},{"time":1.5333,"angle":0}],"translate":[{"time":0,"x":0,"y":0,"curve":"stepped"},{"time":0.9,"x":0,"y":0,"curve":"stepped"},{"time":1.5333,"x":0,"y":0}],"scale":[{"time":0,"x":1,"y":1,"curve":"stepped"},{"time":0.9,"x":1,"y":1,"curve":"stepped"},{"time":1.5333,"x":1,"y":1}]},"guangxiao7":{"rotate":[{"time":0.3333,"angle":0},{"time":1,"angle":61.01,"curve":"stepped"},{"time":1.5333,"angle":61.01}],"translate":[{"time":0.3333,"x":-3.33,"y":26.68},{"time":1,"x":-6.45,"y":-87.96,"curve":"stepped"},{"time":1.5333,"x":-6.45,"y":-87.96}],"scale":[{"time":0.3333,"x":1,"y":1},{"time":1,"x":0.176,"y":0.176,"curve":"stepped"},{"time":1.5333,"x":0.176,"y":0.176}]},"guangxiao6":{"rotate":[{"time":0.3333,"angle":0},{"time":1,"angle":-215.07},{"time":1.5333,"angle":144.92}],"translate":[{"time":0.3333,"x":31.35,"y":-13.34},{"time":1,"x":-131.54,"y":-16.94,"curve":"stepped"},{"time":1.5333,"x":-131.54,"y":-16.94}],"scale":[{"time":0.3333,"x":1,"y":1},{"time":1,"x":0.225,"y":0.225,"curve":"stepped"},{"time":1.5333,"x":0.225,"y":0.225}]},"guangxiao5":{"rotate":[{"time":0.3333,"angle":0},{"time":1,"angle":101.88,"curve":"stepped"},{"time":1.5333,"angle":101.88}],"translate":[{"time":0.3333,"x":-18.67,"y":-23.34},{"time":1,"x":8.07,"y":96.03,"curve":"stepped"},{"time":1.5333,"x":8.07,"y":96.03}],"scale":[{"time":0.3333,"x":1,"y":1,"curve":"stepped"},{"time":1.5333,"x":1,"y":1}]},"guangxiao4":{"rotate":[{"time":0.3333,"angle":0},{"time":0.9,"angle":-76.18,"curve":"stepped"},{"time":1.5333,"angle":-76.18}],"translate":[{"time":0.3333,"x":-30.25,"y":6.42},{"time":0.9,"x":62.13,"y":-70.2,"curve":"stepped"},{"time":1.5333,"x":62.13,"y":-70.2}],"scale":[{"time":0.3333,"x":1,"y":1,"curve":"stepped"},{"time":1.5333,"x":1,"y":1}]},"guangxiao3":{"rotate":[{"time":0.3333,"angle":0},{"time":1.0666,"angle":-104.8,"curve":"stepped"},{"time":1.5333,"angle":-104.8}],"translate":[{"time":0.3333,"x":22.01,"y":10.67},{"time":1.0666,"x":-83.92,"y":-96.83,"curve":"stepped"},{"time":1.5333,"x":-83.92,"y":-96.83}],"scale":[{"time":0.3333,"x":1,"y":1,"curve":"stepped"},{"time":1.5333,"x":1,"y":1}]},"guangxiao2":{"rotate":[{"time":0.3333,"angle":0},{"time":0.9,"angle":-107.17,"curve":"stepped"},{"time":1.5333,"angle":-107.17}],"translate":[{"time":0.3333,"x":14.67,"y":-26.68},{"time":0.9,"x":-91.99,"y":81.5,"curve":"stepped"},{"time":1.5333,"x":-91.99,"y":81.5}],"scale":[{"time":0.3333,"x":1,"y":1},{"time":0.9,"x":0.136,"y":0.136,"curve":"stepped"},{"time":1.5333,"x":0.136,"y":0.136}]},"guangxiao8":{"rotate":[{"time":1.5333,"angle":0}],"translate":[{"time":0,"x":26.59,"y":12.76},{"time":0.5333,"x":-18.71,"y":0.21},{"time":0.5666,"x":-37.57,"y":7.65},{"time":0.6333,"x":55.69,"y":0.72},{"time":0.7,"x":105.29,"y":1.06},{"time":0.8666,"x":451.03,"y":1.06},{"time":1.1,"x":622.58,"y":1.06,"curve":"stepped"},{"time":1.5333,"x":622.58,"y":1.06}],"scale":[{"time":0.5333,"x":1,"y":0.343},{"time":0.5666,"x":0.343,"y":0.475},{"time":0.7,"x":1,"y":1},{"time":0.8666,"x":0.64,"y":0.877},{"time":1.1,"x":0.184,"y":0.298,"curve":"stepped"},{"time":1.5333,"x":0.184,"y":0.298}]},"cb_guang4":{"rotate":[{"time":0,"angle":0},{"time":0.5666,"angle":63.3},{"time":1.0333,"angle":-0.34,"curve":"stepped"},{"time":1.5333,"angle":-0.34}],"translate":[{"time":1.5333,"x":0,"y":0}],"scale":[{"time":0.5666,"x":1,"y":1},{"time":1.0333,"x":0.93,"y":0.93,"curve":"stepped"},{"time":1.5333,"x":0.93,"y":0.93}]},"cb_guang3":{"rotate":[{"time":0,"angle":0},{"time":0.5666,"angle":-57.93},{"time":1.0333,"angle":1.19,"curve":"stepped"},{"time":1.5333,"angle":1.19}],"translate":[{"time":1.5333,"x":0,"y":0}],"scale":[{"time":0.5666,"x":1,"y":1},{"time":1.0333,"x":0.929,"y":0.929,"curve":"stepped"},{"time":1.5333,"x":0.929,"y":0.929}]},"huangguang_1":{"rotate":[{"time":1.5333,"angle":0}],"translate":[{"time":1.5333,"x":0,"y":0}],"scale":[{"time":1.5333,"x":1,"y":1}]},"shengli-1":{"rotate":[{"time":1.5333,"angle":0}],"translate":[{"time":1.5333,"x":0,"y":0}],"scale":[{"time":1.5333,"x":1,"y":1}]}}}}}