{"skeleton":{"hash":"ZS2ylcXnBF7LMm3yn9Pm0d5fTyY","spine":"3.6.52","width":99.24,"height":94.23,"images":"./images/"},"bones":[{"name":"root"},{"name":"bone","parent":"root","x":34.21,"y":0.86},{"name":"bone2","parent":"bone","x":-17.15,"y":123.74},{"name":"xiangzi","parent":"bone","length":36.08,"rotation":91.21,"x":-22.61,"y":8.38},{"name":"gaizi","parent":"xiangzi","length":43.94,"rotation":-1.21,"x":35.31,"y":0.02},{"name":"gaizi2","parent":"xiangzi","length":90.29,"rotation":64.89,"x":55.72,"y":-56.31},{"name":"guang","parent":"bone","x":-24.39,"y":49.29},{"name":"jinbi","parent":"gaizi","length":35.81,"rotation":0.41,"x":1.02,"y":-8.38},{"name":"texiao9","parent":"bone2","x":-41.49,"y":-48.72},{"name":"texiao10","parent":"bone2","x":-30.71,"y":-48.72,"scaleX":0.725,"scaleY":0.725},{"name":"texiao11","parent":"bone2","x":-18.85,"y":-48.72,"scaleX":0.708,"scaleY":0.89},{"name":"texiao12","parent":"bone2","x":-7.53,"y":-37.4,"scaleX":0.463,"scaleY":0.681},{"name":"texiao13","parent":"bone2","x":4.87,"y":-54.11,"scaleX":0.573,"scaleY":0.889},{"name":"texiao14","parent":"bone2","x":16.73,"y":-54.11,"scaleX":0.573,"scaleY":0.889},{"name":"texiao15","parent":"bone2","x":28.58,"y":-52.5,"scaleX":0.881},{"name":"texiao16","parent":"bone2","x":39.9,"y":-52.5,"scaleX":0.663,"scaleY":0.731}],"slots":[{"name":"xiangzi","bone":"xiangzi","attachment":"xiangzi"},{"name":"gaizi2","bone":"gaizi2"},{"name":"jinbi","bone":"jinbi","attachment":"jinbi"},{"name":"gaizi","bone":"gaizi","attachment":"gaizi"},{"name":"guang","bone":"guang"},{"name":"texiao9","bone":"texiao9"},{"name":"texiao15","bone":"texiao15"},{"name":"texiao16","bone":"texiao16"},{"name":"texiao10","bone":"texiao10"},{"name":"texiao11","bone":"texiao11"},{"name":"texiao12","bone":"texiao12"},{"name":"texiao13","bone":"texiao13"},{"name":"texiao14","bone":"texiao14"}],"skins":{"default":{"gaizi":{"gaizi":{"x":22.22,"y":-4.63,"rotation":-90,"width":99,"height":58}},"gaizi2":{"gaizi2":{"x":50.1,"y":2.91,"rotation":-156.1,"width":97,"height":53}},"guang":{"guang":{"x":0.23,"y":-0.14,"width":128,"height":131}},"jinbi":{"jinbi":{"x":14.76,"y":-0.37,"rotation":-90.41,"width":89,"height":39}},"texiao10":{"texiao9":{"x":3.21,"y":-11.06,"scaleX":0.578,"scaleY":0.578,"width":58,"height":188}},"texiao11":{"texiao9":{"x":3.21,"y":-11.06,"scaleX":0.578,"scaleY":0.578,"width":58,"height":188}},"texiao12":{"texiao9":{"x":3.21,"y":-11.06,"scaleX":0.578,"scaleY":0.578,"width":58,"height":188}},"texiao13":{"texiao9":{"x":3.21,"y":-11.06,"scaleX":0.578,"scaleY":0.578,"width":58,"height":188}},"texiao14":{"texiao9":{"x":-0.56,"y":-11.06,"scaleX":0.513,"scaleY":0.399,"width":58,"height":188}},"texiao15":{"texiao9":{"x":3.21,"y":-11.06,"scaleX":0.578,"scaleY":0.578,"width":58,"height":188}},"texiao16":{"texiao9":{"x":3.21,"y":-11.06,"scaleX":0.578,"scaleY":0.578,"width":58,"height":188}},"texiao9":{"texiao9":{"x":3.21,"y":-11.06,"scaleX":0.578,"scaleY":0.578,"width":58,"height":188}},"xiangzi":{"xiangzi":{"x":22.72,"y":-4.12,"rotation":-91.21,"width":99,"height":61}}}},"animations":{"1":{"slots":{"gaizi":{"color":[{"time":0,"color":"ffffffff"}],"attachment":[{"time":0,"name":"gaizi"}]},"gaizi2":{"color":[{"time":0,"color":"ffffffff"}],"attachment":[{"time":0,"name":null}]},"jinbi":{"color":[{"time":0,"color":"ffffffff"}],"attachment":[{"time":0,"name":"jinbi"}]},"xiangzi":{"color":[{"time":0,"color":"ffffffff"}],"attachment":[{"time":0,"name":"xiangzi"}]}},"bones":{"xiangzi":{"rotate":[{"time":0,"angle":0}],"translate":[{"time":0,"x":0,"y":0}],"scale":[{"time":0,"x":1,"y":1}]},"gaizi":{"rotate":[{"time":0,"angle":0}],"translate":[{"time":0,"x":0,"y":0}],"scale":[{"time":0,"x":1,"y":1}]},"jinbi":{"rotate":[{"time":0,"angle":0}],"translate":[{"time":0,"x":0,"y":0}],"scale":[{"time":0,"x":1,"y":1}]},"gaizi2":{"rotate":[{"time":0,"angle":0}],"translate":[{"time":0,"x":0,"y":0}],"scale":[{"time":0,"x":1,"y":1}]}},"drawOrder":[{"time":0}]},"2":{"slots":{"gaizi":{"color":[{"time":0,"color":"ffffffff"}],"attachment":[{"time":0,"name":"gaizi"},{"time":0.1667,"name":null}]},"gaizi2":{"color":[{"time":0,"color":"ffffffff"}],"attachment":[{"time":0,"name":null},{"time":0.1667,"name":"gaizi2"}]},"guang":{"color":[{"time":0,"color":"ffffffff"}],"attachment":[{"time":0,"name":null},{"time":0.1667,"name":"guang"}]},"jinbi":{"color":[{"time":0,"color":"ffffffff"}],"attachment":[{"time":0,"name":"jinbi"}]},"texiao9":{"color":[{"time":0,"color":"ffffff00"},{"time":0.1667,"color":"ffffffff","curve":"stepped"},{"time":0.3333,"color":"ffffffff"},{"time":0.4667,"color":"ffffff00"}],"attachment":[{"time":0,"name":null},{"time":0.1667,"name":"texiao9"}]},"texiao10":{"color":[{"time":0,"color":"ffffff00"},{"time":0.1667,"color":"ffffffff","curve":"stepped"},{"time":0.3333,"color":"ffffffff"},{"time":0.4667,"color":"ffffff00"}],"attachment":[{"time":0,"name":null},{"time":0.1667,"name":"texiao9"}]},"texiao11":{"color":[{"time":0,"color":"ffffff00"},{"time":0.1667,"color":"ffffffff","curve":"stepped"},{"time":0.3333,"color":"ffffffff"},{"time":0.4667,"color":"ffffff00"}],"attachment":[{"time":0,"name":null},{"time":0.1667,"name":"texiao9"}]},"texiao12":{"color":[{"time":0,"color":"ffffff00"},{"time":0.1667,"color":"ffffffff","curve":"stepped"},{"time":0.3333,"color":"ffffffff"},{"time":0.4667,"color":"ffffff00"}],"attachment":[{"time":0,"name":null},{"time":0.1667,"name":"texiao9"}]},"texiao13":{"color":[{"time":0,"color":"ffffff00"},{"time":0.1667,"color":"ffffffff","curve":"stepped"},{"time":0.3333,"color":"ffffffff"},{"time":0.4667,"color":"ffffff00"}],"attachment":[{"time":0,"name":null},{"time":0.1667,"name":"texiao9"}]},"texiao14":{"color":[{"time":0,"color":"ffffff00"},{"time":0.1667,"color":"ffffffff","curve":"stepped"},{"time":0.3333,"color":"ffffffff"},{"time":0.4667,"color":"ffffff00"}],"attachment":[{"time":0,"name":null},{"time":0.1667,"name":"texiao9"}]},"texiao15":{"color":[{"time":0,"color":"ffffff00"},{"time":0.1667,"color":"ffffffff","curve":"stepped"},{"time":0.3333,"color":"ffffffff"},{"time":0.4667,"color":"ffffff00"}],"attachment":[{"time":0,"name":null},{"time":0.1667,"name":"texiao9"}]},"texiao16":{"color":[{"time":0,"color":"ffffff00"},{"time":0.1667,"color":"ffffffff","curve":"stepped"},{"time":0.3333,"color":"ffffffff"},{"time":0.4667,"color":"ffffff00"}],"attachment":[{"time":0,"name":null},{"time":0.1667,"name":"texiao9"}]},"xiangzi":{"color":[{"time":0,"color":"ffffffff"}],"attachment":[{"time":0,"name":"xiangzi"}]}},"bones":{"xiangzi":{"rotate":[{"time":0,"angle":0}],"translate":[{"time":0,"x":0,"y":0}],"scale":[{"time":0,"x":1,"y":1},{"time":0.1333,"x":0.943,"y":1},{"time":0.2,"x":0.998,"y":1},{"time":0.3333,"x":1,"y":1}]},"gaizi":{"rotate":[{"time":0,"angle":0}],"translate":[{"time":0,"x":0,"y":0},{"time":0.1333,"x":-2.05,"y":0.04}],"scale":[{"time":0,"x":1,"y":1}]},"jinbi":{"rotate":[{"time":0,"angle":0}],"translate":[{"time":0,"x":0,"y":0}],"scale":[{"time":0,"x":1,"y":1}]},"gaizi2":{"rotate":[{"time":0,"angle":0},{"time":0.1667,"angle":-5.42},{"time":0.3333,"angle":-3.7}],"translate":[{"time":0,"x":0,"y":0}],"scale":[{"time":0,"x":1,"y":1}]},"guang":{"rotate":[{"time":0,"angle":0},{"time":1,"angle":180},{"time":2,"angle":0}],"translate":[{"time":0,"x":2.46,"y":3.44,"curve":"stepped"},{"time":0.1667,"x":2.46,"y":3.44}],"scale":[{"time":0,"x":1,"y":1},{"time":0.1667,"x":0.614,"y":0.614},{"time":0.2,"x":1,"y":1}]},"texiao9":{"rotate":[{"time":0,"angle":0}],"translate":[{"time":0,"x":0,"y":0}],"scale":[{"time":0,"x":1,"y":1}]},"texiao10":{"rotate":[{"time":0,"angle":0}],"translate":[{"time":0,"x":0,"y":0}],"scale":[{"time":0,"x":1,"y":1}]},"texiao11":{"rotate":[{"time":0,"angle":0}],"translate":[{"time":0,"x":0,"y":0}],"scale":[{"time":0,"x":1,"y":1}]},"texiao12":{"rotate":[{"time":0,"angle":0}],"translate":[{"time":0,"x":0,"y":0}],"scale":[{"time":0,"x":1,"y":1}]},"texiao13":{"rotate":[{"time":0,"angle":0}],"translate":[{"time":0,"x":0,"y":0}],"scale":[{"time":0,"x":1,"y":1}]},"texiao14":{"rotate":[{"time":0,"angle":0}],"translate":[{"time":0,"x":0,"y":0}],"scale":[{"time":0,"x":1,"y":1}]},"texiao15":{"rotate":[{"time":0,"angle":0}],"translate":[{"time":0,"x":0,"y":0}],"scale":[{"time":0,"x":1,"y":1}]},"texiao16":{"rotate":[{"time":0,"angle":0}],"translate":[{"time":0,"x":0,"y":0}],"scale":[{"time":0,"x":1,"y":1}]},"bone2":{"rotate":[{"time":0,"angle":0,"curve":"stepped"},{"time":0.4667,"angle":0}],"translate":[{"time":0,"x":0,"y":0},{"time":0.1667,"x":0,"y":-27.16},{"time":0.4667,"x":0,"y":4.75}],"scale":[{"time":0,"x":1,"y":1},{"time":0.1667,"x":1,"y":0.732},{"time":0.4667,"x":1,"y":1.177}]}},"drawOrder":[{"time":0},{"time":0.4667}]}}}