{"skeleton":{"hash":"QjYxU2hH6aW7CArJXAKcb4m0bZs","spine":"3.6.52","width":347,"height":153,"images":"./images/"},"bones":[{"name":"root"},{"name":"bone","parent":"root","x":-0.46,"y":20.42},{"name":"WIN","parent":"bone","x":6.09,"y":37.15},{"name":"jinbi1","parent":"bone","x":-145.27,"y":48.16},{"name":"jinbi2","parent":"bone","x":-154.91,"y":10.98},{"name":"jinbi3","parent":"bone","rotation":-40.73,"x":149.42,"y":101.41,"scaleX":1.184,"scaleY":1.184},{"name":"jinbi4","parent":"bone","x":148.62,"y":37.73,"scaleX":0.712,"scaleY":0.712},{"name":"jinbi5","parent":"bone","rotation":-47.9,"x":148.62,"y":73.62,"scaleX":0.586,"scaleY":0.586},{"name":"texiao1","parent":"bone","x":44.76,"y":271.23},{"name":"texiao2","parent":"bone","x":19.97,"y":464.01}],"slots":[{"name":"WIN","bone":"WIN","attachment":"WIN"},{"name":"jinbi1","bone":"jinbi1"},{"name":"jinbi4","bone":"jinbi4"},{"name":"jinbi5","bone":"jinbi5"},{"name":"jinbi2","bone":"jinbi2"},{"name":"jinbi3","bone":"jinbi3"},{"name":"texiao1","bone":"texiao1"},{"name":"texiao2","bone":"texiao2"}],"skins":{"default":{"WIN":{"WIN":{"x":-13.06,"y":1.89,"width":347,"height":153}},"jinbi1":{"jinbi1":{"x":0.56,"y":-0.91,"width":58,"height":27}},"jinbi2":{"jinbi2":{"x":3.2,"y":-0.23,"width":44,"height":36}},"jinbi3":{"jinbi2":{"x":3.2,"y":-0.23,"width":44,"height":36}},"jinbi4":{"jinbi1":{"x":0.56,"y":-0.91,"width":58,"height":27}},"jinbi5":{"jinbi1":{"x":0.56,"y":-0.91,"width":58,"height":27}},"texiao1":{"texiao1":{"x":-5.61,"y":-10.01,"width":425,"height":232}},"texiao2":{"texiao2":{"x":-13.83,"y":1.21,"width":359,"height":166}}}},"animations":{"N":{"slots":{"WIN":{"color":[{"time":0,"color":"ffffffff"}],"attachment":[{"time":0,"name":null},{"time":0.0667,"name":"WIN"}]},"jinbi1":{"color":[{"time":0,"color":"ffffffff","curve":"stepped"},{"time":0.0667,"color":"ffffffff"}],"attachment":[{"time":0,"name":null},{"time":0.0667,"name":"jinbi1"},{"time":0.4333,"name":null}]},"jinbi2":{"color":[{"time":0,"color":"ffffffff"}],"attachment":[{"time":0,"name":null},{"time":0.1,"name":"jinbi2"},{"time":0.5,"name":null}]},"jinbi3":{"color":[{"time":0,"color":"ffffffff"}],"attachment":[{"time":0,"name":null},{"time":0.1,"name":"jinbi2"},{"time":0.5,"name":null}]},"jinbi4":{"color":[{"time":0,"color":"ffffffff","curve":"stepped"},{"time":0.1333,"color":"ffffffff"}],"attachment":[{"time":0,"name":null},{"time":0.1333,"name":"jinbi1"},{"time":0.5,"name":null}]},"jinbi5":{"color":[{"time":0,"color":"ffffffff","curve":"stepped"},{"time":0.2,"color":"ffffffff"}],"attachment":[{"time":0,"name":null},{"time":0.2,"name":"jinbi1"},{"time":0.6,"name":null}]},"texiao1":{"color":[{"time":0,"color":"ffffff57"},{"time":0.0333,"color":"ffffffbb"},{"time":0.0667,"color":"ffffffff"}],"attachment":[{"time":0,"name":"texiao1"},{"time":0.0667,"name":null}]},"texiao2":{"color":[{"time":0,"color":"ffffffff"},{"time":0.0667,"color":"ffffff66"},{"time":0.1333,"color":"ffffff29"},{"time":0.2667,"color":"ffffff00"}],"attachment":[{"time":0,"name":null},{"time":0.0667,"name":"texiao2"}]}},"bones":{"WIN":{"rotate":[{"time":0,"angle":0}],"translate":[{"time":0,"x":0,"y":0}],"scale":[{"time":0,"x":1,"y":1},{"time":0.0667,"x":0.929,"y":0.929},{"time":0.3333,"x":1,"y":1}]},"jinbi1":{"rotate":[{"time":0,"angle":0},{"time":0.0667,"angle":60.68},{"time":0.2,"angle":-11.57},{"time":0.4333,"angle":74.82}],"translate":[{"time":0,"x":0,"y":0},{"time":0.0667,"x":24.46,"y":31.14},{"time":0.2,"x":-46.7,"y":115.65},{"time":0.4333,"x":-102.3,"y":-93.41}],"scale":[{"time":0,"x":1,"y":1}]},"jinbi2":{"rotate":[{"time":0,"angle":0,"curve":"stepped"},{"time":0.1,"angle":0},{"time":0.2667,"angle":26.41},{"time":0.5,"angle":-27.31}],"translate":[{"time":0,"x":0,"y":0},{"time":0.1,"x":33.37,"y":106.89},{"time":0.2667,"x":-16.96,"y":172.66},{"time":0.5,"x":-86.71,"y":-20.36}],"scale":[{"time":0,"x":1,"y":1}]},"texiao1":{"rotate":[{"time":0,"angle":0}],"translate":[{"time":0,"x":-36.96,"y":-221.96}],"scale":[{"time":0,"x":2.985,"y":2.985},{"time":0.0667,"x":1,"y":1}]},"texiao2":{"rotate":[{"time":0,"angle":0}],"translate":[{"time":0,"x":-10.63,"y":-428.78,"curve":"stepped"},{"time":0.0667,"x":-10.63,"y":-428.78}],"scale":[{"time":0,"x":1,"y":1},{"time":0.0667,"x":0.937,"y":0.937},{"time":0.1333,"x":1.18,"y":1.18},{"time":0.2667,"x":1.343,"y":1.343}]},"jinbi3":{"rotate":[{"time":0,"angle":0,"curve":"stepped"},{"time":0.1,"angle":0},{"time":0.2667,"angle":92.13},{"time":0.5,"angle":-27.31}],"translate":[{"time":0,"x":0,"y":0},{"time":0.1,"x":21.2,"y":4.29},{"time":0.2667,"x":71.73,"y":33.54},{"time":0.5,"x":99.36,"y":-126.44}],"scale":[{"time":0,"x":1,"y":1}]},"jinbi4":{"rotate":[{"time":0,"angle":0},{"time":0.1333,"angle":60.68},{"time":0.2667,"angle":-54.62},{"time":0.5,"angle":-175.27}],"translate":[{"time":0,"x":0,"y":0},{"time":0.1333,"x":-15.53,"y":32.87},{"time":0.2667,"x":10.68,"y":115.65},{"time":0.5,"x":48.99,"y":-93.41}],"scale":[{"time":0,"x":1,"y":1}]},"jinbi5":{"rotate":[{"time":0,"angle":0},{"time":0.2,"angle":60.68},{"time":0.3333,"angle":-54.62},{"time":0.6,"angle":-175.27}],"translate":[{"time":0,"x":0,"y":0},{"time":0.2,"x":-15.53,"y":32.87},{"time":0.3333,"x":10.68,"y":115.65},{"time":0.6,"x":48.99,"y":-93.41}],"scale":[{"time":0,"x":1,"y":1}]}},"drawOrder":[{"time":0,"offsets":[{"slot":"texiao2","offset":-7}]},{"time":0.2333,"offsets":[{"slot":"texiao2","offset":-7}]}]}}}