{ "listdata": [{"path": "100/res/animation/FLA_DDZ_baojingdeng/", "name": "FLA_DDZ_baojingdeng.ExportJson", "md5": "348af79ef0e4f6bd368bf49c30454e47"}, 
{"path": "100/res/animation/FLA_DDZ_baojingdeng/", "name": "FLA_DDZ_baojingdeng0.plist", "md5": "31b0c1d68da3a5492ba0d4e29039c136"}, 
{"path": "100/res/animation/FLA_DDZ_baojingdeng/", "name": "FLA_DDZ_baojingdeng0.png", "md5": "be1e4c82a6e49efee0b3b3371b64f397"}, 
{"path": "100/res/animation/fla_px1_sdyd_zong/", "name": "fla_px1_sdyd_zong.ExportJson", "md5": "2f409b8653bc17596fcf1f6a9dbf2e85"}, 
{"path": "100/res/animation/fla_px1_sdyd_zong/", "name": "fla_px1_sdyd_zong0.plist", "md5": "d1754f93c18fbfd74ff2ca1e591a0033"}, 
{"path": "100/res/animation/fla_px1_sdyd_zong/", "name": "fla_px1_sdyd_zong0.png", "md5": "b7788033310979d6859b079f4014a608"}, 
{"path": "100/res/animation/fla_px1_sdy_zong/", "name": "fla_px1_sdy_zong.ExportJson", "md5": "179063ba5873fac3ae81759e4319c992"}, 
{"path": "100/res/animation/fla_px1_sdy_zong/", "name": "fla_px1_sdy_zong0.plist", "md5": "1d5e6a752e96674a0a2f43df7734b488"}, 
{"path": "100/res/animation/fla_px1_sdy_zong/", "name": "fla_px1_sdy_zong0.png", "md5": "d69eea7ebdb960285a6fe9abe531cb13"}, 
{"path": "100/res/animation/fla_px1_side_zong/", "name": "fla_px1_side_zong.ExportJson", "md5": "540b79475ce2462be18c33d265baf600"}, 
{"path": "100/res/animation/fla_px1_side_zong/", "name": "fla_px1_side_zong0.plist", "md5": "4fc68e68484408c96f872ee132e78613"}, 
{"path": "100/res/animation/fla_px1_side_zong/", "name": "fla_px1_side_zong0.png", "md5": "9b6eb46a702c08f16a297bdfaa29fa35"}, 
{"path": "100/res/animation/fla_px1_sidyd_zong/", "name": "fla_px1_sidyd_zong.ExportJson", "md5": "d9ee10cf986bf7dc889de86b88d1c18f"}, 
{"path": "100/res/animation/fla_px1_sidyd_zong/", "name": "fla_px1_sidyd_zong0.plist", "md5": "314cf5d8240c4f58d7abc5873d5b2a21"}, 
{"path": "100/res/animation/fla_px1_sidyd_zong/", "name": "fla_px1_sidyd_zong0.png", "md5": "da64215025a978bca8029642f1f61d2e"}, 
{"path": "100/res/animation/fla_px2_chuntian/", "name": "fla_px2_chuntian.ExportJson", "md5": "78ea7a560d9d589b80911fac698b1e04"}, 
{"path": "100/res/animation/fla_px2_chuntian/", "name": "fla_px2_chuntian0.plist", "md5": "99ac3b7fc6986a42707b0df2482b51dc"}, 
{"path": "100/res/animation/fla_px2_chuntian/", "name": "fla_px2_chuntian0.png", "md5": "6432908c6ebe3fe798a3b6785fccb382"}, 
{"path": "100/res/animation/fla_px2_feiji/", "name": "fla_px2_feiji.ExportJson", "md5": "ca6b41ada212f33fdc8f396ac82b4f9d"}, 
{"path": "100/res/animation/fla_px2_feiji/", "name": "fla_px2_feiji0.plist", "md5": "7fd9a79838d959e728071f58903e5ea0"}, 
{"path": "100/res/animation/fla_px2_feiji/", "name": "fla_px2_feiji0.png", "md5": "eacc207f7cff5ae4f3ba5fd95324e3b4"}, 
{"path": "100/res/animation/fla_px2_huojian/", "name": "fla_px2_huojian.ExportJson", "md5": "eb4a702b90fe656e42b3c1c8c721d19a"}, 
{"path": "100/res/animation/fla_px2_huojian/", "name": "fla_px2_huojian0.plist", "md5": "4efc4a1719099508c94bfe561c3308af"}, 
{"path": "100/res/animation/fla_px2_huojian/", "name": "fla_px2_huojian0.png", "md5": "96b5cf343839e639ee5aece4b98d3abe"}, 
{"path": "100/res/animation/fla_px2_huojian/", "name": "fla_px2_huojian1.plist", "md5": "08c48da97d9a43d0ef3211b909862e34"}, 
{"path": "100/res/animation/fla_px2_huojian/", "name": "fla_px2_huojian1.png", "md5": "0aabe28c3dc67bbbfe33b7c51329d647"}, 
{"path": "100/res/animation/fla_px2_huojian/", "name": "fla_px2_huojian2.plist", "md5": "8ee310c1cc021b917582129435a4f879"}, 
{"path": "100/res/animation/fla_px2_huojian/", "name": "fla_px2_huojian2.png", "md5": "8368a2381b3fa7bb1e0e95d6ea9bab09"}, 
{"path": "100/res/animation/fla_px2_huojian/", "name": "fla_px2_huojian3.plist", "md5": "72f62acde30bc22f59ec24b6d2eecbed"}, 
{"path": "100/res/animation/fla_px2_huojian/", "name": "fla_px2_huojian3.png", "md5": "ac3f919e03eda02ea54b383dc5f925d2"}, 
{"path": "100/res/animation/fla_px2_liandui/", "name": "fla_px2_liandui.ExportJson", "md5": "132eb4bf972feeede60d1c05a1684ad9"}, 
{"path": "100/res/animation/fla_px2_liandui/", "name": "fla_px2_liandui0.plist", "md5": "978af4bb3c729f4657bca03373bd7643"}, 
{"path": "100/res/animation/fla_px2_liandui/", "name": "fla_px2_liandui0.png", "md5": "cd729dd1c0573391ecbefcf85f3bb80e"}, 
{"path": "100/res/animation/fla_px2_shunzi/", "name": "fla_px2_shunzi.ExportJson", "md5": "9ea9189888bc98b59a040494125d104e"}, 
{"path": "100/res/animation/fla_px2_shunzi/", "name": "fla_px2_shunzi0.plist", "md5": "202fdf306e6f09db177d40bcc33ac351"}, 
{"path": "100/res/animation/fla_px2_shunzi/", "name": "fla_px2_shunzi0.png", "md5": "4b3ec675ac9440b1f469cccbd7df3cc4"}, 
{"path": "100/res/animation/fla_px2_zhadan/", "name": "fla_px2_zhadan.ExportJson", "md5": "6d65570a02e1b248215b955ef1e3480c"}, 
{"path": "100/res/animation/fla_px2_zhadan/", "name": "fla_px2_zhadan0.plist", "md5": "094c83a449cb215ccda879c3507b5568"}, 
{"path": "100/res/animation/fla_px2_zhadan/", "name": "fla_px2_zhadan0.png", "md5": "9facc90d286547871b6fc4db96b3ad48"}, 
{"path": "100/res/animation/fla_px2_zhadan/", "name": "fla_px2_zhadan1.plist", "md5": "a06164f57111d525c1631788ec9c085a"}, 
{"path": "100/res/animation/fla_px2_zhadan/", "name": "fla_px2_zhadan1.png", "md5": "c1de334b29c67334530d4f46d9502a88"}, 
{"path": "100/res/animation/fla_px2_zhadan/", "name": "fla_px2_zhadan2.plist", "md5": "ceaf3a422c52c559cfb6ae4d95f4a99c"}, 
{"path": "100/res/animation/fla_px2_zhadan/", "name": "fla_px2_zhadan2.png", "md5": "81d765bb04741fd713cc3bbf3a8be4c6"}, 
{"path": "100/res/animation/fla_shengli/", "name": "fla_shengli.ExportJson", "md5": "155a7ac3314d629deaa7be22a508a3ae"}, 
{"path": "100/res/animation/fla_shengli/", "name": "fla_shengli0.plist", "md5": "c106c3dbf3ea8d1a733c438acbd88fab"}, 
{"path": "100/res/animation/fla_shengli/", "name": "fla_shengli0.png", "md5": "d27a26b14248e159df33004078cd1867"}, 
{"path": "100/res/animation/fla_shengli_guang/", "name": "fla_shengli_guang.ExportJson", "md5": "9a4b042eedc0f3f6bfb0b3b9c80b8eeb"}, 
{"path": "100/res/animation/fla_shengli_guang/", "name": "fla_shengli_guang0.plist", "md5": "689d12b9694e5a77a2a12cde4a217303"}, 
{"path": "100/res/animation/fla_shengli_guang/", "name": "fla_shengli_guang0.png", "md5": "b97e29b3ea716128be45a7f6951359ed"}, 
{"path": "100/res/animation/fla_shibai/", "name": "fla_shibai.ExportJson", "md5": "f517429b13634739d7aa700100ba1178"}, 
{"path": "100/res/animation/fla_shibai/", "name": "fla_shibai0.plist", "md5": "a8bca12f58b970029c14aafc2ad8fd72"}, 
{"path": "100/res/animation/fla_shibai/", "name": "fla_shibai0.png", "md5": "528c4736730a8283b6280e53766652a8"}, 
{"path": "100/res/game/", "name": "double.png", "md5": "b351ff82671297cc070c0a39367a8118"}, 
{"path": "100/res/game/", "name": "game_cardnum.png", "md5": "6c7aca8d3149cc1b3932899b44beb8c1"}, 
{"path": "100/res/game/", "name": "game_timenum.png", "md5": "f8be263db16f3d226d90f4145e93b4f9"}, 
{"path": "100/res/game/", "name": "nodouble.png", "md5": "5c945fc9549a995c108cccf2ab7939e3"}, 
{"path": "100/res/game/", "name": "shuzi.png", "md5": "e79f906b3f0fbf607a5bc26728f74e8b"}, 
{"path": "100/res/gamerule/", "name": "gamename.png", "md5": "6a19cd23992794126457966327add164"}, 
{"path": "100/res/gamerule/", "name": "gamerule.png", "md5": "1f4a893b0edd1f4ecb030ab7a81387a5"}, 
{"path": "100/res/image/", "name": "1fen.png", "md5": "6798b7cb7c6360ff6f264c55b7206407"}, 
{"path": "100/res/image/", "name": "2fen.png", "md5": "9d13bd6305722e2bf49a101de38a41bd"}, 
{"path": "100/res/image/", "name": "3fen.png", "md5": "2f2c06762553cd2ccf3704ed33e9be01"}, 
{"path": "100/res/image/", "name": "back_tip.png", "md5": "f5034b78a82220db9184995d5f3b2139"}, 
{"path": "100/res/image/", "name": "bankcardbg.png", "md5": "49c787a9d04a3202abdd8910ee53b998"}, 
{"path": "100/res/image/", "name": "bei.png", "md5": "6b924c44365fb4fd9da31badaade2893"}, 
{"path": "100/res/image/", "name": "beijing.png", "md5": "eeadd6736c92839bd7a97b162633872d"}, 
{"path": "100/res/image/", "name": "bg_clock.png", "md5": "7d4853a3b31fa7a121c2fd72d4adb320"}, 
{"path": "100/res/image/", "name": "biaoqian.png", "md5": "7e45d1db03edfb15570cb7afa18102d1"}, 
{"path": "100/res/image/", "name": "blank.png", "md5": "7235fca7da0a129484a619e2e888d576"}, 
{"path": "100/res/image/", "name": "bujia.png", "md5": "a438f4bdcd43c28e47d148ac6e8adeb1"}, 
{"path": "100/res/image/", "name": "bujiao.png", "md5": "cfbb15f85fdd0fea11f0c7d7f3d101c5"}, 
{"path": "100/res/image/", "name": "bujiao_1.png", "md5": "440f1e8466adbce54c71768c8356568c"}, 
{"path": "100/res/image/", "name": "buyao.png", "md5": "9adde69758bd1e33d97acfcd404fb6f2"}, 
{"path": "100/res/image/", "name": "buyao_0.png", "md5": "fe937017cbc5286391e863c64e4fcc5c"}, 
{"path": "100/res/image/", "name": "buyao_1.png", "md5": "2a0a35fbdc0303630b0554652905e760"}, 
{"path": "100/res/image/", "name": "buyao_2.png", "md5": "68ae8b3d712ac2cc57fe96cd94d6f421"}, 
{"path": "100/res/image/", "name": "call1fen.png", "md5": "0837469b2ed5564bc0945e03223a9392"}, 
{"path": "100/res/image/", "name": "call2fen.png", "md5": "8b5391fb60b0b7fffd60c142cb9ad1ce"}, 
{"path": "100/res/image/", "name": "call3fen.png", "md5": "c70ae886ea2c0b39ec4be26166e54283"}, 
{"path": "100/res/image/", "name": "cardmask.png", "md5": "55681723b18f4ad1f4fc1994eae5e558"}, 
{"path": "100/res/image/", "name": "chupai.png", "md5": "dd1a8efb67bc3884184145ba8ce0eeef"}, 
{"path": "100/res/image/", "name": "ddz_rule_bg.png", "md5": "753f15d8d4bd99152207d2b8f91d345e"}, 
{"path": "100/res/image/", "name": "ddz_rule_close.png", "md5": "817e033d11b8e65df07aecd2cd66a13d"}, 
{"path": "100/res/image/", "name": "di.png", "md5": "1a4516213fedcacb742cdade3ebbd898"}, 
{"path": "100/res/image/", "name": "dizhu.png", "md5": "28d7038073fa398b75eea665e1c5fbd2"}, 
{"path": "100/res/image/", "name": "dizhuhat.png", "md5": "76a7f293c9b3cd4e08767f58770ff922"}, 
{"path": "100/res/image/", "name": "fanhui.png", "md5": "18b1d62185b63dbadae556c16014e9b4"}, 
{"path": "100/res/image/", "name": "fanhui1.png", "md5": "865d359c814ef333ed3534b159543c1b"}, 
{"path": "100/res/image/", "name": "gameend_1_pic.png", "md5": "37646a5bbcdd0aa047a96a7c1c015432"}, 
{"path": "100/res/image/", "name": "game_cardnum.png", "md5": "6c7aca8d3149cc1b3932899b44beb8c1"}, 
{"path": "100/res/image/", "name": "game_gold.png", "md5": "04405d75bec2a0c387f5ea5cfeecd785"}, 
{"path": "100/res/image/", "name": "game_timenum.png", "md5": "1c5af4c1e1587109e821a063926c0856"}, 
{"path": "100/res/image/", "name": "game_tips_00.png", "md5": "3aab57db9477420662feb4d25cecfaf6"}, 
{"path": "100/res/image/", "name": "game_tips_01.png", "md5": "366350c939810b0f175ac794176f02e1"}, 
{"path": "100/res/image/", "name": "game_tips_callscore0.png", "md5": "a94554e2cfb55cce015314983887b913"}, 
{"path": "100/res/image/", "name": "game_topMenu.png", "md5": "8af67330a5c528c26beea79cc2366b2d"}, 
{"path": "100/res/image/", "name": "huianniu.png", "md5": "421ca04e5b3547946c15c508c1717260"}, 
{"path": "100/res/image/", "name": "info_goldbg.png", "md5": "c678f38da6d503cf799b84751d49998c"}, 
{"path": "100/res/image/", "name": "jiabei.png", "md5": "08e0f825b51b9c96c94bc49ee3ba233a"}, 
{"path": "100/res/image/", "name": "jiabei_bt.png", "md5": "d571e239c563f56d1ab45b76835a5810"}, 
{"path": "100/res/image/", "name": "jinanniu.png", "md5": "c17048d4b4874fcf1d7e4285074dc544"}, 
{"path": "100/res/image/", "name": "jinbi.png", "md5": "47a02fdfb1adecd2f79526d7cb4a2833"}, 
{"path": "100/res/image/", "name": "jinbidi.png", "md5": "08e0f825b51b9c96c94bc49ee3ba233a"}, 
{"path": "100/res/image/", "name": "jinyin.png", "md5": "d4eaa10e979e0499e3a06ba25e800c20"}, 
{"path": "100/res/image/", "name": "jinyin1.png", "md5": "1837778b866603f886777970efca384f"}, 
{"path": "100/res/image/", "name": "lvanniu.png", "md5": "a4c2c0b62156987ea14673c5ee5c5eff"}, 
{"path": "100/res/image/", "name": "nao3.png", "md5": "1de20ca5a728df368e2495752122f0ff"}, 
{"path": "100/res/image/", "name": "qian.png", "md5": "8081819314281d1f1e59f2ec058c73cb"}, 
{"path": "100/res/image/", "name": "quxiaotuoguananniu.png", "md5": "4f8e6b10e3436a85e24aa2c1c38b647c"}, 
{"path": "100/res/image/", "name": "role_head_bg.png", "md5": "b77aa7aa27af3530b04f9785716d7fc5"}, 
{"path": "100/res/image/", "name": "shuiying.png", "md5": "d8a041fb97106a30f4fcfd66b262c880"}, 
{"path": "100/res/image/", "name": "shuzi.png", "md5": "e79f906b3f0fbf607a5bc26728f74e8b"}, 
{"path": "100/res/image/", "name": "shuzi3.png", "md5": "7ba97f0fcd26c3ae4d62cf296669901c"}, 
{"path": "100/res/image/", "name": "shuzi4.png", "md5": "78a584ddf31be616e903783e466cf22f"}, 
{"path": "100/res/image/", "name": "tishi.png", "md5": "7988d1def352fb45552bbe0d94c84c66"}, 
{"path": "100/res/image/", "name": "touxiangkuangxiao.png", "md5": "2306d55adcf4877b18b0623fc9014dff"}, 
{"path": "100/res/image/", "name": "touxiankuang1.png", "md5": "c8c76efb33d31533fe324d49004f93be"}, 
{"path": "100/res/image/", "name": "tuoguan.png", "md5": "283221ec41d254ffa92b6fd92c9a490a"}, 
{"path": "100/res/image/", "name": "tuoguan1.png", "md5": "ff0dc4797f739e3617acac1014f04539"}, 
{"path": "100/res/image/", "name": "tuoguanzhong.png", "md5": "ed65ca64af5c0d3f103ababf95d1c5e4"}, 
{"path": "100/res/image/", "name": "tuoguanzhong1.png", "md5": "c4ea7df4b0bb783a4d66da85f48bf239"}, 
{"path": "100/res/image/", "name": "txt_ready.png", "md5": "b96e12eb0910b6b6299814f51e5d4ffd"}, 
{"path": "100/res/image/", "name": "ui_lose_count.png", "md5": "385d81b34f093f13be79d197b0f170ac"}, 
{"path": "100/res/image/", "name": "ui_win_count.png", "md5": "64f87082964f0e0dc2e522ba6df32737"}, 
{"path": "100/res/image/", "name": "wenhao.png", "md5": "43479b50e63b956776eec7ec5038c06d"}, 
{"path": "100/res/image/", "name": "wenhao1.png", "md5": "55178b43f79544602e5de098bfa8f2ae"}, 
{"path": "100/res/image/", "name": "xiaojiqiren.png", "md5": "7d920c96a8cff7eccf21b85c9599afdd"}, 
{"path": "100/res/image/", "name": "yinliang.png", "md5": "0708390e1bb703bab6ca4fa779c7dfbd"}, 
{"path": "100/res/image/", "name": "yinliang1.png", "md5": "6f767f3d0b8c904b9d0645043bd912d2"}, 
{"path": "100/res/image/", "name": "zhuozi.jpg", "md5": "7f0b17e6fcfb943d7cf714c0716da366"}, 
{"path": "100/res/image/", "name": "zhuozi.png", "md5": "5374a4d24d8248e8dbe6f296ba0d3fdb"}, 
{"path": "100/res/", "name": "land.txt", "md5": "67e80070a5b9a77b136ec25dc02031d9"}, 
{"path": "100/res/", "name": "poker.plist", "md5": "e931c71c2e4d9753e83952840e8aaa51"}, 
{"path": "100/res/", "name": "poker.png", "md5": "de3be48dbe9f705a4c0c37cd1acbe82d"}, 
{"path": "100/res/result/", "name": "a1.png", "md5": "81241539a66308b99c3cf4016cf6251a"}, 
{"path": "100/res/result/", "name": "a2.png", "md5": "1e225a6f8aabb8dad6f8ffe3378f0475"}, 
{"path": "100/res/result/", "name": "baseicon.png", "md5": "f0b25618377ce6a289453953b0ca20b2"}, 
{"path": "100/res/result/", "name": "dizhuflag.png", "md5": "5491d50ba492770d421c1fe3c298ec1d"}, 
{"path": "100/res/result/", "name": "Exclamation.png", "md5": "252a04bb60b2af1d20d555a58b646099"}, 
{"path": "100/res/result/", "name": "goldicon.png", "md5": "61c1e3a1cf2de31e7cc89a8783211fe5"}, 
{"path": "100/res/result/", "name": "jixu.png", "md5": "1401342e797d93eb19f109b4e8a5e421"}, 
{"path": "100/res/result/", "name": "likai.png", "md5": "103d21ee9512d1ce29023429a651e6c9"}, 
{"path": "100/res/result/", "name": "losebg.png", "md5": "7575448c027e4980694e909c018bbf6c"}, 
{"path": "100/res/result/", "name": "losetitle.png", "md5": "22a8689598566d5f0453748b52e1632a"}, 
{"path": "100/res/result/", "name": "mulipleicon.png", "md5": "18a6bbfd830ca46667865d46cc42c991"}, 
{"path": "100/res/result/", "name": "nickicon.png", "md5": "72ac8b1f10e741893811880d779af9ef"}, 
{"path": "100/res/result/", "name": "result9.png", "md5": "dd8e728f0c137e1c05f72829a5aaf5f7"}, 
{"path": "100/res/result/", "name": "resultline.png", "md5": "56cadc85d597b4eddd0acb02467a83f3"}, 
{"path": "100/res/result/", "name": "resultnum.png", "md5": "d195a699bc21ee7ea0fc436b91fd3d03"}, 
{"path": "100/res/result/", "name": "winbg.png", "md5": "217d8b24af6389d1af4f866e5a166ecd"}, 
{"path": "100/res/result/", "name": "wintitle.png", "md5": "3a4a258d1253dd2a3b574e1e961a177f"}, 
{"path": "100/res/roomlist/", "name": "experience.png", "md5": "0f928da1abcce8d2028e0bfc7681ff52"}, 
{"path": "100/res/roomlist/", "name": "level_1.png", "md5": "2b7333368a3457ead78140a8be0e6962"}, 
{"path": "100/res/roomlist/", "name": "level_2.png", "md5": "f327e216f7447487fab52a17eb13a82c"}, 
{"path": "100/res/roomlist/", "name": "level_3.png", "md5": "2c3807fd3054ed5703898d34758925b9"}, 
{"path": "100/res/roomlist/", "name": "level_4.png", "md5": "0162845c041caef0687bf1289c2f50a3"}, 
{"path": "100/res/", "name": "shuzi1.png", "md5": "d267429a146d81b56e80fd6ad85c8dba"}, 
{"path": "100/res/sound_res/0/", "name": "1.mp3", "md5": "004c7cc21490d829536c14ea80f2178a"}, 
{"path": "100/res/sound_res/0/", "name": "10.mp3", "md5": "2dae661429f12fd319d7b292ecc2614d"}, 
{"path": "100/res/sound_res/0/", "name": "11.mp3", "md5": "ad576e2153da97facaa93ae6bd6558db"}, 
{"path": "100/res/sound_res/0/", "name": "12.mp3", "md5": "42bc1b9f9217fba641d4c402c8f90660"}, 
{"path": "100/res/sound_res/0/", "name": "13.mp3", "md5": "24f28b5c13cc608af861efbd1ac590e3"}, 
{"path": "100/res/sound_res/0/", "name": "14.mp3", "md5": "ce23de27c9c6c0682a2f6003446c8bbe"}, 
{"path": "100/res/sound_res/0/", "name": "15.mp3", "md5": "398e27ae213b71b1d54710e593c219ae"}, 
{"path": "100/res/sound_res/0/", "name": "2.mp3", "md5": "d066c14c87a087ef0c7e1c98b589a39a"}, 
{"path": "100/res/sound_res/0/", "name": "3.mp3", "md5": "b3a7c501c08bf13ed617dc0833c97961"}, 
{"path": "100/res/sound_res/0/", "name": "4.mp3", "md5": "9550202cb488da16c9273de2b8ac8050"}, 
{"path": "100/res/sound_res/0/", "name": "5.mp3", "md5": "70b60967aab99fcc7ba5619c326c0b11"}, 
{"path": "100/res/sound_res/0/", "name": "6.mp3", "md5": "3ab6960035eee8feda0cc8483cf3d5f0"}, 
{"path": "100/res/sound_res/0/", "name": "7.mp3", "md5": "270dcbb58f7de0de72eec73da83f59fd"}, 
{"path": "100/res/sound_res/0/", "name": "8.mp3", "md5": "3e362c84960041f5cf03804804e9ce95"}, 
{"path": "100/res/sound_res/0/", "name": "9.mp3", "md5": "a85d149a559e5e6f2e476826fb770d69"}, 
{"path": "100/res/sound_res/0/", "name": "bujiabei.mp3", "md5": "f3b8e320706c50fe08ae5db72b7eb429"}, 
{"path": "100/res/sound_res/0/", "name": "chuntian.mp3", "md5": "54e5d2cd066cbfec4bab769204d7237e"}, 
{"path": "100/res/sound_res/0/", "name": "cs0.mp3", "md5": "846725a4ecf32a3d9e20ce39ef32aa29"}, 
{"path": "100/res/sound_res/0/", "name": "cs1.mp3", "md5": "e089dcedbae823c8af3759f961046122"}, 
{"path": "100/res/sound_res/0/", "name": "cs2.mp3", "md5": "8785170cd31a2ae11739776657d7160a"}, 
{"path": "100/res/sound_res/0/", "name": "cs3.mp3", "md5": "e0c93508da81955f2ac94a77034f1dc1"}, 
{"path": "100/res/sound_res/0/", "name": "jiabei.mp3", "md5": "960064480eb9b1f81570e7da6b156346"}, 
{"path": "100/res/sound_res/0/", "name": "other1.mp3", "md5": "44476edd635823e842e653887b96fd9e"}, 
{"path": "100/res/sound_res/0/", "name": "other2.mp3", "md5": "81720faa8680a6562e0655d9c3f78393"}, 
{"path": "100/res/sound_res/0/", "name": "pass0.mp3", "md5": "349150b75cd0cfe3db200fb813f450d8"}, 
{"path": "100/res/sound_res/0/", "name": "pass1.mp3", "md5": "8b51d9c27fde5f67ed6ab7f8e9b8d31d"}, 
{"path": "100/res/sound_res/0/", "name": "pass3.mp3", "md5": "93afc12e7c04374573e57501dfe618f8"}, 
{"path": "100/res/sound_res/0/", "name": "type11.mp3", "md5": "7a9984a63511aad9fdb5c03ef349db60"}, 
{"path": "100/res/sound_res/0/", "name": "type12.mp3", "md5": "3d33bf2519b7f8271002282d67fa0180"}, 
{"path": "100/res/sound_res/0/", "name": "type13.mp3", "md5": "d5423392ee4b3fbefb8926efa557c708"}, 
{"path": "100/res/sound_res/0/", "name": "type2_1.mp3", "md5": "876ab14afa9970a4e2d074b7b011da14"}, 
{"path": "100/res/sound_res/0/", "name": "type2_10.mp3", "md5": "04183421eb63a93f92b7cba7716868ae"}, 
{"path": "100/res/sound_res/0/", "name": "type2_11.mp3", "md5": "6b5633aa262cae05f39bec6512d7c23f"}, 
{"path": "100/res/sound_res/0/", "name": "type2_12.mp3", "md5": "cb33c7111a6cc6356b54a2add778fc61"}, 
{"path": "100/res/sound_res/0/", "name": "type2_13.mp3", "md5": "bf8e04bfe106e54914a46cf8a8599d30"}, 
{"path": "100/res/sound_res/0/", "name": "type2_2.mp3", "md5": "e55bb5efc1943e6f8fdab259978b0576"}, 
{"path": "100/res/sound_res/0/", "name": "type2_3.mp3", "md5": "ba141c4edcd924ac9172f5f9a079d143"}, 
{"path": "100/res/sound_res/0/", "name": "type2_4.mp3", "md5": "9296a4086536718aa0eb1dde807e042c"}, 
{"path": "100/res/sound_res/0/", "name": "type2_5.mp3", "md5": "28e8f8e83ee3734c59cbd7755f5835fd"}, 
{"path": "100/res/sound_res/0/", "name": "type2_6.mp3", "md5": "740d20eb6477cca1a343ba043f11344c"}, 
{"path": "100/res/sound_res/0/", "name": "type2_7.mp3", "md5": "68f3673e20db619e1fe34b60dd59f5ab"}, 
{"path": "100/res/sound_res/0/", "name": "type2_8.mp3", "md5": "335836c784dc822627ef5cca23c52b38"}, 
{"path": "100/res/sound_res/0/", "name": "type2_9.mp3", "md5": "1db9b6c9c7a021392d5fb5e8a1f711f1"}, 
{"path": "100/res/sound_res/0/", "name": "type3_1.mp3", "md5": "a01093d09cd9a7eb75f5c8858aae1b0c"}, 
{"path": "100/res/sound_res/0/", "name": "type3_10.mp3", "md5": "f72a974d161fa50867cae992ea7aa329"}, 
{"path": "100/res/sound_res/0/", "name": "type3_11.mp3", "md5": "646bb9c645a929a3a51bf8734cd708bb"}, 
{"path": "100/res/sound_res/0/", "name": "type3_12.mp3", "md5": "123b6b978dd1c54e54850607e3d75129"}, 
{"path": "100/res/sound_res/0/", "name": "type3_13.mp3", "md5": "09d53c5ad8e8f257e66375e693bde433"}, 
{"path": "100/res/sound_res/0/", "name": "type3_2.mp3", "md5": "d03904db8e1c281c61afee02cb66b70d"}, 
{"path": "100/res/sound_res/0/", "name": "type3_3.mp3", "md5": "a501d3654d1b795aca015df1be2991fa"}, 
{"path": "100/res/sound_res/0/", "name": "type3_4.mp3", "md5": "2185ff2df13cdd5cdf7dbe5dac1bd577"}, 
{"path": "100/res/sound_res/0/", "name": "type3_5.mp3", "md5": "28e61a99c877d338e81ef798c7d3e3b5"}, 
{"path": "100/res/sound_res/0/", "name": "type3_6.mp3", "md5": "5ac02c178ac615f743fb0c3642fca3c1"}, 
{"path": "100/res/sound_res/0/", "name": "type3_7.mp3", "md5": "53a2d48c0495461f80b299cba4dafe42"}, 
{"path": "100/res/sound_res/0/", "name": "type3_8.mp3", "md5": "9005dc02ea4f488d560850346c088d67"}, 
{"path": "100/res/sound_res/0/", "name": "type3_9.mp3", "md5": "ebbffb5ff39cf9f33205464aee06c217"}, 
{"path": "100/res/sound_res/0/", "name": "type4.mp3", "md5": "6352257dd6fc9983351050dae61785a6"}, 
{"path": "100/res/sound_res/0/", "name": "type5.mp3", "md5": "03089d4db4158cf3b41930b80956742a"}, 
{"path": "100/res/sound_res/0/", "name": "type6.mp3", "md5": "3de395ddf8ef54b5feb8410619e17dd6"}, 
{"path": "100/res/sound_res/0/", "name": "type7.mp3", "md5": "142314a0826e711d2487685795cf7089"}, 
{"path": "100/res/sound_res/0/", "name": "type8.mp3", "md5": "900d4b48ea6fa21f0fbd8d9d00a2d741"}, 
{"path": "100/res/sound_res/0/", "name": "type9.mp3", "md5": "17c43a578ddb800b54dd118365a0e3d3"}, 
{"path": "100/res/sound_res/1/", "name": "1.mp3", "md5": "54641dcd7b3e5b51a145c8b72cfde519"}, 
{"path": "100/res/sound_res/1/", "name": "10.mp3", "md5": "5f36ba4ae222777b0371e29c0c6f48bd"}, 
{"path": "100/res/sound_res/1/", "name": "11.mp3", "md5": "5d22b6ac4340572c89409141358527e3"}, 
{"path": "100/res/sound_res/1/", "name": "12.mp3", "md5": "8be8ba7b6362d2c15a16a13dff5562e9"}, 
{"path": "100/res/sound_res/1/", "name": "13.mp3", "md5": "9cf9969b292acce3f2919fdfd9f7565a"}, 
{"path": "100/res/sound_res/1/", "name": "14.mp3", "md5": "5c1322f4ce718450e2386ae3669bc84a"}, 
{"path": "100/res/sound_res/1/", "name": "15.mp3", "md5": "f6e2fce5eae07e57d12675a695e72b4b"}, 
{"path": "100/res/sound_res/1/", "name": "2.mp3", "md5": "061a49fd2010a489b309f60a60c3a032"}, 
{"path": "100/res/sound_res/1/", "name": "3.mp3", "md5": "b34d8f3952b28ccaf6f0d396a0611927"}, 
{"path": "100/res/sound_res/1/", "name": "4.mp3", "md5": "24fc4f55f6c87b14e0be43d779ed46e4"}, 
{"path": "100/res/sound_res/1/", "name": "5.mp3", "md5": "f087a21d1e19ec266fbdf178a384fd92"}, 
{"path": "100/res/sound_res/1/", "name": "6.mp3", "md5": "6c6eb56ef24922fc09a37b71c0d5b66a"}, 
{"path": "100/res/sound_res/1/", "name": "7.mp3", "md5": "af22fd1b76e35812d435ae192a08d1ef"}, 
{"path": "100/res/sound_res/1/", "name": "8.mp3", "md5": "164b0f9d92a9b08051b06a8f176c46ea"}, 
{"path": "100/res/sound_res/1/", "name": "9.mp3", "md5": "528c134268d60f3f9bddc04588820518"}, 
{"path": "100/res/sound_res/1/", "name": "bujiabei.mp3", "md5": "db240a403715f7705dcd554e89b1fd8a"}, 
{"path": "100/res/sound_res/1/", "name": "chuntian.mp3", "md5": "60cd4d4e139a10e2a81f504680e5f80e"}, 
{"path": "100/res/sound_res/1/", "name": "cs0.mp3", "md5": "e4cf772e693f4901db125db9f601bd66"}, 
{"path": "100/res/sound_res/1/", "name": "cs1.mp3", "md5": "bfd49157918cecdf325deb1b19441112"}, 
{"path": "100/res/sound_res/1/", "name": "cs2.mp3", "md5": "d3f688dd55892f68797421a2d45d821e"}, 
{"path": "100/res/sound_res/1/", "name": "cs3.mp3", "md5": "7939aae60946f071b3efd10b5d66ec80"}, 
{"path": "100/res/sound_res/1/", "name": "jiabei.mp3", "md5": "b9a7f6476bbede7a2931f10a1057a634"}, 
{"path": "100/res/sound_res/1/", "name": "other1.mp3", "md5": "2225bb9b044e378193b14fd7afb2c613"}, 
{"path": "100/res/sound_res/1/", "name": "other2.mp3", "md5": "6aac89f8882669468dfa051afe615da4"}, 
{"path": "100/res/sound_res/1/", "name": "pass0.mp3", "md5": "3fc322e33c7c4232da02caa8e05dddbe"}, 
{"path": "100/res/sound_res/1/", "name": "pass1.mp3", "md5": "e79bf4a552096c1f1d197d571a8bd06a"}, 
{"path": "100/res/sound_res/1/", "name": "pass3.mp3", "md5": "a97fa7d8d43cda8e38368342be7ee24a"}, 
{"path": "100/res/sound_res/1/", "name": "type11.mp3", "md5": "5550b165596e679c44b0c44e31fa3ed0"}, 
{"path": "100/res/sound_res/1/", "name": "type12.mp3", "md5": "48e3a444bd3745362052d5834746ec7a"}, 
{"path": "100/res/sound_res/1/", "name": "type13.mp3", "md5": "1fe06351c17ca8b755997f6273889d2c"}, 
{"path": "100/res/sound_res/1/", "name": "type2_1.mp3", "md5": "53dba0d95576d21639c0fd742677e955"}, 
{"path": "100/res/sound_res/1/", "name": "type2_10.mp3", "md5": "1ecf52e94aef919c40817f2d6eef5092"}, 
{"path": "100/res/sound_res/1/", "name": "type2_11.mp3", "md5": "eebf5d03faa301f7e2f3db31e96885d8"}, 
{"path": "100/res/sound_res/1/", "name": "type2_12.mp3", "md5": "05a797f49cba93c709c3986e9d841d0d"}, 
{"path": "100/res/sound_res/1/", "name": "type2_13.mp3", "md5": "28da1bf088e4343d7c90383baad8aadc"}, 
{"path": "100/res/sound_res/1/", "name": "type2_2.mp3", "md5": "d44693d7d3bbf9d507d02de3528ed5e4"}, 
{"path": "100/res/sound_res/1/", "name": "type2_3.mp3", "md5": "433bfaabe6cd37b3d2914d9a2319ef1d"}, 
{"path": "100/res/sound_res/1/", "name": "type2_4.mp3", "md5": "0b02a5a9d4933be9f872b803c8c40e57"}, 
{"path": "100/res/sound_res/1/", "name": "type2_5.mp3", "md5": "f6b33b4b7653af3a28a0065908609d08"}, 
{"path": "100/res/sound_res/1/", "name": "type2_6.mp3", "md5": "02275d57a77c7d80faa5b2d4c34e896c"}, 
{"path": "100/res/sound_res/1/", "name": "type2_7.mp3", "md5": "fd6eb113a1b977c4596cc9f9f095e44c"}, 
{"path": "100/res/sound_res/1/", "name": "type2_8.mp3", "md5": "c6cee268c9058ee4e79074004a5b4609"}, 
{"path": "100/res/sound_res/1/", "name": "type2_9.mp3", "md5": "9d053a98a07f9b0cfedfb16e0b8fec0f"}, 
{"path": "100/res/sound_res/1/", "name": "type3_1.mp3", "md5": "0b1a8586f5adf9fa2b0427414840571a"}, 
{"path": "100/res/sound_res/1/", "name": "type3_10.mp3", "md5": "3c7a93e0da23b430f92e8dababb06e19"}, 
{"path": "100/res/sound_res/1/", "name": "type3_11.mp3", "md5": "62ba6a71271ea2968f3aa96a4a49c94d"}, 
{"path": "100/res/sound_res/1/", "name": "type3_12.mp3", "md5": "6cc98dc673d750de0b5855b8f7ca7cd9"}, 
{"path": "100/res/sound_res/1/", "name": "type3_13.mp3", "md5": "c17f6d69f7562fbce07bc72212cc0378"}, 
{"path": "100/res/sound_res/1/", "name": "type3_2.mp3", "md5": "3c6b871f35c27b399092bb832cb6b57e"}, 
{"path": "100/res/sound_res/1/", "name": "type3_3.mp3", "md5": "9fc907bb6bdd4057c0fd0cd7cd18fe77"}, 
{"path": "100/res/sound_res/1/", "name": "type3_4.mp3", "md5": "f67058b94b6f3aaf8b96883899aad59d"}, 
{"path": "100/res/sound_res/1/", "name": "type3_5.mp3", "md5": "1a1427979da1174aa887c5d418c07983"}, 
{"path": "100/res/sound_res/1/", "name": "type3_6.mp3", "md5": "05ea2e282880bee53572b99daa24571f"}, 
{"path": "100/res/sound_res/1/", "name": "type3_7.mp3", "md5": "e26126f4291d97ef0e26645632028e18"}, 
{"path": "100/res/sound_res/1/", "name": "type3_8.mp3", "md5": "f32dee420c1c82fe19bb21543d1b1030"}, 
{"path": "100/res/sound_res/1/", "name": "type3_9.mp3", "md5": "936df225fec50a260c27374df830effe"}, 
{"path": "100/res/sound_res/1/", "name": "type4.mp3", "md5": "b5c2060c8467847ab57563389214e527"}, 
{"path": "100/res/sound_res/1/", "name": "type5.mp3", "md5": "060290cea2ddadbbf640d6a3f41802ef"}, 
{"path": "100/res/sound_res/1/", "name": "type6.mp3", "md5": "19d222e861448a8b1aa638789fad45b0"}, 
{"path": "100/res/sound_res/1/", "name": "type7.mp3", "md5": "31c8caca3c9b91bec700de8af7fb2ea2"}, 
{"path": "100/res/sound_res/1/", "name": "type8.mp3", "md5": "1f1d93e425025ec59633467d79cc9ebf"}, 
{"path": "100/res/sound_res/1/", "name": "type9.mp3", "md5": "537b8cb5d2224c4e55363329737f7c43"}, 
{"path": "100/res/sound_res/", "name": "afterboom.mp3", "md5": "fa8ed747d26b6c381e8c351a3fe17611"}, 
{"path": "100/res/sound_res/", "name": "background.mp3", "md5": "388d678f04b931d04c8a15a5a481b9f6"}, 
{"path": "100/res/sound_res/", "name": "chuntian.mp3", "md5": "f48341546473f3645361ae5a9e52d74b"}, 
{"path": "100/res/sound_res/", "name": "chuntian_girl.mp3", "md5": "54e5d2cd066cbfec4bab769204d7237e"}, 
{"path": "100/res/sound_res/", "name": "common_alert.mp3", "md5": "7ee7b72c8ccfe863a629d33f9cae8c70"}, 
{"path": "100/res/sound_res/", "name": "common_bomb.mp3", "md5": "fcc0d3902254cd99e28232d7878043b0"}, 
{"path": "100/res/sound_res/", "name": "common_plane.mp3", "md5": "ada004e958aad3908bea49bdb6c3730f"}, 
{"path": "100/res/sound_res/", "name": "dispatch.mp3", "md5": "bee70334d8267dfc35e46cd1ad77c75d"}, 
{"path": "100/res/sound_res/", "name": "huojian.mp3", "md5": "246635d99beca45b8a87edda857ce2e4"}, 
{"path": "100/res/sound_res/", "name": "liandui.mp3", "md5": "5d4e7fd12f4ca01656253c5ac9988f2c"}, 
{"path": "100/res/sound_res/", "name": "losegame.mp3", "md5": "8c0eb6c87a45525eca062428138a4d14"}, 
{"path": "100/res/sound_res/", "name": "remaining.mp3", "md5": "9291988acc45b6df5977f0e39acb8a08"}, 
{"path": "100/res/sound_res/", "name": "sendcard.mp3", "md5": "ce248a99e9b502582fbbd6c3eba27126"}, 
{"path": "100/res/sound_res/", "name": "shunzi.mp3", "md5": "e195358131913f43857065f247383d22"}, 
{"path": "100/res/sound_res/", "name": "wingame.mp3", "md5": "97a86740e7f8fd13950dd23d47c11ff4"}, 
{"path": "100/res/sound_res/", "name": "xuanpai.mp3", "md5": "4d89349867406d0d84c4b6c61d990dd7"}, 
{"path": "100/res/uicsd/", "name": "GameLayer.csb", "md5": "6a7ce8d6ce86df771717f8c1cc8bb746"}, 
{"path": "100/res/uicsd/", "name": "GameResultLayer.csb", "md5": "a1116b3aa6fc9292fe1b5244a241d779"}, 
{"path": "100/res/uicsd/", "name": "GameRoleItem.csb", "md5": "046b223ad32b13825cb2c98501c658d4"}, 
{"path": "100/res/uicsd/", "name": "resultlayer.csb", "md5": "40ad785b09834de16f5319b51c1d73e7"}, 
{"path": "100/src/models/", "name": "CMD_Game.luac", "md5": "8e8c00e72d9b8da281c262589afb556c"}, 
{"path": "100/src/models/", "name": "Define.luac", "md5": "7925fd214b200e4c47a3235c8b592485"}, 
{"path": "100/src/models/", "name": "GameLogic.luac", "md5": "93576010292763368c8e6b1b82cdb49f"}, 
{"path": "100/src/models/", "name": "GameLogic1.luac", "md5": "50ad315a380ffb748a16a8481758a031"}, 
{"path": "100/src/models/", "name": "Poker.luac", "md5": "156cef5bbbb5b967e43b186b881fae11"}, 
{"path": "100/src/views/", "name": "GameLayer.luac", "md5": "a34035c3d9151794c8ad0f08216e89ef"}, 
{"path": "100/src/views/", "name": "GameRoomLayer.luac", "md5": "c4f76be2f8ea7d0ef7c4e71c2aa472a1"}, 
{"path": "100/src/views/layer/gamecard/", "name": "CardsNode.luac", "md5": "fd522b01b06f72c1a536b7affd67d377"}, 
{"path": "100/src/views/layer/gamecard/", "name": "CardSprite.luac", "md5": "3d7a6a3d65ba793edc49c3fd68897618"}, 
{"path": "100/src/views/layer/", "name": "GameResultLayer.luac", "md5": "0dc3e913e215fe3d4c334feebdbc4454"}, 
{"path": "100/src/views/layer/", "name": "GameRoleItem.luac", "md5": "a7916fc239d06fd19005ee52d60047df"}, 
{"path": "100/src/views/layer/", "name": "GameViewLayer.luac", "md5": "66d58ae735418076c572e689b4c9e618"}, 
{"path": "100/src/views/layer/", "name": "RuleLayer.luac", "md5": "f59567cae08ba21e1015255be865b0d6"}, 
{"path": "100/src/views/", "name": "RoomView.luac", "md5": "0c70cfa3611de5759a0b26729e6c4545"}, 
{"allcount": 315}]}