{ "listdata": [{"path": "119/res/ani/", "name": "baoxiang.atlas", "md5": "7554b80505cd9dc1223947a01efac88e"}, 
{"path": "119/res/ani/", "name": "baoxiang.json", "md5": "0aab901a46fa9068a5287a3cea15285b"}, 
{"path": "119/res/ani/", "name": "baoxiang.png", "md5": "724d783de1f2764e708eed51c63599c8"}, 
{"path": "119/res/ani/", "name": "FREESPINS.atlas", "md5": "387249b156ef42c563bbe3ee31b1a9f6"}, 
{"path": "119/res/ani/", "name": "FREESPINS.json", "md5": "3b59437755390ceab10fc1d2cf3cb353"}, 
{"path": "119/res/ani/", "name": "FREESPINS.png", "md5": "e014b850e82f49b1a0cc93364452002b"}, 
{"path": "119/res/ani/", "name": "FREESPINS2.png", "md5": "1e5a494d9d696032872ca0f5db19287a"}, 
{"path": "119/res/ani/", "name": "FREESPINS3.png", "md5": "239896d516e2bed467d7bb24c68cc417"}, 
{"path": "119/res/ani/", "name": "gongxi.atlas", "md5": "b2a9cdc8cb9254049f7ca003b9a01508"}, 
{"path": "119/res/ani/", "name": "gongxi.json", "md5": "57ea048b837813b953ae74f69c17c136"}, 
{"path": "119/res/ani/", "name": "gongxi.png", "md5": "93b9f4479c501d3f4fd9233289dc3536"}, 
{"path": "119/res/ani/", "name": "icon_golden.png", "md5": "7ada4f9f3566f70b3fdd34de73476f4b"}, 
{"path": "119/res/ani/", "name": "jackpot.atlas", "md5": "52e028786f47085583d5aca479245dac"}, 
{"path": "119/res/ani/", "name": "jackpot.json", "md5": "5bda9d56d35d86dd63b32218d6e6fecb"}, 
{"path": "119/res/ani/", "name": "jackpot.png", "md5": "453a011273526aaecef17cd221978ce5"}, 
{"path": "119/res/ani/", "name": "jackpot2.png", "md5": "8843c85475903c01025b2962ab829563"}, 
{"path": "119/res/ani/", "name": "jiang1.atlas", "md5": "00b7eb64c4f8fe575a62d1136af5686f"}, 
{"path": "119/res/ani/", "name": "jiang1.json", "md5": "8613f8c80003a8ad52db2054143bf42d"}, 
{"path": "119/res/ani/", "name": "jiang1.png", "md5": "5ed858a2cb7b37f6fe59dd03938af35f"}, 
{"path": "119/res/ani/", "name": "quanleida.atlas", "md5": "6b843a7bd8a914a35256f977c31de676"}, 
{"path": "119/res/ani/", "name": "quanleida.json", "md5": "daa8f21521c93f3465352e6f585a8f21"}, 
{"path": "119/res/ani/", "name": "quanleida.png", "md5": "73c75c8204da4c4a51c7160046c2ca44"}, 
{"path": "119/res/ani/", "name": "shuiguo.atlas", "md5": "61277326eecd42d9d81e29b9f523e4bc"}, 
{"path": "119/res/ani/", "name": "shuiguo.json", "md5": "c6f356b30d34cd48f9828dc74e67073a"}, 
{"path": "119/res/ani/", "name": "shuiguo.png", "md5": "d27c8351042825cbb9ca6e11578750b7"}, 
{"path": "119/res/ani/", "name": "win.atlas", "md5": "c21bb7d7e89c506ffd671e27f8b0bb7f"}, 
{"path": "119/res/ani/", "name": "win.json", "md5": "99f2d0728d58a1031b72597d054e12af"}, 
{"path": "119/res/ani/", "name": "win.png", "md5": "a60172aa564d3c259d52d2da95499764"}, 
{"path": "119/res/fonts/", "name": "round_body.ttf", "md5": "7b5c98a23993fb67ff9b05eea70ac37c"}, 
{"path": "119/res/image/", "name": "auto_bg.png", "md5": "6cc2a8c98ced00849ef79bc33ac22afe"}, 
{"path": "119/res/image/", "name": "bank_gold_num.png", "md5": "493fbed84a1f7a8cd0ea9599982d83d2"}, 
{"path": "119/res/image/", "name": "bank_persent.png", "md5": "87025c15d30332305810cc52703d2758"}, 
{"path": "119/res/image/", "name": "bet.png", "md5": "3559af7a0853a4db73411894fc916e75"}, 
{"path": "119/res/image/", "name": "bet_bg.png", "md5": "db7eae6c3dd9f530d32b138c637e7b8d"}, 
{"path": "119/res/image/", "name": "bet_digital.png", "md5": "b62f47ab49effbbe6747830c77def032"}, 
{"path": "119/res/image/", "name": "bg.jpg", "md5": "df03e0bc33da3d6e51e2d0088eb651d3"}, 
{"path": "119/res/image/", "name": "big_win_digitals.png", "md5": "2854bfa1333665162fd6bc5182055fb0"}, 
{"path": "119/res/image/", "name": "bottom_bar.png", "md5": "167075f764d472b3f36d2ea7ecac15c3"}, 
{"path": "119/res/image/", "name": "bottom_bar__.png", "md5": "205f96d6547e8721a09dc82f2a04c11c"}, 
{"path": "119/res/image/", "name": "bottom_prize_gold.png", "md5": "d6c1cab112df9f5671093d77f8dd4676"}, 
{"path": "119/res/image/", "name": "box.png", "md5": "97878516e811ee5c94cc7be448f09dc3"}, 
{"path": "119/res/image/", "name": "boxwin_digital.png", "md5": "47efa25d20ed333fa96863640af8ef6f"}, 
{"path": "119/res/image/", "name": "btn_add.png", "md5": "056d89a98a3ec062568f81363af88130"}, 
{"path": "119/res/image/", "name": "btn_atuo.png", "md5": "226a193abf1f8eb8c33deca4d77b6465"}, 
{"path": "119/res/image/", "name": "btn_atuo_down.png", "md5": "971a2199e4103138c08e941fa0861b02"}, 
{"path": "119/res/image/", "name": "btn_back.png", "md5": "596976468360467465f16c6a765e6f26"}, 
{"path": "119/res/image/", "name": "btn_back_down.png", "md5": "1a68fe79a2a9d63a2fc3daa62a921cc1"}, 
{"path": "119/res/image/", "name": "btn_back_unable.png", "md5": "b3d8a6e070c998daa84628fa75f7a68a"}, 
{"path": "119/res/image/", "name": "btn_bet_add.png", "md5": "cf4434541ba45c21fc34be0a2d502670"}, 
{"path": "119/res/image/", "name": "btn_bet_add_down.png", "md5": "849e26b8369af8c041d7a95e559326d5"}, 
{"path": "119/res/image/", "name": "btn_bet_add_down_unalbe.png", "md5": "84553bf262dfb75f2d7f2b60888af153"}, 
{"path": "119/res/image/", "name": "btn_bet_reduce.png", "md5": "bb504f9286f2f3dd4c5a0f7c1b266aeb"}, 
{"path": "119/res/image/", "name": "btn_bet_reduce_down.png", "md5": "96ccb0d1cc7ca7e5556f263737eb8d87"}, 
{"path": "119/res/image/", "name": "btn_bet_reduce_down_unalbe.png", "md5": "707fb8fa748781813c467fa873ccb738"}, 
{"path": "119/res/image/", "name": "btn_close.png", "md5": "44aff6cd526c74b77f4020fcfbb5e42f"}, 
{"path": "119/res/image/", "name": "btn_coin.png", "md5": "2719c0e8a5aebd4198f2115869b80839"}, 
{"path": "119/res/image/", "name": "btn_help.png", "md5": "0a446badbc52e83db62f37c85de8e71c"}, 
{"path": "119/res/image/", "name": "btn_help_down.png", "md5": "4297d8aa1ac604cd8fa5ff13683de943"}, 
{"path": "119/res/image/", "name": "btn_return_game.png", "md5": "f07c1f467905bad94449c99d043dd1a0"}, 
{"path": "119/res/image/", "name": "btn_sound.png", "md5": "3e62d1ec59cba607e049016efd90f082"}, 
{"path": "119/res/image/", "name": "btn_sound_down.png", "md5": "20df78c6f8ee4f7a77cab61f11befd6c"}, 
{"path": "119/res/image/", "name": "btn_sound_off.png", "md5": "e56342bdee95d1d5e6f74a8ed6e5ef92"}, 
{"path": "119/res/image/", "name": "btn_sound_off_down.png", "md5": "eb4b41871380b2c2001a6d5b624d8275"}, 
{"path": "119/res/image/", "name": "btn_sound_on.png", "md5": "3e62d1ec59cba607e049016efd90f082"}, 
{"path": "119/res/image/", "name": "btn_sound_on_down.png", "md5": "20df78c6f8ee4f7a77cab61f11befd6c"}, 
{"path": "119/res/image/", "name": "btn_start_noraml.png", "md5": "004f54381d4808893b7ddd5aeb840d1d"}, 
{"path": "119/res/image/", "name": "btn_start_noraml_down.png", "md5": "58a63ccbb44b56c88cf6923c3760258e"}, 
{"path": "119/res/image/", "name": "btn_start_unable.png", "md5": "c2cdc419a8cb10d70e3ce6103070deac"}, 
{"path": "119/res/image/", "name": "btn_start_unable_down.png", "md5": "da33ae64e27f2b313c09dae372ee8196"}, 
{"path": "119/res/image/", "name": "cishudi.png", "md5": "4f51fa7b1e77d50837b2926805c7b42f"}, 
{"path": "119/res/image/", "name": "clear.png", "md5": "6feaed8bc01adf4336eb8c9fd7f7f949"}, 
{"path": "119/res/image/", "name": "clip_sp.png", "md5": "61a024e52cd65138284a862330e7f36a"}, 
{"path": "119/res/image/", "name": "close.png", "md5": "44aff6cd526c74b77f4020fcfbb5e42f"}, 
{"path": "119/res/image/", "name": "desc_1.png", "md5": "76fef58702dbdb7cd7e9b7faa3adf2fe"}, 
{"path": "119/res/image/", "name": "digital_bg.png", "md5": "cfb14c889ba73726e181daf76e747257"}, 
{"path": "119/res/image/", "name": "free_digital.png", "md5": "bf17608ff5218e93e36639bfba448da4"}, 
{"path": "119/res/image/", "name": "gold_add.png", "md5": "056d89a98a3ec062568f81363af88130"}, 
{"path": "119/res/image/", "name": "gold_bg.png", "md5": "a6817f3a53b3d1cee59cd285ef4d007c"}, 
{"path": "119/res/image/", "name": "gold_digital.png", "md5": "ea77bd0ce966ca63bb0506a01bf155d6"}, 
{"path": "119/res/image/", "name": "guang.png", "md5": "2cc5d26d6a0ba7f5b6c6d40c29f7a81c"}, 
{"path": "119/res/image/", "name": "hall_txt_bg.png", "md5": "9ab3be941320084aac91464f72a7c4e0"}, 
{"path": "119/res/image/", "name": "help (3).png", "md5": "1c4b6031a6f123d0634cfbf7137bffba"}, 
{"path": "119/res/image/", "name": "icon_golden.png", "md5": "7ada4f9f3566f70b3fdd34de73476f4b"}, 
{"path": "119/res/image/", "name": "jacket_bg.png", "md5": "7c20ea911de1c859e5123b389cc233d8"}, 
{"path": "119/res/image/", "name": "jackport_bg.png", "md5": "82a50a481fe88b15f900432fd1ba136d"}, 
{"path": "119/res/image/", "name": "jackport_digital.png", "md5": "6c76bd66dcd3a52141aa936e69cf6e94"}, 
{"path": "119/res/image/", "name": "jackpot.png", "md5": "3e1892d1ca46364415846b90dc1044da"}, 
{"path": "119/res/image/", "name": "Jackpot_title.png", "md5": "9f694007ab4301b34436b0e6a3cbcaee"}, 
{"path": "119/res/image/", "name": "jiangchi_digital.png", "md5": "717d517f6837722be5f14cdb3557c57f"}, 
{"path": "119/res/image/", "name": "light.png", "md5": "2668354058390567212c14a4b8b651fd"}, 
{"path": "119/res/image/", "name": "light_ball.png", "md5": "2668354058390567212c14a4b8b651fd"}, 
{"path": "119/res/image/", "name": "line1.png", "md5": "6545749e10cb66f4f94dff6dd88ba642"}, 
{"path": "119/res/image/", "name": "line2.png", "md5": "0474119e285565f01b2d08815bbe772d"}, 
{"path": "119/res/image/", "name": "line3.png", "md5": "3e50e77d21fdba973636f0c570e73fea"}, 
{"path": "119/res/image/", "name": "line4.png", "md5": "f3fe6af3a4ae73d8ca36b25a4e6aab45"}, 
{"path": "119/res/image/", "name": "line5.png", "md5": "7bc1e5d2270d59020b1e6e64258e7c94"}, 
{"path": "119/res/image/", "name": "line6.png", "md5": "1c0b2d951f2d50b3dfccad51b5005837"}, 
{"path": "119/res/image/", "name": "line7.png", "md5": "2549b8e86b016246f06e22a323d9e168"}, 
{"path": "119/res/image/", "name": "line8.png", "md5": "19603c965d29e4c1258ea133ea1aad38"}, 
{"path": "119/res/image/", "name": "line9.png", "md5": "fe137f0cbb51133cb39d6c91c52d162b"}, 
{"path": "119/res/image/", "name": "linelight1.png", "md5": "2e1873a5ad330c096788465077f409da"}, 
{"path": "119/res/image/", "name": "linelight2.png", "md5": "de047e4e2ccd87ef09cf0d51d9cb4e6a"}, 
{"path": "119/res/image/", "name": "linelight3.png", "md5": "17d89f621f34b92c806bc608931e8fa9"}, 
{"path": "119/res/image/", "name": "linelight4.png", "md5": "81424a3d3c6815c032144eb2a15920cf"}, 
{"path": "119/res/image/", "name": "linelight5.png", "md5": "49dffa5f44d124f6b431e460c97e5213"}, 
{"path": "119/res/image/", "name": "linelight6.png", "md5": "6ea0e796dd55a05132543dd39c4d0b20"}, 
{"path": "119/res/image/", "name": "linelight7.png", "md5": "7d24322b4831bcbb10e8fae12ccec143"}, 
{"path": "119/res/image/", "name": "linelight8.png", "md5": "122460596d57fd81664bb77d78a6162d"}, 
{"path": "119/res/image/", "name": "linelight9.png", "md5": "15ae2f82a647d3a8e1715c9800ba2889"}, 
{"path": "119/res/image/", "name": "lineStencil.png", "md5": "144d32562eb3bb5382fb49d6959e0ffd"}, 
{"path": "119/res/image/", "name": "load.jpg", "md5": "769555add4546b9dec1946a03b9dc390"}, 
{"path": "119/res/image/", "name": "lr_bg.png", "md5": "dd66402ccbe2954e3725295d1c5a9b92"}, 
{"path": "119/res/image/", "name": "max_bet.png", "md5": "110639c9b0e8c77747effe97318086d4"}, 
{"path": "119/res/image/", "name": "max_bet_down.png", "md5": "214dc572105df5243af4ed21ad4198e8"}, 
{"path": "119/res/image/", "name": "max_bet_down_unalbe.png", "md5": "5ccc25575ee8d9a038ab147bd35a0367"}, 
{"path": "119/res/image/", "name": "msbg.png", "md5": "73c7e3ee090b4fc33d1b9a0cceab7439"}, 
{"path": "119/res/image/", "name": "point_gray.png", "md5": "754e6130c584c0ec48cd3f9ed6e62993"}, 
{"path": "119/res/image/", "name": "point_light.png", "md5": "e643c5ca63548579b90e325cd2325403"}, 
{"path": "119/res/image/", "name": "pot1.png", "md5": "92daf694e18e34d83476fd1317879a1e"}, 
{"path": "119/res/image/", "name": "pot2.png", "md5": "c2313bee4cefeb5bfe6bb90a65a1ad01"}, 
{"path": "119/res/image/", "name": "prize_digital.png", "md5": "0475d5871286d811da290bb9a2105cf8"}, 
{"path": "119/res/image/", "name": "prize_fruit_bg.png", "md5": "8a2fe6b8266a26fbbd096ea333bed2ff"}, 
{"path": "119/res/image/", "name": "prize_title.png", "md5": "1ac43a6a4abe66eb2efc7a5b1c07b1cc"}, 
{"path": "119/res/image/", "name": "q1.png", "md5": "447c1d0fe1b4a067654cea72a422622d"}, 
{"path": "119/res/image/", "name": "q2.png", "md5": "8b310ac65e10e91a8f3b814c1865419e"}, 
{"path": "119/res/image/", "name": "q3.png", "md5": "2f6d1877faa8e211bb8ee6507dee754a"}, 
{"path": "119/res/image/", "name": "q4.png", "md5": "59adba2f0ef63407a55d86b7d207b959"}, 
{"path": "119/res/image/", "name": "q5.png", "md5": "c033f754a2d63fda7d47f5404109285f"}, 
{"path": "119/res/image/", "name": "q6.png", "md5": "c1dd02c453672f1352787f9a511483d8"}, 
{"path": "119/res/image/", "name": "q7.png", "md5": "c69952e9ae87c6b5ac17a4c6f728e3a1"}, 
{"path": "119/res/image/", "name": "q8.png", "md5": "fb6053ac52923cd5983c50912d481605"}, 
{"path": "119/res/image/", "name": "q9.png", "md5": "27b67c56f55b97bc45382735f8ef8f13"}, 
{"path": "119/res/image/", "name": "queding.png", "md5": "4047616842d5822a31919d168d65b03f"}, 
{"path": "119/res/image/", "name": "remian_times.png", "md5": "8936185d1dc88d98090ded569c0ebaa8"}, 
{"path": "119/res/image/", "name": "rocker.png", "md5": "61230a2c853df7f806bfe41f0bee25ec"}, 
{"path": "119/res/image/", "name": "rocker2.png", "md5": "dc913da952a5e63a1dffae0f99161b76"}, 
{"path": "119/res/image/", "name": "rule_page_1.png", "md5": "bf78051018451e13ae96955dc17a79ea"}, 
{"path": "119/res/image/", "name": "rule_page_2.png", "md5": "94c17a3ee160d6979c0de3e3986ee36c"}, 
{"path": "119/res/image/", "name": "rule_page_3.png", "md5": "f6edb2262f726a0f0ab8244d8d8bd48a"}, 
{"path": "119/res/image/", "name": "rule_page_4.png", "md5": "9abb2493ffde4ac225c5fcf99e2ffee2"}, 
{"path": "119/res/image/", "name": "rule_page_5.png", "md5": "36cff3c6770567a4ca0475a9edf1f25a"}, 
{"path": "119/res/image/", "name": "scroll_bg.png", "md5": "0bc7d4150e62f3ec868ff39f29dfa243"}, 
{"path": "119/res/image/", "name": "segline.png", "md5": "f6ca50566bf8058628f2449a6ae766b8"}, 
{"path": "119/res/image/", "name": "seg_2.png", "md5": "1c4b6031a6f123d0634cfbf7137bffba"}, 
{"path": "119/res/image/", "name": "slot_el_1.png", "md5": "5d1484f6ab7e95ab3657644519b780df"}, 
{"path": "119/res/image/", "name": "slot_el_10.png", "md5": "194faf55bf96f00a8a672b2113d11d87"}, 
{"path": "119/res/image/", "name": "slot_el_10_title.png", "md5": "1dee71f53686004fcd9be530a38a3bf6"}, 
{"path": "119/res/image/", "name": "slot_el_11.png", "md5": "253449272146d350964f519b1f7abb2a"}, 
{"path": "119/res/image/", "name": "slot_el_11_title.png", "md5": "09b2720de0f6dbf1fe7574c0bbf53dea"}, 
{"path": "119/res/image/", "name": "slot_el_12.png", "md5": "35777385119cb6553d525bfddeeb87fe"}, 
{"path": "119/res/image/", "name": "slot_el_12_title.png", "md5": "d7b5177a785c2ecf71719632348b3a48"}, 
{"path": "119/res/image/", "name": "slot_el_13.png", "md5": "1c401ae51130c632922d20f7c9ec4bcc"}, 
{"path": "119/res/image/", "name": "slot_el_2.png", "md5": "9168dc1e74f4e4a83e6419b3c9814a38"}, 
{"path": "119/res/image/", "name": "slot_el_3.png", "md5": "cf113da709b0a85b39c648a92adeb270"}, 
{"path": "119/res/image/", "name": "slot_el_4.png", "md5": "a73937963698b8a2abda881a164cc183"}, 
{"path": "119/res/image/", "name": "slot_el_5.png", "md5": "3aee9e57ef2d9731ab9d6ed49623d736"}, 
{"path": "119/res/image/", "name": "slot_el_6.png", "md5": "eb99fc67519bb1fffc769e9195767c08"}, 
{"path": "119/res/image/", "name": "slot_el_7.png", "md5": "981e306da8f96b202417e4746af4a8be"}, 
{"path": "119/res/image/", "name": "slot_el_8.png", "md5": "34e33c7ba70877c7c1037b5c3d133e93"}, 
{"path": "119/res/image/", "name": "slot_el_9.png", "md5": "7f0b8fa5067f7d7a9336dfa4ccafafc7"}, 
{"path": "119/res/image/", "name": "slot_pop_bg.png", "md5": "6ded412b0a78f2c648bddc890c214613"}, 
{"path": "119/res/image/", "name": "stop_bg.png", "md5": "ce3f2ad5c6f59eaff753534d8213b94e"}, 
{"path": "119/res/image/", "name": "titile_name_1.png", "md5": "b99638125ae325a879812ceab6e73933"}, 
{"path": "119/res/image/", "name": "titile_name_2.png", "md5": "57b3433269830a0ea4b62f7d1950bc6a"}, 
{"path": "119/res/image/", "name": "title_bar.png", "md5": "c5fc2ee2f208bc6c926207c561b3d617"}, 
{"path": "119/res/image/", "name": "title_jackport.png", "md5": "18729499321c022589adb1426e6ae6d7"}, 
{"path": "119/res/image/", "name": "title_luckybox.png", "md5": "71bed9ad41ba362fe0d75ce62a8055f2"}, 
{"path": "119/res/image/", "name": "title_rule.png", "md5": "b552a39fefe07843121c6fba84f84d56"}, 
{"path": "119/res/image/", "name": "tk-di.png", "md5": "cc273c439a7eee0ef8897fcd9327f3cc"}, 
{"path": "119/res/image/", "name": "top_bar.png", "md5": "80c2b2e29e3ab1b2114d4eb865e985b1"}, 
{"path": "119/res/image/", "name": "win.png", "md5": "d0b0ef50ee2599c6b5c0bdc9182df23d"}, 
{"path": "119/res/image/", "name": "win_digital.png", "md5": "b9c35f08ae3893d6a449b6cf3da80d27"}, 
{"path": "119/res/image/", "name": "win_gold_digital.png", "md5": "03cb3cbdcd805ac60f377eb4f36b61bf"}, 
{"path": "119/res/particle/", "name": "coin.png", "md5": "7ada4f9f3566f70b3fdd34de73476f4b"}, 
{"path": "119/res/particle/", "name": "CoinExplore4.plist", "md5": "7797c40b5d679fbc43133e43a4cacab5"}, 
{"path": "119/res/roomlist/", "name": "experience.png", "md5": "0f928da1abcce8d2028e0bfc7681ff52"}, 
{"path": "119/res/roomlist/", "name": "level_1.png", "md5": "43bf0db07e70060bc0c6469132cf6adc"}, 
{"path": "119/res/roomlist/", "name": "level_2.png", "md5": "4e9c53853e6b44e9c3f84b59c64e7751"}, 
{"path": "119/res/roomlist/", "name": "level_3.png", "md5": "d5e8c02f5a55c7543a1ef341bae81884"}, 
{"path": "119/res/roomlist/", "name": "level_4.png", "md5": "dfb4174d8bcc4bce33b962a558db6569"}, 
{"path": "119/res/sound_res/", "name": "alert.mp3", "md5": "54d95185663fb4645e48841f9a988f13"}, 
{"path": "119/res/sound_res/", "name": "big_win.mp3", "md5": "7a7ed5b1c95e2aca618a00c7dc3073e8"}, 
{"path": "119/res/sound_res/", "name": "btn_click.mp3", "md5": "71f192befe9284edf1e152c8290463ef"}, 
{"path": "119/res/sound_res/", "name": "game_level2.mp3", "md5": "362cb3e84cf890b6045869d10f3bb3f0"}, 
{"path": "119/res/sound_res/", "name": "gold_result_sound.mp3", "md5": "e6da7fa14526b623ce84bcdee00e2420"}, 
{"path": "119/res/sound_res/", "name": "jackport.wav", "md5": "c2eeda3bd24d4ec2fb8f7a8fe79ad5da"}, 
{"path": "119/res/sound_res/", "name": "mega_win.mp3", "md5": "57144301df66891a6e876def933d26cc"}, 
{"path": "119/res/sound_res/", "name": "prize_free.mp3", "md5": "934d322e41d14eb3845dedf596dcc9c4"}, 
{"path": "119/res/sound_res/", "name": "reels_stopspin.wav", "md5": "6e894063f90e36bcc270389bdabafcb6"}, 
{"path": "119/res/sound_res/", "name": "showScore.mp3", "md5": "e53e6d848ecf0520cd5296679f394564"}, 
{"path": "119/res/sound_res/", "name": "show_lucky_box.mp3", "md5": "94589e797457959525e2e0f0cdc54c83"}, 
{"path": "119/res/sound_res/", "name": "slot_bg.mp3", "md5": "717ab390c662c0c647b38f6dee3ea8cd"}, 
{"path": "119/res/sound_res/", "name": "slot_scroll.wav", "md5": "823fa010ef67c0fc418075dd176422c9"}, 
{"path": "119/res/sound_res/", "name": "super_win.mp3", "md5": "bd1eeb40b3851f8e1bfa2660c22c6311"}, 
{"path": "119/res/sound_res/", "name": "win_gold.wav", "md5": "ebb255fab8e374d45916f70bafc9d18f"}, 
{"path": "119/res/uicsd/", "name": "ExitDialog.csb", "md5": "dc860fd380c2917fd4bc05e040c6a8bd"}, 
{"path": "119/res/uicsd/", "name": "LuckyBoxLayer.csb", "md5": "39ba72dd59eabffa2c6fc92ebc8becab"}, 
{"path": "119/res/uicsd/", "name": "MainLayer.csb", "md5": "3454754e25ff692fe2ba7f33c2e8d26d"}, 
{"path": "119/res/uicsd/", "name": "RuleLayer.csb", "md5": "b93ac66fb0e753e72896014ae9090a99"}, 
{"path": "119/src/", "name": "LuckyBoxLayer.luac", "md5": "580fd5950b24885cb1641931d26645a3"}, 
{"path": "119/src/models/", "name": "CMD_Game.luac", "md5": "02a5986c8ee51acbe47af0aaf6586fc4"}, 
{"path": "119/src/", "name": "RuleLayer.luac", "md5": "5dddf8d0a30c36705d53e65c9e9d8665"}, 
{"path": "119/src/", "name": "ScrollDigital.luac", "md5": "f93d3bb99b07c2408048f637b79ef04d"}, 
{"path": "119/src/", "name": "SlotCombScroll.luac", "md5": "cbb4c071ce7f8913f097707a57fbc1f8"}, 
{"path": "119/src/", "name": "SlotExitDialog.luac", "md5": "9c5ac43b48c3ec323cd17cb781e117ce"}, 
{"path": "119/src/", "name": "SlotLogic.luac", "md5": "36dced6b50bf65215e74afa95279d627"}, 
{"path": "119/src/", "name": "SlotPageView.luac", "md5": "70468bd00f7446044d3d64a1d7ba7130"}, 
{"path": "119/src/", "name": "SlotUtils.luac", "md5": "bd7c80b413969fca89a73e78b8f9a6fe"}, 
{"path": "119/src/", "name": "SlotVScroll.luac", "md5": "818bf574de7f6a938f473a672a7a040d"}, 
{"path": "119/src/views/", "name": "GameLayer.luac", "md5": "1314d0cf39094fc80529a45b787fe9b9"}, 
{"path": "119/src/views/", "name": "RoomView.luac", "md5": "043a786009cbd7ed53ad828dae3a7883"}, 
{"allcount": 211}]}