{"skeleton":{"hash":"WwhxmDS5Al0riOy+6NnVhJHn6bo","spine":"3.1.08","width":175,"height":177.99,"images":"./images/"},"bones":[{"name":"root"},{"name":"bone","parent":"root","x":0.37,"y":45.95},{"name":"jingbaoqidi","parent":"bone","length":129.69,"x":1.95,"y":-0.98,"rotation":89.14},{"name":"jingbaoqi2","parent":"jingbaoqidi","x":83.81,"y":3.21},{"name":"jingbaoqi3","parent":"bone","x":-39.05,"y":68.05},{"name":"jingbaoqi4","parent":"bone","x":-39.05,"y":68.05}],"slots":[{"name":"jingbaoqi4","bone":"jingbaoqi4"},{"name":"jingbaoqidi","bone":"jingbaoqidi","attachment":"jingbaoqidi"},{"name":"jingbaoqi2","bone":"jingbaoqi2","attachment":"jingbaoqi2"},{"name":"jingbaoqi3","bone":"jingbaoqi3"}],"skins":{"default":{"jingbaoqi2":{"jingbaoqi2":{"x":2.61,"y":0.07,"rotation":-89.14,"width":175,"height":168}},"jingbaoqi3":{"jingbaoqi3":{"x":2.88,"y":1.03,"scaleX":0.682,"scaleY":0.682,"width":238,"height":238}},"jingbaoqi4":{"jingbaoqi3":{"x":2.88,"y":1.03,"scaleX":0.682,"scaleY":0.682,"width":238,"height":238}},"jingbaoqidi":{"jingbaoqidi":{"x":49.43,"y":2.72,"rotation":-89.14,"width":102,"height":114}}}},"animations":{"animation":{"slots":{"jingbaoqi2":{"attachment":[{"time":0,"name":"jingbaoqi2"},{"time":0.2666,"name":"jingbaoqi2"}],"color":[{"time":0,"color":"ffffffff","curve":[0.25,0,0.75,1]},{"time":0.1333,"color":"ffffffc6","curve":[0.25,0,0.75,1]},{"time":0.2666,"color":"ffffffff"}]},"jingbaoqi3":{"attachment":[{"time":0,"name":"jingbaoqi3"},{"time":0.1333,"name":null},{"time":0.2666,"name":null}],"color":[{"time":0,"color":"ffffffff","curve":"stepped"},{"time":0.2666,"color":"ffffffff"}]},"jingbaoqi4":{"attachment":[{"time":0,"name":null},{"time":0.1333,"name":"jingbaoqi3"},{"time":0.2666,"name":"jingbaoqi3"}],"color":[{"time":0,"color":"ffffffff","curve":"stepped"},{"time":0.2666,"color":"ffffffff"}]},"jingbaoqidi":{"attachment":[{"time":0,"name":"jingbaoqidi"},{"time":0.2666,"name":"jingbaoqidi"}],"color":[{"time":0,"color":"ffffffff","curve":"stepped"},{"time":0.2666,"color":"ffffffff"}]}},"bones":{"jingbaoqi2":{"rotate":[{"time":0,"angle":0,"curve":"stepped"},{"time":0.2666,"angle":0}],"translate":[{"time":0,"x":0,"y":0,"curve":"stepped"},{"time":0.2666,"x":0,"y":0}],"scale":[{"time":0,"x":1,"y":1,"curve":[0.25,0,0.75,1]},{"time":0.1333,"x":1.26,"y":1.26,"curve":[0.25,0,0.75,1]},{"time":0.2666,"x":1,"y":1}]},"jingbaoqi3":{"rotate":[{"time":0,"angle":0,"curve":"stepped"},{"time":0.2666,"angle":0}],"translate":[{"time":0,"x":15.05,"y":0,"curve":[0.25,0,0.75,1]},{"time":0.1333,"x":67.49,"y":0,"curve":[0.25,0,0.75,1]},{"time":0.2666,"x":15.05,"y":0}],"scale":[{"time":0,"x":1,"y":1,"curve":"stepped"},{"time":0.2666,"x":1,"y":1}]},"jingbaoqi4":{"rotate":[{"time":0,"angle":0,"curve":"stepped"},{"time":0.2666,"angle":0}],"translate":[{"time":0,"x":15.05,"y":0,"curve":[0.25,0,0.75,1]},{"time":0.1333,"x":67.49,"y":0,"curve":[0.25,0,0.75,1]},{"time":0.2666,"x":15.05,"y":0}],"scale":[{"time":0,"x":1,"y":1,"curve":"stepped"},{"time":0.2666,"x":1,"y":1}]},"jingbaoqidi":{"rotate":[{"time":0,"angle":0,"curve":"stepped"},{"time":0.2666,"angle":0}],"translate":[{"time":0,"x":0,"y":0,"curve":"stepped"},{"time":0.2666,"x":0,"y":0}],"scale":[{"time":0,"x":1,"y":1,"curve":"stepped"},{"time":0.2666,"x":1,"y":1}]}}}}}