{"skeleton":{"hash":"9UsTc94KenoVqzBj9wONbNwJ2as","spine":"3.6.52","width":427,"height":430,"images":"./images/"},"bones":[{"name":"root"},{"name":"bone","parent":"root"},{"name":"benlunkaijiang","parent":"bone","x":1.2,"y":-6.47},{"name":"guangzhuang","parent":"bone","x":3.54,"y":-3.1},{"name":"texiao1","parent":"bone","x":11.69,"y":181.93}],"slots":[{"name":"guangzhuang","bone":"guangzhuang","attachment":"guangzhuang"},{"name":"benlunkaijiang","bone":"benlunkaijiang","attachment":"benlunkaijiang"},{"name":"texiao1","bone":"texiao1"}],"skins":{"default":{"benlunkaijiang":{"benlunkaijiang":{"x":2.37,"y":-1.04,"width":236,"height":65}},"guangzhuang":{"guangzhuang":{"x":-1.71,"y":-1.39,"width":427,"height":430}},"texiao1":{"texiao1":{"x":-4.44,"y":-1.24,"width":332,"height":79}}}},"animations":{"animation":{"slots":{"benlunkaijiang":{"color":[{"time":0,"color":"ffffffff"}],"attachment":[{"time":0,"name":null},{"time":0.0667,"name":"benlunkaijiang"}]},"guangzhuang":{"color":[{"time":0,"color":"ffffffff"},{"time":0.0667,"color":"ffffff00"},{"time":0.1667,"color":"ffffffff"}],"attachment":[{"time":0,"name":null},{"time":0.0667,"name":"guangzhuang"}]},"texiao1":{"color":[{"time":0,"color":"ffffffff"}],"attachment":[{"time":0,"name":"texiao1"},{"time":0.0667,"name":null}]}},"bones":{"benlunkaijiang":{"rotate":[{"time":0,"angle":0}],"translate":[{"time":0,"x":0,"y":0}],"scale":[{"time":0,"x":1,"y":1},{"time":0.0667,"x":0.797,"y":1},{"time":0.1,"x":1.15,"y":1},{"time":0.1667,"x":1,"y":1}]},"guangzhuang":{"rotate":[{"time":0,"angle":0},{"time":0.8333,"angle":180},{"time":1.6667,"angle":0},{"time":2.5,"angle":180},{"time":3.3333,"angle":0},{"time":4.1667,"angle":180},{"time":5,"angle":0},{"time":5.8333,"angle":180},{"time":6.6667,"angle":0},{"time":7.5,"angle":180},{"time":8.3333,"angle":0},{"time":9.1667,"angle":180},{"time":10,"angle":0},{"time":10.8333,"angle":180}],"translate":[{"time":0,"x":0,"y":0}],"scale":[{"time":0,"x":1,"y":1},{"time":0.0667,"x":0.472,"y":0.472},{"time":0.1667,"x":1,"y":1}]},"texiao1":{"rotate":[{"time":0,"angle":0}],"translate":[{"time":0,"x":-6.89,"y":-189.69}],"scale":[{"time":0,"x":1.662,"y":1},{"time":0.0333,"x":1,"y":1}]}},"drawOrder":[{"time":0}]}}}