{"skeleton":{"hash":"eG4+eWHQGt11JW3v39vNv0zmRfU","spine":"3.6.52","width":642.28,"height":286.34,"images":"./images/"},"bones":[{"name":"root"},{"name":"bone","parent":"root","x":-1.06,"y":15.92},{"name":"chibang","parent":"bone","length":269.93,"rotation":18.86,"x":61.45,"y":163.81},{"name":"chibang2","parent":"bone","length":269.93,"rotation":-18.46,"x":-67.23,"y":164.31,"scaleX":-1},{"name":"gongxi","parent":"bone","x":2.6,"y":135.12},{"name":"gongxi1","parent":"bone","x":2.03,"y":126.67},{"name":"guangxiao1","parent":"bone","x":1115.34,"y":134.57},{"name":"texiao10","parent":"bone","x":860.39,"y":292.83},{"name":"texiao11","parent":"bone","x":757.65,"y":-3.53},{"name":"texiao12","parent":"bone","length":270.68,"rotation":11.21,"x":568.38,"y":509.62},{"name":"texiao13","parent":"bone","x":860.39,"y":292.83,"scaleX":1.16,"scaleY":1.16},{"name":"texiao14","parent":"bone","length":270.68,"rotation":11.21,"x":568.38,"y":509.62},{"name":"texiao15","parent":"bone","length":270.68,"rotation":11.21,"x":568.38,"y":509.62,"scaleX":-1},{"name":"texiao16","parent":"bone","length":270.68,"rotation":11.21,"x":568.38,"y":509.62,"scaleX":-1}],"slots":[{"name":"texiao13","bone":"texiao13"},{"name":"texiao12","bone":"texiao12"},{"name":"texiao15","bone":"texiao15"},{"name":"texiao14","bone":"texiao14"},{"name":"texiao16","bone":"texiao16"},{"name":"chibang","bone":"chibang","attachment":"chibang"},{"name":"chibang2","bone":"chibang2","attachment":"chibang"},{"name":"gongxi1","bone":"gongxi1","attachment":"gongxi1"},{"name":"gongxi","bone":"gongxi","attachment":"gongxi"},{"name":"texiao10","bone":"texiao10"},{"name":"texiao11","bone":"texiao11"},{"name":"guangxiao1","bone":"guangxiao1"}],"skins":{"default":{"chibang":{"chibang":{"x":128.06,"y":-20.85,"rotation":-18.86,"width":257,"height":177}},"chibang2":{"chibang":{"x":128.06,"y":-20.85,"rotation":-18.86,"width":257,"height":177}},"gongxi":{"gongxi":{"x":1.58,"y":3.28,"width":233,"height":113}},"gongxi1":{"gongxi1":{"x":-2.13,"y":1.98,"width":389,"height":281}},"guangxiao1":{"guangxiao1":{"x":3.76,"y":-4.6,"width":154,"height":153}},"texiao10":{"texiao10":{"x":1.29,"y":-3.02,"width":367,"height":248}},"texiao11":{"texiao11":{"x":0.39,"y":-1.11,"width":428,"height":310}},"texiao12":{"texiao12":{"x":129.17,"y":-12.61,"rotation":-11.21,"width":307,"height":228}},"texiao13":{"texiao10":{"x":1.29,"y":-3.02,"width":367,"height":248}},"texiao14":{"texiao12":{"x":129.17,"y":-12.61,"rotation":-11.21,"width":307,"height":228}},"texiao15":{"texiao12":{"x":129.17,"y":-12.61,"rotation":-11.21,"width":307,"height":228}},"texiao16":{"texiao12":{"x":129.17,"y":-12.61,"rotation":-11.21,"width":307,"height":228}}}},"animations":{"animation":{"slots":{"chibang":{"color":[{"time":0,"color":"ffffffff"}],"attachment":[{"time":0,"name":null},{"time":0.1667,"name":"chibang"}]},"chibang2":{"color":[{"time":0,"color":"ffffffff"}],"attachment":[{"time":0,"name":null},{"time":0.1667,"name":"chibang"}]},"gongxi":{"color":[{"time":0,"color":"ffffffff"}],"attachment":[{"time":0,"name":null},{"time":0.0667,"name":"gongxi"}]},"gongxi1":{"color":[{"time":0,"color":"ffffffff"}],"attachment":[{"time":0,"name":null},{"time":0.0667,"name":"gongxi1"}]},"guangxiao1":{"color":[{"time":0,"color":"ffffffff","curve":"stepped"},{"time":0.3,"color":"ffffffff","curve":"stepped"},{"time":0.4667,"color":"ffffffff"},{"time":0.7333,"color":"ffffff00"}],"attachment":[{"time":0,"name":null},{"time":0.3,"name":"guangxiao1"}]},"texiao10":{"color":[{"time":0,"color":"ffffffff","curve":"stepped"},{"time":0.0667,"color":"ffffffff","curve":"stepped"},{"time":0.3,"color":"ffffffff"},{"time":0.6,"color":"ffffff00"}],"attachment":[{"time":0,"name":null},{"time":0.0667,"name":"texiao10"}]},"texiao11":{"color":[{"time":0,"color":"ffffffff"}],"attachment":[{"time":0,"name":"texiao11"},{"time":0.0667,"name":null}]},"texiao12":{"color":[{"time":0,"color":"ffffffff","curve":"stepped"},{"time":0.3,"color":"ffffffff"},{"time":0.6667,"color":"ffffff00"}],"attachment":[{"time":0,"name":null},{"time":0.3,"name":"texiao12"}]},"texiao13":{"color":[{"time":0,"color":"ffffffff"},{"time":0.0667,"color":"ffffff9e"},{"time":0.1667,"color":"ffffff66"},{"time":0.3667,"color":"ffffff00"}],"attachment":[{"time":0,"name":null},{"time":0.0667,"name":"texiao10"}]},"texiao14":{"color":[{"time":0,"color":"ffffffff","curve":"stepped"},{"time":0.2333,"color":"ffffffff"},{"time":0.5,"color":"ffffff00"}],"attachment":[{"time":0,"name":null},{"time":0.2333,"name":"texiao12"}]},"texiao15":{"color":[{"time":0,"color":"ffffffff","curve":"stepped"},{"time":0.3,"color":"ffffffff"},{"time":0.6667,"color":"ffffff00"}],"attachment":[{"time":0,"name":null},{"time":0.3,"name":"texiao12"}]},"texiao16":{"color":[{"time":0,"color":"ffffffff","curve":"stepped"},{"time":0.2333,"color":"ffffffff"},{"time":0.5,"color":"ffffff00"}],"attachment":[{"time":0,"name":null},{"time":0.2333,"name":"texiao12"}]}},"bones":{"chibang":{"rotate":[{"time":0,"angle":0},{"time":0.1667,"angle":-62.03},{"time":0.3,"angle":14.21},{"time":0.4,"angle":-1.99},{"time":0.5,"angle":0.43},{"time":0.5667,"angle":0}],"translate":[{"time":0,"x":0,"y":0}],"scale":[{"time":0,"x":1,"y":1},{"time":0.1667,"x":0.573,"y":0.573},{"time":0.3,"x":1,"y":1}]},"gongxi1":{"rotate":[{"time":0,"angle":0}],"translate":[{"time":0,"x":0,"y":0}],"scale":[{"time":0,"x":1,"y":1},{"time":0.0667,"x":0.258,"y":0.258},{"time":0.1333,"x":1.287,"y":1.287},{"time":0.2,"x":1,"y":1}]},"gongxi":{"rotate":[{"time":0,"angle":0}],"translate":[{"time":0,"x":0,"y":0}],"scale":[{"time":0,"x":1,"y":1},{"time":0.0667,"x":0.82,"y":0.82},{"time":0.3,"x":1,"y":1}]},"guangxiao1":{"rotate":[{"time":0,"angle":0}],"translate":[{"time":0,"x":-1248.5,"y":83.46},{"time":0.3,"x":-1264.81,"y":83.46},{"time":0.4667,"x":-1027.56,"y":83.46},{"time":0.7333,"x":-969.27,"y":83.46}],"scale":[{"time":0,"x":1.463,"y":0.441},{"time":0.3,"x":1.056,"y":0.441},{"time":0.4667,"x":3.36,"y":0.441},{"time":0.7333,"x":1.251,"y":0.441}]},"texiao10":{"rotate":[{"time":0,"angle":0}],"translate":[{"time":0,"x":0,"y":0},{"time":0.0667,"x":-857.97,"y":-151.68}],"scale":[{"time":0,"x":1,"y":1},{"time":0.0667,"x":0.815,"y":0.815},{"time":0.3,"x":1,"y":1}]},"texiao11":{"rotate":[{"time":0,"angle":0}],"translate":[{"time":0,"x":-742.66,"y":144.03}],"scale":[{"time":0,"x":4.222,"y":4.222},{"time":0.0667,"x":1.9,"y":1.9}]},"texiao12":{"rotate":[{"time":0,"angle":0},{"time":0.3,"angle":-54.45},{"time":0.6667,"angle":2.48}],"translate":[{"time":0,"x":0,"y":0},{"time":0.3,"x":-505.98,"y":-346.42}],"scale":[{"time":0,"x":1,"y":1},{"time":0.3,"x":0.567,"y":0.567},{"time":0.6667,"x":1,"y":1}]},"texiao13":{"rotate":[{"time":0,"angle":0}],"translate":[{"time":0,"x":0,"y":0},{"time":0.0667,"x":-857.97,"y":-151.68}],"scale":[{"time":0,"x":1,"y":1},{"time":0.0667,"x":0.815,"y":0.815},{"time":0.1667,"x":1.16,"y":1.16},{"time":0.3667,"x":1.332,"y":1.332}]},"texiao14":{"rotate":[{"time":0,"angle":0},{"time":0.2333,"angle":-54.45},{"time":0.5,"angle":2.48}],"translate":[{"time":0,"x":0,"y":0},{"time":0.2333,"x":-505.98,"y":-346.42}],"scale":[{"time":0,"x":1,"y":1},{"time":0.2333,"x":0.567,"y":0.567},{"time":0.5,"x":1,"y":1}]},"chibang2":{"rotate":[{"time":0,"angle":0},{"time":0.1667,"angle":66.57},{"time":0.3,"angle":-14.63},{"time":0.4,"angle":0.75},{"time":0.5,"angle":0.14},{"time":0.5667,"angle":0.13}],"translate":[{"time":0,"x":0,"y":0}],"scale":[{"time":0,"x":1,"y":1},{"time":0.1667,"x":0.573,"y":0.573},{"time":0.3,"x":1,"y":1}]},"texiao15":{"rotate":[{"time":0,"angle":0},{"time":0.3,"angle":34.63},{"time":0.6667,"angle":-24.28}],"translate":[{"time":0,"x":0,"y":0},{"time":0.3,"x":-634.87,"y":-342.42}],"scale":[{"time":0,"x":1,"y":1},{"time":0.3,"x":0.567,"y":0.567},{"time":0.6667,"x":1,"y":1}]},"texiao16":{"rotate":[{"time":0,"angle":0},{"time":0.2333,"angle":34.38},{"time":0.5,"angle":-24.92}],"translate":[{"time":0,"x":0,"y":0},{"time":0.2333,"x":-637.1,"y":-344.66}],"scale":[{"time":0,"x":1,"y":1},{"time":0.2333,"x":0.567,"y":0.567},{"time":0.5,"x":1,"y":1}]}},"drawOrder":[{"time":0}]}}}