{ "listdata": [{"path": "127/res/animation/heguandonghua_toubao/", "name": "heguandonghua_toubao.ExportJson", "md5": "7aee7f17a9322e0cf9b73871ca42dcdc"}, 
{"path": "127/res/animation/heguandonghua_toubao/", "name": "heguandonghua_toubao0.plist", "md5": "70c43e0cae94d06270d36bce8ce7900e"}, 
{"path": "127/res/animation/heguandonghua_toubao/", "name": "heguandonghua_toubao0.png", "md5": "eac671a19e7afc46a6cbc167955989cb"}, 
{"path": "127/res/animation/heguandonghua_toubao/", "name": "heguandonghua_toubao1.plist", "md5": "e4444b9aa84a26520c98150e38322d9e"}, 
{"path": "127/res/animation/heguandonghua_toubao/", "name": "heguandonghua_toubao1.png", "md5": "ab2fe7b0d41aba17d3303a31105bdce1"}, 
{"path": "127/res/animation/heguandonghua_toubao/", "name": "heguandonghua_toubao2.plist", "md5": "ef73c1048e377cf9bb42c1edde831469"}, 
{"path": "127/res/animation/heguandonghua_toubao/", "name": "heguandonghua_toubao2.png", "md5": "3647a8c0d63c25b0463e73157950fc36"}, 
{"path": "127/res/animation/heguandonghua_toubao/", "name": "heguandonghua_toubao3.plist", "md5": "2c8df31666c9b2ed972862752fb78890"}, 
{"path": "127/res/animation/heguandonghua_toubao/", "name": "heguandonghua_toubao3.png", "md5": "6ba0bbb734da8976d43e7dce3059061f"}, 
{"path": "127/res/animation/heguandonghua_toubao/", "name": "heguandonghua_toubao4.plist", "md5": "e63976d72008ec377fbd80effc4ea8ad"}, 
{"path": "127/res/animation/heguandonghua_toubao/", "name": "heguandonghua_toubao4.png", "md5": "b464562ec1a4eb137a36c4482e3c34d6"}, 
{"path": "127/res/animation/heguandonghua_toubao/", "name": "heguandonghua_toubao5.plist", "md5": "7dfb670f92dc4f3fddcccbcda602811f"}, 
{"path": "127/res/animation/heguandonghua_toubao/", "name": "heguandonghua_toubao5.png", "md5": "7cc1ef94fe144a5a0c83a0bbebc47c1e"}, 
{"path": "127/res/animation/heguandonghua_toubao/", "name": "heguandonghua_toubao6.plist", "md5": "6a7b5a328af3af20b59f40112e49b55e"}, 
{"path": "127/res/animation/heguandonghua_toubao/", "name": "heguandonghua_toubao6.png", "md5": "14f2aea9752730933144d3d1747597f3"}, 
{"path": "127/res/animation/heguandonghua_toubao/", "name": "heguandonghua_toubao7.plist", "md5": "76e7731ca4463d644f21eb18b44b6814"}, 
{"path": "127/res/animation/heguandonghua_toubao/", "name": "heguandonghua_toubao7.png", "md5": "8ac8c2ee01b1b7ad12978ae49ad4b2eb"}, 
{"path": "127/res/animation/heguandonghua_toubao/", "name": "heguandonghua_toubao8.plist", "md5": "5468a04939d6ceec156986f2f2e1ab65"}, 
{"path": "127/res/animation/heguandonghua_toubao/", "name": "heguandonghua_toubao8.png", "md5": "36f7eedcdda27e7a2db7ea290fbc6f85"}, 
{"path": "127/res/animation/startbetting/", "name": "bairenniuniu_kaishixiazhu.ExportJson", "md5": "de5be1c19c0d6f87424d2126d0c643e7"}, 
{"path": "127/res/animation/startbetting/", "name": "bairenniuniu_kaishixiazhu0.plist", "md5": "9652ee2d0d3b99e03f8f8627737c1b6e"}, 
{"path": "127/res/animation/startbetting/", "name": "bairenniuniu_kaishixiazhu0.png", "md5": "ffac2d2c94c09f5f34968076b1930058"}, 
{"path": "127/res/", "name": "bet_chip.plist", "md5": "973185cb3ae9561107868b7970967e5f"}, 
{"path": "127/res/", "name": "bet_chip.png", "md5": "1aef4ba4339867fb635c8699ce22441b"}, 
{"path": "127/res/bottom/", "name": "chehui_dis.png", "md5": "05e007c213ba69106113d9fed0b91b4b"}, 
{"path": "127/res/bottom/", "name": "chehui_nor.png", "md5": "fc6222f77d6b9e404a3a1d4a9f6055a9"}, 
{"path": "127/res/bottom/", "name": "diban.png", "md5": "8ac2d19b12af112ae6b1c839fa2a4924"}, 
{"path": "127/res/bottom/", "name": "JettonNode.csb", "md5": "5ec7900acf5e0edd3adf10e3997df0f7"}, 
{"path": "127/res/bottom/", "name": "meNode.csb", "md5": "974432bfeb3a178aa59066fb785a26f8"}, 
{"path": "127/res/bottom/", "name": "m_bg.png", "md5": "8ac2d19b12af112ae6b1c839fa2a4924"}, 
{"path": "127/res/bottom/", "name": "xutou1.png", "md5": "d023f0c5e014a911c742b642a8d694f4"}, 
{"path": "127/res/bottom/", "name": "xutou2.png", "md5": "b0299e16fa5cb671d1772d090203749c"}, 
{"path": "127/res/bottom/", "name": "xutou_goldbg.png", "md5": "88d60b1ef18805215c0796d0b7b1dbe3"}, 
{"path": "127/res/bottom/", "name": "xutou_num.png", "md5": "49c665441dc9080f9ef8f9e63143a120"}, 
{"path": "127/res/bottom/", "name": "zuobian.png", "md5": "2e5926ce61a5f3924774359eb0981464"}, 
{"path": "127/res/", "name": "bottomNode.csb", "md5": "8332317ad38f2ae6527788f98636d409"}, 
{"path": "127/res/", "name": "bt_close_1.png", "md5": "d0eeef6f7d73180d3648050d58a917f8"}, 
{"path": "127/res/Default/", "name": "Button_Disable.png", "md5": "fa79821349dd686f516187283bc2fb8c"}, 
{"path": "127/res/Default/", "name": "Button_Press.png", "md5": "ea5e72abd451a76f62a2906abb7ef4bf"}, 
{"path": "127/res/Default/", "name": "Sprite.png", "md5": "380f19a83e69524450a3fc2b466dc275"}, 
{"path": "127/res/GameAvatar/", "name": "Avatar0.png", "md5": "ea9cc88448a2405bc5708fe78762a590"}, 
{"path": "127/res/GameDown/", "name": "chip_num.png", "md5": "4a96bc7b2fcdd8d32561c2271c0e30a4"}, 
{"path": "127/res/GameDown/", "name": "diban.png", "md5": "8ac2d19b12af112ae6b1c839fa2a4924"}, 
{"path": "127/res/GameDown/", "name": "ui_chip_bg_1_1.png", "md5": "e0a096f8005de30a940af4e1bd553470"}, 
{"path": "127/res/GameDown/", "name": "xutou1.png", "md5": "d023f0c5e014a911c742b642a8d694f4"}, 
{"path": "127/res/GameDown/", "name": "xutou2.png", "md5": "b0299e16fa5cb671d1772d090203749c"}, 
{"path": "127/res/GameDown/", "name": "xutou_goldbg.png", "md5": "88d60b1ef18805215c0796d0b7b1dbe3"}, 
{"path": "127/res/GameDown/", "name": "xutou_num.png", "md5": "724ae14940c117779287244acd9518f3"}, 
{"path": "127/res/GameDown/", "name": "zaixian.png", "md5": "0707fe75f1b56015b93d3ab371fd656b"}, 
{"path": "127/res/GameDown/", "name": "zuobian1.png", "md5": "2e5926ce61a5f3924774359eb0981464"}, 
{"path": "127/res/GameList/gamename/", "name": "game_127.png", "md5": "7b97478f87a92d7a06a92a05a161e9da"}, 
{"path": "127/res/GameList/gamename/", "name": "game_127_2.png", "md5": "850c5c02bc94e072d902ff04795e9719"}, 
{"path": "127/res/GameMain/", "name": "bg.png", "md5": "465b31e49bd6bbbe4f4824f3a5b7f264"}, 
{"path": "127/res/GameMain/", "name": "bian.png", "md5": "410aa377be9ab72e6ca4246404d4d9e2"}, 
{"path": "127/res/GameMain/", "name": "chips.png", "md5": "8b972ab04470e3a76f2e3d8cc49237c0"}, 
{"path": "127/res/GameMain/", "name": "clocknumber.png", "md5": "0d762379fbafd6eebf1ed0a97c8a7916"}, 
{"path": "127/res/GameMain/", "name": "GameMain.csb", "md5": "2bdc1c34b3b49f0a9401afd0f7ec27e9"}, 
{"path": "127/res/GameMain/gray/", "name": "zhezhaoyou1.png", "md5": "6f8e1c627205eb1e306db2ea10d3ff6c"}, 
{"path": "127/res/GameMain/gray/", "name": "zhezhaoyou11.png", "md5": "8b0a0f1be6cb89929683d3b3446eea6e"}, 
{"path": "127/res/GameMain/gray/", "name": "zhezhaoyou111.png", "md5": "6c5b52d853b1b1d50af2f71b59f9c9cb"}, 
{"path": "127/res/GameMain/gray/", "name": "zhezhaoyou112.png", "md5": "5cbc711dc0c511ab531115c1c3c06586"}, 
{"path": "127/res/GameMain/gray/", "name": "zhezhaoyou113.png", "md5": "0b94f2f3fce2e6032a16ebda0ee25c69"}, 
{"path": "127/res/GameMain/gray/", "name": "zhezhaoyou114.png", "md5": "ab0142543ef460bb3dac75caf6f949ce"}, 
{"path": "127/res/GameMain/gray/", "name": "zhezhaoyou115.png", "md5": "2f25aceab7d66a75017f029da0ff0830"}, 
{"path": "127/res/GameMain/gray/", "name": "zhezhaoyou116.png", "md5": "2f25aceab7d66a75017f029da0ff0830"}, 
{"path": "127/res/GameMain/gray/", "name": "zhezhaoyou117.png", "md5": "2f25aceab7d66a75017f029da0ff0830"}, 
{"path": "127/res/GameMain/gray/", "name": "zhezhaoyou12.png", "md5": "6251c64f1cab81464e5b7417e8f6b7db"}, 
{"path": "127/res/GameMain/gray/", "name": "zhezhaoyou13.png", "md5": "817a2d59f25bcfc1542ba9d7d638ef28"}, 
{"path": "127/res/GameMain/gray/", "name": "zhezhaoyou14.png", "md5": "9fec1e6f2b504f37e75f5e0f4f4a6425"}, 
{"path": "127/res/GameMain/gray/", "name": "zhezhaoyou15.png", "md5": "0f0d5bf968f3d34146cf70e9e0c03809"}, 
{"path": "127/res/GameMain/gray/", "name": "zhezhaoyou16.png", "md5": "e69692fb19800d970b7e685e98009d5a"}, 
{"path": "127/res/GameMain/gray/", "name": "zhezhaoyou17.png", "md5": "e69692fb19800d970b7e685e98009d5a"}, 
{"path": "127/res/GameMain/gray/", "name": "zhezhaoyou2.png", "md5": "ab39cc2717b0585ea687ed7e688e1802"}, 
{"path": "127/res/GameMain/gray/", "name": "zhezhaoyou3.png", "md5": "6f7384252cb8850b64bd45052d17952c"}, 
{"path": "127/res/GameMain/gray/", "name": "zhezhaozuo1.png", "md5": "6f8e1c627205eb1e306db2ea10d3ff6c"}, 
{"path": "127/res/GameMain/gray/", "name": "zhezhaozuo11.png", "md5": "8b0a0f1be6cb89929683d3b3446eea6e"}, 
{"path": "127/res/GameMain/gray/", "name": "zhezhaozuo111.png", "md5": "6c5b52d853b1b1d50af2f71b59f9c9cb"}, 
{"path": "127/res/GameMain/gray/", "name": "zhezhaozuo112.png", "md5": "5cbc711dc0c511ab531115c1c3c06586"}, 
{"path": "127/res/GameMain/gray/", "name": "zhezhaozuo113.png", "md5": "0b94f2f3fce2e6032a16ebda0ee25c69"}, 
{"path": "127/res/GameMain/gray/", "name": "zhezhaozuo114.png", "md5": "ab0142543ef460bb3dac75caf6f949ce"}, 
{"path": "127/res/GameMain/gray/", "name": "zhezhaozuo115.png", "md5": "2f25aceab7d66a75017f029da0ff0830"}, 
{"path": "127/res/GameMain/gray/", "name": "zhezhaozuo116.png", "md5": "2f25aceab7d66a75017f029da0ff0830"}, 
{"path": "127/res/GameMain/gray/", "name": "zhezhaozuo117.png", "md5": "2f25aceab7d66a75017f029da0ff0830"}, 
{"path": "127/res/GameMain/gray/", "name": "zhezhaozuo118.png", "md5": "1a6e6af4ad1fff5da99951758eb06d3c"}, 
{"path": "127/res/GameMain/gray/", "name": "zhezhaozuo12.png", "md5": "6251c64f1cab81464e5b7417e8f6b7db"}, 
{"path": "127/res/GameMain/gray/", "name": "zhezhaozuo13.png", "md5": "817a2d59f25bcfc1542ba9d7d638ef28"}, 
{"path": "127/res/GameMain/gray/", "name": "zhezhaozuo14.png", "md5": "9fec1e6f2b504f37e75f5e0f4f4a6425"}, 
{"path": "127/res/GameMain/gray/", "name": "zhezhaozuo15.png", "md5": "0f0d5bf968f3d34146cf70e9e0c03809"}, 
{"path": "127/res/GameMain/gray/", "name": "zhezhaozuo16.png", "md5": "e69692fb19800d970b7e685e98009d5a"}, 
{"path": "127/res/GameMain/gray/", "name": "zhezhaozuo17.png", "md5": "e69692fb19800d970b7e685e98009d5a"}, 
{"path": "127/res/GameMain/gray/", "name": "zhezhaozuo2.png", "md5": "ab39cc2717b0585ea687ed7e688e1802"}, 
{"path": "127/res/GameMain/gray/", "name": "zhezhaozuo3.png", "md5": "6f7384252cb8850b64bd45052d17952c"}, 
{"path": "127/res/GameMain/", "name": "touzhuqu.png", "md5": "d288110f86dab2222be908fd5462df7f"}, 
{"path": "127/res/GameMain/", "name": "xiuxiyixia.png", "md5": "fe2e865dd6d40bf71e67a4d1aada8364"}, 
{"path": "127/res/GameMain/yellow/", "name": "hzhezhaoyou1.png", "md5": "a30347f771fb2749fa448e8b7b55fc5e"}, 
{"path": "127/res/GameMain/yellow/", "name": "hzhezhaoyou11.png", "md5": "fe9f7a54ce65c0d6f57b5ff5ccb7264a"}, 
{"path": "127/res/GameMain/yellow/", "name": "hzhezhaoyou111.png", "md5": "bd4107005f4f75025fe79b108c4214f4"}, 
{"path": "127/res/GameMain/yellow/", "name": "hzhezhaoyou113.png", "md5": "5c25a260eeb906978c40ce6c76f619f3"}, 
{"path": "127/res/GameMain/yellow/", "name": "hzhezhaoyou114.png", "md5": "41f314e37b77e179d916db613e3d7f61"}, 
{"path": "127/res/GameMain/yellow/", "name": "hzhezhaoyou115.png", "md5": "c6384df0077afabbc6480f32423f41aa"}, 
{"path": "127/res/GameMain/yellow/", "name": "hzhezhaoyou116.png", "md5": "c6384df0077afabbc6480f32423f41aa"}, 
{"path": "127/res/GameMain/yellow/", "name": "hzhezhaoyou117.png", "md5": "c6384df0077afabbc6480f32423f41aa"}, 
{"path": "127/res/GameMain/yellow/", "name": "hzhezhaoyou12.png", "md5": "edb7673b1fa6cd58ff96a896c199842f"}, 
{"path": "127/res/GameMain/yellow/", "name": "hzhezhaoyou13.png", "md5": "a320d47c7b33ea3e633ea3e54ce31c1e"}, 
{"path": "127/res/GameMain/yellow/", "name": "hzhezhaoyou14.png", "md5": "fcc34b2e397fd8086f942d2e804fb21d"}, 
{"path": "127/res/GameMain/yellow/", "name": "hzhezhaoyou15.png", "md5": "2578dcab8276fdccb804221d24065267"}, 
{"path": "127/res/GameMain/yellow/", "name": "hzhezhaoyou16.png", "md5": "10eb4b3898b34f9b3e61f762393cce38"}, 
{"path": "127/res/GameMain/yellow/", "name": "hzhezhaoyou17.png", "md5": "50302e8094c830fbdc6e5ff697dede2b"}, 
{"path": "127/res/GameMain/yellow/", "name": "hzhezhaoyou2.png", "md5": "c539ec310397d4a9de2f6c35d0eaff30"}, 
{"path": "127/res/GameMain/yellow/", "name": "hzhezhaoyou3.png", "md5": "7e9c94d2fc5fef13c4f4a8cd7cdc001c"}, 
{"path": "127/res/GameMain/yellow/", "name": "hzhezhaozuo1.png", "md5": "1f77c58b02626c389f5a02fe78b98d11"}, 
{"path": "127/res/GameMain/yellow/", "name": "hzhezhaozuo11.png", "md5": "3a5bb7b812b64022bc9ac681e701166f"}, 
{"path": "127/res/GameMain/yellow/", "name": "hzhezhaozuo111.png", "md5": "2e8c3bd784845fdaa345318b50c88195"}, 
{"path": "127/res/GameMain/yellow/", "name": "hzhezhaozuo112.png", "md5": "509eb90c0be3ce2f595203c4ff4f65f9"}, 
{"path": "127/res/GameMain/yellow/", "name": "hzhezhaozuo113.png", "md5": "982d2391983b96628037fcbaea2c4f1f"}, 
{"path": "127/res/GameMain/yellow/", "name": "hzhezhaozuo114.png", "md5": "87702054416bb43017ab4656ef045889"}, 
{"path": "127/res/GameMain/yellow/", "name": "hzhezhaozuo115.png", "md5": "4dd9ca7a374818f926b8702756afb08a"}, 
{"path": "127/res/GameMain/yellow/", "name": "hzhezhaozuo116.png", "md5": "4dd9ca7a374818f926b8702756afb08a"}, 
{"path": "127/res/GameMain/yellow/", "name": "hzhezhaozuo117.png", "md5": "4dd9ca7a374818f926b8702756afb08a"}, 
{"path": "127/res/GameMain/yellow/", "name": "hzhezhaozuo118.png", "md5": "e21cb0b14c1835928a7570ef2966271f"}, 
{"path": "127/res/GameMain/yellow/", "name": "hzhezhaozuo12.png", "md5": "cfcbbd7b1ae28e9d143b8056cff5295b"}, 
{"path": "127/res/GameMain/yellow/", "name": "hzhezhaozuo13.png", "md5": "1b978fa5275c6c5a217c3fabf4dd856b"}, 
{"path": "127/res/GameMain/yellow/", "name": "hzhezhaozuo14.png", "md5": "b0217befbc54083d88cb7fbcb7f57c1f"}, 
{"path": "127/res/GameMain/yellow/", "name": "hzhezhaozuo15.png", "md5": "c427c4c9e63db83d948b895bbd8b9888"}, 
{"path": "127/res/GameMain/yellow/", "name": "hzhezhaozuo16.png", "md5": "b34b2c1b4891dc33cfd9a2ae3bb5061d"}, 
{"path": "127/res/GameMain/yellow/", "name": "hzhezhaozuo17.png", "md5": "01325dc6d0ae04c8c395f4c0fcdd024c"}, 
{"path": "127/res/GameMain/yellow/", "name": "hzhezhaozuo2.png", "md5": "b7f329d2af8e10ffcc68b8ab4188150b"}, 
{"path": "127/res/GameMain/yellow/", "name": "hzhezhaozuo3.png", "md5": "509e25ab16b7ebaf2d6ac60c906ec42c"}, 
{"path": "127/res/GameMain/", "name": "zoushi.png", "md5": "81703056642802750e5ed813ca5b8ff8"}, 
{"path": "127/res/GameMain/", "name": "zoushi1.png", "md5": "13a8d4f24f430c91b7a5b96857e32073"}, 
{"path": "127/res/", "name": "GameMain.csb", "md5": "dbaa1db2779977b33cf7bd0156045ca2"}, 
{"path": "127/res/GameUp/", "name": "fanhui.png", "md5": "18b1d62185b63dbadae556c16014e9b4"}, 
{"path": "127/res/GameUp/", "name": "fanhui1.png", "md5": "865d359c814ef333ed3534b159543c1b"}, 
{"path": "127/res/GameUp/", "name": "jinyin1.png", "md5": "1837778b866603f886777970efca384f"}, 
{"path": "127/res/GameUp/", "name": "wenhao.png", "md5": "43479b50e63b956776eec7ec5038c06d"}, 
{"path": "127/res/GameUp/", "name": "wenhao1.png", "md5": "55178b43f79544602e5de098bfa8f2ae"}, 
{"path": "127/res/GameUp/", "name": "yinliang.png", "md5": "0708390e1bb703bab6ca4fa779c7dfbd"}, 
{"path": "127/res/GameUp/", "name": "yinliang1.png", "md5": "6f767f3d0b8c904b9d0645043bd912d2"}, 
{"path": "127/res/game_res/control/", "name": "adduser_0.png", "md5": "0ef1fee6100a9d5a963e35620a7014d6"}, 
{"path": "127/res/game_res/control/", "name": "adduser_1.png", "md5": "538d770d2931177cb249512daa1484c5"}, 
{"path": "127/res/game_res/control/", "name": "androidbg.png", "md5": "e372c17f7387b41b1f34c3a582ff6800"}, 
{"path": "127/res/game_res/control/", "name": "androidChatbg.png", "md5": "1fb42971128dd3ae9b784bbaa7de9efd"}, 
{"path": "127/res/game_res/control/", "name": "androidname.png", "md5": "50ad999aec1cd1c8a250683c2722fc21"}, 
{"path": "127/res/game_res/control/", "name": "androidnick.png", "md5": "584f0189ac94b079773bacde63b3f018"}, 
{"path": "127/res/game_res/control/", "name": "androidUpbanker_0.png", "md5": "76e7ce48c35516b9debba4c69e718efc"}, 
{"path": "127/res/game_res/control/", "name": "androidUpbanker_1.png", "md5": "b1004a58ba7b9dad2804f2573aa2a427"}, 
{"path": "127/res/game_res/control/", "name": "baoma_1.png", "md5": "0bbe92db9f6610a4617dc8b45696c1c7"}, 
{"path": "127/res/game_res/control/", "name": "baoma_2.png", "md5": "c34a51430622e734a6d032812e8d9026"}, 
{"path": "127/res/game_res/control/", "name": "baoshijie_1.png", "md5": "2427f12b20fa72d08adcc4ed68d4415f"}, 
{"path": "127/res/game_res/control/", "name": "baoshijie_2.png", "md5": "457b23b69da822a55fcd9d656ff63a30"}, 
{"path": "127/res/game_res/control/", "name": "benchi_1.png", "md5": "299fb80a01df896a73e6ea5ce93290ad"}, 
{"path": "127/res/game_res/control/", "name": "benchi_2.png", "md5": "ea5934861731ca5debed500e18718296"}, 
{"path": "127/res/game_res/control/", "name": "bg.png", "md5": "0d4ee5caa76b89f8f109f6eeb4aea2a9"}, 
{"path": "127/res/game_res/control/", "name": "bgBottom.png", "md5": "155c68c81b03954a8de5142514e32f29"}, 
{"path": "127/res/game_res/control/", "name": "bgControlArea.png", "md5": "d6c26650ad73a6aa7b31b4131adfff94"}, 
{"path": "127/res/game_res/control/", "name": "binli_1.png", "md5": "d5f4cb2b1a5e28467d30198c3cc12715"}, 
{"path": "127/res/game_res/control/", "name": "binli_2.png", "md5": "46f1e3497ccd27120d86835959f96135"}, 
{"path": "127/res/game_res/control/", "name": "btn_contoltimes.png", "md5": "f16c24fb96bdbc9dc8df7684572856a4"}, 
{"path": "127/res/game_res/control/", "name": "btn_gameid.png", "md5": "694d75707c97ea657da5df9f2e820d79"}, 
{"path": "127/res/game_res/control/", "name": "btn_run_1.png", "md5": "4014fec1cba30400c8c821478d61ca4e"}, 
{"path": "127/res/game_res/control/", "name": "btn_run_2.png", "md5": "4014fec1cba30400c8c821478d61ca4e"}, 
{"path": "127/res/game_res/control/", "name": "btn_tip.png", "md5": "d7d31eae7fcabc705c5178129e113baf"}, 
{"path": "127/res/game_res/control/", "name": "bujiadi_1.png", "md5": "adf390267b7138ef908a82e8a9de68ee"}, 
{"path": "127/res/game_res/control/", "name": "bujiadi_2.png", "md5": "781df8dda24eec6f67f0f9b9b4624698"}, 
{"path": "127/res/game_res/control/", "name": "cancel_1.png", "md5": "2521ec1b67eb40960b536629428594ef"}, 
{"path": "127/res/game_res/control/", "name": "cancel_2.png", "md5": "2521ec1b67eb40960b536629428594ef"}, 
{"path": "127/res/game_res/control/", "name": "chatsend_0.png", "md5": "46f9178bc2544dcbcf67d59cf37a3890"}, 
{"path": "127/res/game_res/control/", "name": "chatsend_1.png", "md5": "502a5a94466477502e08d4b1cca28724"}, 
{"path": "127/res/game_res/control/", "name": "controlbg.png", "md5": "35cb9aad09c71617b294bcf176d2df3a"}, 
{"path": "127/res/game_res/control/", "name": "controling.png", "md5": "e31fe4c47abe3d2d9163404c78ea5aa1"}, 
{"path": "127/res/game_res/control/", "name": "ControlLayer.csb", "md5": "7182597f1d92bfe011faa98ea0b2bef8"}, 
{"path": "127/res/game_res/control/", "name": "controltimeframe.png", "md5": "fd5ce9ea7aa6fe1ce941937a5e6c3626"}, 
{"path": "127/res/game_res/control/", "name": "dropDownBg.png", "md5": "1140eaac1ca5257766a2fe5452bc959c"}, 
{"path": "127/res/game_res/control/", "name": "exit.png", "md5": "e1d71453d18a852b4fd1ba3ac9333e87"}, 
{"path": "127/res/game_res/control/", "name": "falali_1.png", "md5": "6c8d7ecfeb079c5cf49e21a3d838a7ef"}, 
{"path": "127/res/game_res/control/", "name": "falali_2.png", "md5": "3c9d9bb13ea6d136dfd513b39d4c6549"}, 
{"path": "127/res/game_res/control/", "name": "Game ID.png", "md5": "3e4e81a3b06129a91124da90a77cff66"}, 
{"path": "127/res/game_res/control/", "name": "hang.png", "md5": "8ab5f2840a51bc0ac17ec8a17db19dde"}, 
{"path": "127/res/game_res/control/", "name": "luhu_1.png", "md5": "4da1f37c3b93a151d017701047f6e943"}, 
{"path": "127/res/game_res/control/", "name": "luhu_2.png", "md5": "020a0734236ddf3a7a78728b91e81da6"}, 
{"path": "127/res/game_res/control/", "name": "maibahe_1.png", "md5": "252587167bbd7a75d65ddc6a9163e40c"}, 
{"path": "127/res/game_res/control/", "name": "maibahe_2.png", "md5": "fa6992e5c327a66aed8050ca8eff8658"}, 
{"path": "127/res/game_res/control/", "name": "NoControlArea.png", "md5": "bc5360b42e8ad80675aa9d2d191515f5"}, 
{"path": "127/res/game_res/control/", "name": "NoControlTimes.png", "md5": "ed31e767efbf9eec18de415300fbcb9a"}, 
{"path": "127/res/game_res/control/", "name": "peishidel_0.png", "md5": "a1759f817071805f15e7453187d63a95"}, 
{"path": "127/res/game_res/control/", "name": "peishidel_1.png", "md5": "f28faec21f3a70fcd407f1f2019f6fc4"}, 
{"path": "127/res/game_res/control/", "name": "ping.png", "md5": "e17c8917294151d0f16167d2fd2a6aa0"}, 
{"path": "127/res/game_res/control/", "name": "scene_tip_1.png", "md5": "f9260bb6cd92c3306bc194a48cd94260"}, 
{"path": "127/res/game_res/control/", "name": "scene_tip_2.png", "md5": "4c0ed5e70762b8c4e5b8dce27ee9a9ea"}, 
{"path": "127/res/game_res/control/", "name": "scene_tip_3.png", "md5": "7c3af76acb2a5009cc7d96a7d1df3d8c"}, 
{"path": "127/res/game_res/control/", "name": "timebg.png", "md5": "6be623e911ec409e73220a0bdd1f388a"}, 
{"path": "127/res/game_res/control/", "name": "times_image.png", "md5": "87c8b96f97f6c173fb32c4737ddb10b5"}, 
{"path": "127/res/game_res/control/", "name": "tip.png", "md5": "83e55eb81bf0ee73c7007d76ab9612e5"}, 
{"path": "127/res/game_res/control/", "name": "tongdianp.png", "md5": "a3eeb0bdd0d92eb4b8e2fdbcf2f6153a"}, 
{"path": "127/res/game_res/control/", "name": "topBg.png", "md5": "a17781d1ab72036cf1b8f54dfd6beb9a"}, 
{"path": "127/res/game_res/control/", "name": "topBtn.png", "md5": "d6f7bbb1ed8ddce2ddccb2ae30253783"}, 
{"path": "127/res/game_res/control/", "name": "userbg.png", "md5": "0ed98b6d1fb0616852c0ef31e3b68893"}, 
{"path": "127/res/game_res/control/", "name": "userlist.png", "md5": "4fedcab8691f54551fd5220f7961207b"}, 
{"path": "127/res/game_res/control/", "name": "xian.png", "md5": "c70eefe91023f8e21b3cbdafbd9dcdd2"}, 
{"path": "127/res/game_res/control/", "name": "xiandui.png", "md5": "9bded7e39dbd1f53f460934b3d9b3d0a"}, 
{"path": "127/res/game_res/control/", "name": "xianduizizhixing.png", "md5": "a852f11f3affbfa4411402d5884e23e8"}, 
{"path": "127/res/game_res/control/", "name": "xiantianw.png", "md5": "c701e2e3f468d8edbb3f4ff42b67299d"}, 
{"path": "127/res/game_res/control/", "name": "xianxuanghzong.png", "md5": "a1faa175a119a41b24ed9b24dd46f4c0"}, 
{"path": "127/res/game_res/control/", "name": "xianzhixing.png", "md5": "1739fe04a4efbd8461b2c4a06e705dc3"}, 
{"path": "127/res/game_res/control/", "name": "xiushi.png", "md5": "35e3eaaa431c0a06ae733cbac7f0e6ac"}, 
{"path": "127/res/game_res/control/", "name": "xuanxianguizi.png", "md5": "e184d4c7b09665a8d225af43f4c43b65"}, 
{"path": "127/res/game_res/control/", "name": "xuanzhong.png", "md5": "b66874d1bba4109c667728bee35951d7"}, 
{"path": "127/res/game_res/control/", "name": "zhuang.png", "md5": "b276f97ff51bd2261640fa2e9ad97d6c"}, 
{"path": "127/res/game_res/control/", "name": "zhuangdui.png", "md5": "02faf543a2985ce29b85e03c75e2ab10"}, 
{"path": "127/res/game_res/control/", "name": "zhuangduizixuan.png", "md5": "53db6b6554158757a341319aff60c6a7"}, 
{"path": "127/res/game_res/control/", "name": "zhuangduizizhixing.png", "md5": "4c0ff5f7bda6eb19d4188f46d67a9b69"}, 
{"path": "127/res/game_res/control/", "name": "zhuangtianw.png", "md5": "dc976293e01880884a25386a42b5b919"}, 
{"path": "127/res/game_res/control/", "name": "zhuangtianzhixing.png", "md5": "23190330c3faae25e5eb2eb2f59d787a"}, 
{"path": "127/res/game_res/control/", "name": "zhuangxianzhong.png", "md5": "f619ae7de6c59e4b5f54601d7e42e742"}, 
{"path": "127/res/game_res/control/", "name": "zhuangxuan.png", "md5": "42b091cd023d1b20617cc5ea490d6996"}, 
{"path": "127/res/game_res/control/", "name": "zhuangzhixing.png", "md5": "ebfa8d39fd962a56d4679f6cf0e13f14"}, 
{"path": "127/res/image/", "name": "apply_bg.png", "md5": "6382e6a28a2877c4b32339f5585f9e0a"}, 
{"path": "127/res/image/", "name": "apply_down.png", "md5": "3032cea7919cf2bf4169a7c6f627ca44"}, 
{"path": "127/res/image/", "name": "apply_head.png", "md5": "6dcd7d564cd90e9d4f23ea6dcd2448f1"}, 
{"path": "127/res/image/", "name": "apply_List_bg.png", "md5": "75ec84c2099b5121712946b834e21dbc"}, 
{"path": "127/res/image/", "name": "Avatar0.png", "md5": "ea9cc88448a2405bc5708fe78762a590"}, 
{"path": "127/res/image/", "name": "Avatar1.png", "md5": "219e98f14be79224696639ac05d2cccc"}, 
{"path": "127/res/image/", "name": "Avatar2.png", "md5": "82047a18444bd6fab3f719a129cd6da6"}, 
{"path": "127/res/image/", "name": "Avatar3.png", "md5": "0e1a427e791c94d46ffc839e9c2c49ff"}, 
{"path": "127/res/image/", "name": "Avatar4.png", "md5": "af716998e03aa0ddf1f20f426acc014e"}, 
{"path": "127/res/image/", "name": "Avatar5.png", "md5": "f074453eb2101dffa0d5d8a265d881a8"}, 
{"path": "127/res/image/", "name": "Avatar6.png", "md5": "045e9956c7fd9bc7c2831b954a79088a"}, 
{"path": "127/res/image/", "name": "Avatar7.png", "md5": "0d079ab7b42c8a0db66fa6f499ad8e2d"}, 
{"path": "127/res/image/", "name": "Avatar8.png", "md5": "e1a5ff344507a38a3e872bdf3e91e83a"}, 
{"path": "127/res/image/", "name": "Avatar9.png", "md5": "140380fa7b3a5eff42e6476bbbc6adcf"}, 
{"path": "127/res/image/", "name": "chip_bg.png", "md5": "9ae3d5df84144c5d6cc2aa7d3d36ce7e"}, 
{"path": "127/res/image/", "name": "chip_num.png", "md5": "4a96bc7b2fcdd8d32561c2271c0e30a4"}, 
{"path": "127/res/image/", "name": "chip_num2.png", "md5": "bdd36259bd10096dc3f803f0f43fa46b"}, 
{"path": "127/res/image/", "name": "fanhui.png", "md5": "18b1d62185b63dbadae556c16014e9b4"}, 
{"path": "127/res/image/", "name": "fanhui1.png", "md5": "865d359c814ef333ed3534b159543c1b"}, 
{"path": "127/res/image/", "name": "headfram.png", "md5": "997bc54019e3fdc24f8c37dcbfd2062d"}, 
{"path": "127/res/image/", "name": "jiesuan.png", "md5": "5988a171812b5a284be4632218019e29"}, 
{"path": "127/res/image/", "name": "jinyin.png", "md5": "d4eaa10e979e0499e3a06ba25e800c20"}, 
{"path": "127/res/image/", "name": "jinyin1.png", "md5": "1837778b866603f886777970efca384f"}, 
{"path": "127/res/image/", "name": "qingxiazhu.png", "md5": "b16a61d97a54edee2979265645b4def1"}, 
{"path": "127/res/image/", "name": "quxiao1.png", "md5": "725b14412e4ec367235929823fd4beb1"}, 
{"path": "127/res/image/", "name": "quxiao2.png", "md5": "725b14412e4ec367235929823fd4beb1"}, 
{"path": "127/res/image/", "name": "shangzhuang.png", "md5": "443c78c090b54e071388c40a509cd515"}, 
{"path": "127/res/image/", "name": "shangzhuang2.png", "md5": "443c78c090b54e071388c40a509cd515"}, 
{"path": "127/res/image/", "name": "stopbetbg.png", "md5": "2192b2265b710964075d7df9cba7151b"}, 
{"path": "127/res/image/", "name": "tingzhixiazhu.png", "md5": "01cfbaa3d0f8aa3f3b41d88af48ea309"}, 
{"path": "127/res/image/", "name": "tipsbg.png", "md5": "3bee3520c795c3fd08716040be74e5a9"}, 
{"path": "127/res/image/", "name": "ui_chip_bg_1_1.png", "md5": "622bc0a55ca016791e457f4016245a0d"}, 
{"path": "127/res/image/", "name": "ui_chip_bg_1_2.png", "md5": "923520f7b1920b4a61074e0bc0442fdc"}, 
{"path": "127/res/image/", "name": "ui_chip_bg_1_3.png", "md5": "03ee4a6d142e26b8335e851a09a79f6f"}, 
{"path": "127/res/image/", "name": "ui_chip_bg_2_1.png", "md5": "d4d90e258230abff31e3a5135072da72"}, 
{"path": "127/res/image/", "name": "ui_chip_bg_2_2.png", "md5": "647328345cdf840bc930556b727b9e1a"}, 
{"path": "127/res/image/", "name": "ui_chip_bg_2_3.png", "md5": "b277af7850cd5192a388b539632425ca"}, 
{"path": "127/res/image/", "name": "ui_chip_bg_3_1.png", "md5": "1e1b8ce5818c2371607b9022318cbba2"}, 
{"path": "127/res/image/", "name": "ui_chip_bg_3_2.png", "md5": "4f94f6bd5e59831c53b345f8ec7fe3d8"}, 
{"path": "127/res/image/", "name": "ui_chip_bg_3_3.png", "md5": "26568ef039950e91b9263743bbcb2698"}, 
{"path": "127/res/image/", "name": "ui_chip_bg_4_1.png", "md5": "a96c6d4064e2354f1d95fd62e03e049b"}, 
{"path": "127/res/image/", "name": "ui_chip_bg_4_2.png", "md5": "b68c7615f79eda16949c967c27645ac3"}, 
{"path": "127/res/image/", "name": "ui_chip_bg_4_3.png", "md5": "04f0f87222a4c45128cc9789842103bd"}, 
{"path": "127/res/image/", "name": "ui_chip_bg_5_1.png", "md5": "b5810d3cb16040fe66fc66813bc7f09e"}, 
{"path": "127/res/image/", "name": "ui_chip_bg_5_2.png", "md5": "2fd63bccc804b679e3615b075103b82a"}, 
{"path": "127/res/image/", "name": "ui_chip_bg_5_3.png", "md5": "0b71d9da244621ffec733abda4a5ace3"}, 
{"path": "127/res/image/", "name": "ui_lose_count.png", "md5": "385d81b34f093f13be79d197b0f170ac"}, 
{"path": "127/res/image/", "name": "ui_win_count.png", "md5": "64f87082964f0e0dc2e522ba6df32737"}, 
{"path": "127/res/image/", "name": "ulist_rank_no.png", "md5": "e30776c9426ae1d0e648f6241b7641c9"}, 
{"path": "127/res/image/", "name": "ulist_shuzi.png", "md5": "827a56d50dbfadbebc73bba615ddb9c6"}, 
{"path": "127/res/image/", "name": "wenhao.png", "md5": "43479b50e63b956776eec7ec5038c06d"}, 
{"path": "127/res/image/", "name": "wenhao1.png", "md5": "55178b43f79544602e5de098bfa8f2ae"}, 
{"path": "127/res/image/", "name": "xiazhuang.png", "md5": "e3557cd81748f37e853e5c44ae00cd11"}, 
{"path": "127/res/image/", "name": "xiazhuang2.png", "md5": "e3557cd81748f37e853e5c44ae00cd11"}, 
{"path": "127/res/image/xiazhuqu/", "name": "dajinaodi.png", "md5": "60be507aaa84d98d732ea614755d5141"}, 
{"path": "127/res/image/xiazhuqu/", "name": "dajinbaoma.png", "md5": "6576c76f6798d8c38a9a4ea2f26ce8de"}, 
{"path": "127/res/image/xiazhuqu/", "name": "dajinbenchi.png", "md5": "fb408197628837482bc23f011855ca6a"}, 
{"path": "127/res/image/xiazhuqu/", "name": "dajindazhong.png", "md5": "d7eb7defc3bfa05e90ccdd1777a2b2c5"}, 
{"path": "127/res/image/xiazhuqu/", "name": "dayinaodi.png", "md5": "05292f465119e80384055eb7051bb482"}, 
{"path": "127/res/image/xiazhuqu/", "name": "dayinbaoma.png", "md5": "a33f5a945a70473fc29994de8a890e3e"}, 
{"path": "127/res/image/xiazhuqu/", "name": "dayinbenchi.png", "md5": "44995a75c7265c433e99b59ac5a359c0"}, 
{"path": "127/res/image/xiazhuqu/", "name": "dayindazhong.png", "md5": "fae0d83b3ac5ffb521b8bd5146dd2b89"}, 
{"path": "127/res/image/", "name": "xiuxiyixia.png", "md5": "fe2e865dd6d40bf71e67a4d1aada8364"}, 
{"path": "127/res/image/", "name": "xutou1.png", "md5": "d023f0c5e014a911c742b642a8d694f4"}, 
{"path": "127/res/image/", "name": "xutou2.png", "md5": "b0299e16fa5cb671d1772d090203749c"}, 
{"path": "127/res/image/", "name": "xutou_goldbg.png", "md5": "88d60b1ef18805215c0796d0b7b1dbe3"}, 
{"path": "127/res/image/", "name": "xutou_num.png", "md5": "49c665441dc9080f9ef8f9e63143a120"}, 
{"path": "127/res/image/", "name": "yinliang.png", "md5": "0708390e1bb703bab6ca4fa779c7dfbd"}, 
{"path": "127/res/image/", "name": "yinliang1.png", "md5": "6f767f3d0b8c904b9d0645043bd912d2"}, 
{"path": "127/res/image/", "name": "zaixian.png", "md5": "0707fe75f1b56015b93d3ab371fd656b"}, 
{"path": "127/res/image/", "name": "zuang.png", "md5": "ea12ffad5ecf832f706d8f5379b582c4"}, 
{"path": "127/res/image/", "name": "zuobian.png", "md5": "9d63dfd68a70cc55c588f2871f2b804d"}, 
{"path": "127/res/image/", "name": "zuobian1.png", "md5": "2e5926ce61a5f3924774359eb0981464"}, 
{"path": "127/res/", "name": "load_127.jpg", "md5": "f50c38a7effacd814dd0f4d17d62ab51"}, 
{"path": "127/res/ludan/", "name": "da1.png", "md5": "208652b3f2f6c28fb7ab6d6adf896a94"}, 
{"path": "127/res/ludan/", "name": "da2.png", "md5": "56e6e98e98ebba74c91b0ef822a1aabe"}, 
{"path": "127/res/ludan/", "name": "da3.png", "md5": "ecf17fbcdf2e4da6fe5138e5ee2542a4"}, 
{"path": "127/res/ludan/", "name": "da4.png", "md5": "d86f6af3f6f49a56f0df6d14b126dd4c"}, 
{"path": "127/res/ludan/", "name": "da5.png", "md5": "e73a267f908476bf57d496aeabdbdda2"}, 
{"path": "127/res/ludan/", "name": "da6.png", "md5": "ae08d29ec6e50e92abc00709dc4669c7"}, 
{"path": "127/res/ludan/", "name": "da7.png", "md5": "c5364e772df6d47a61a5402a6e7b9115"}, 
{"path": "127/res/ludan/", "name": "da8.png", "md5": "9b995f2e6de460746c154ebe827830c8"}, 
{"path": "127/res/ludan/", "name": "faguang3.png", "md5": "6f26a64f33e8512518e8e4b524da19eb"}, 
{"path": "127/res/ludan/", "name": "ludan1.png", "md5": "a0b9d8893bebe4925450ebb8efe0e6b7"}, 
{"path": "127/res/ludan/", "name": "ludan2.png", "md5": "4140ab7c2c246392919cfadedffbbb6e"}, 
{"path": "127/res/ludan/", "name": "ludan3.png", "md5": "257231d575b2ca5cdf6ac9b047eded44"}, 
{"path": "127/res/ludan/", "name": "ludan4.png", "md5": "d3374d6fe008ddd7500cbc76ca376b16"}, 
{"path": "127/res/ludan/", "name": "ludan5.png", "md5": "fc943d1d5417e06a1a003819bda48840"}, 
{"path": "127/res/ludan/", "name": "ludan6.png", "md5": "4619778c93db1f9cd27f116ea5cc8e49"}, 
{"path": "127/res/ludan/", "name": "ludan7.png", "md5": "81972fedff5bfe44e335c40fba7e8ec7"}, 
{"path": "127/res/ludan/", "name": "ludan8.png", "md5": "cc1cdd263f8ce573b011fef28e170557"}, 
{"path": "127/res/ludan/", "name": "room1.png", "md5": "9dbad27587fe7d145e2546d5fb6693a2"}, 
{"path": "127/res/ludan/", "name": "room2.png", "md5": "bef4f9f5a5c529f66d58f92ee0146bad"}, 
{"path": "127/res/ludan/", "name": "room3.png", "md5": "2d377cc9cce656e1dfdebde698f35f78"}, 
{"path": "127/res/ludan/", "name": "room4.png", "md5": "92cc0200d2bac726088affe3434a4f52"}, 
{"path": "127/res/ludan/", "name": "room5.png", "md5": "dc6738cce7e1e88d537cca3b0531c266"}, 
{"path": "127/res/ludan/", "name": "room6.png", "md5": "e04d8846d7044915fbd41f747282b3f5"}, 
{"path": "127/res/ludan/", "name": "room7.png", "md5": "7060bb31417346226f381d11c19b22c1"}, 
{"path": "127/res/ludan/", "name": "room8.png", "md5": "ab4daf9c40e2b220430d2d4d6c13c25d"}, 
{"path": "127/res/", "name": "paneltimerNode.csb", "md5": "2844485abb0de1d0edae789e846ebeae"}, 
{"path": "127/res/plist/", "name": "onlinelist.plist", "md5": "5900b7d2c038c5dc422195f647a90f02"}, 
{"path": "127/res/plist/", "name": "onlinelist.png", "md5": "73bbc35a62a81ac9460cadbdb45db9e4"}, 
{"path": "127/res/plist/", "name": "tableuserItem.plist", "md5": "544209c61a88628c479251e53d215793"}, 
{"path": "127/res/plist/", "name": "tableuserItem.png", "md5": "efcd89ed4572ac4400a928d469483096"}, 
{"path": "127/res/roomlist/", "name": "bar.png", "md5": "2a30fe2a9dafb38b16a071d0ddd16605"}, 
{"path": "127/res/roomlist/", "name": "chuangqi.png", "md5": "b0c46551833dc76114949ce718d7ed3d"}, 
{"path": "127/res/roomlist/", "name": "endbg.png", "md5": "bbb566781988863ad0224ca368960a81"}, 
{"path": "127/res/roomlist/", "name": "game_127.png", "md5": "4d338764dbe6c47001fdbb8a014025c8"}, 
{"path": "127/res/roomlist/", "name": "game_127_2.png", "md5": "5a6ce39b29833b1a0f1065c4d3affb03"}, 
{"path": "127/res/roomlist/", "name": "goBtn.png", "md5": "952d263c9f9e3dad1625dc2b5be6a0be"}, 
{"path": "127/res/roomlist/", "name": "ludanbg.png", "md5": "a8a12e420e6ce75f5433ee284b33a049"}, 
{"path": "127/res/roomlist/", "name": "ludanbg2.png", "md5": "223f26ce579d1568f0045429d6139685"}, 
{"path": "127/res/roomlist/", "name": "ludanbg3.png", "md5": "a8a12e420e6ce75f5433ee284b33a049"}, 
{"path": "127/res/roomlist/", "name": "resultbg.png", "md5": "fed2ceeddad138b884865cc35fd406d4"}, 
{"path": "127/res/roomlist/", "name": "resulticon.png", "md5": "66bedd4978d0503580d66399484dcbef"}, 
{"path": "127/res/roomlist/", "name": "rongyao.png", "md5": "b231f5bd3f67014e0a1ab54c69cb9008"}, 
{"path": "127/res/roomlist/", "name": "roomAts.png", "md5": "7555701ed3657fa19303703584ac2e8f"}, 
{"path": "127/res/roomlist/", "name": "roomLayer.csb", "md5": "30316b63d32ff30ff1ce82dc141a0833"}, 
{"path": "127/res/roomlist/", "name": "roomnum.png", "md5": "c8fb611a0e27ccb64311bfa706dd7890"}, 
{"path": "127/res/roomlist/", "name": "suzi.png", "md5": "7a0bfc16c4f3d9da244ff83e9c32e8ab"}, 
{"path": "127/res/roomlist/", "name": "xiazhu.png", "md5": "dcba1d77e9412942ff8b1942a9d3bf35"}, 
{"path": "127/res/roomlist/", "name": "zunxiang.png", "md5": "f0d19feed56cfcc9ec4aabf10ffad933"}, 
{"path": "127/res/rule/", "name": "Rule.csb", "md5": "5fa92e53892611b80715a271b705b0a9"}, 
{"path": "127/res/rule/", "name": "rule1.png", "md5": "f41cdd3216c93b23e51ccf675c651a4f"}, 
{"path": "127/res/rule/", "name": "rule2.png", "md5": "c00add6a656e49817cd99f2ffd30089f"}, 
{"path": "127/res/rule/", "name": "rulebg2.png", "md5": "450814a9a80c18dd56fbd5528ca91681"}, 
{"path": "127/res/rule/", "name": "rulebt1.png", "md5": "6439628d39eb4c6a37b683ce96b755c4"}, 
{"path": "127/res/rule/", "name": "rulebt2.png", "md5": "b90c3e676d46d145a8c43664e679a85c"}, 
{"path": "127/res/rule/", "name": "rulelab1.png", "md5": "0f9829b1acc10862fddd77bdd7ecec49"}, 
{"path": "127/res/rule/", "name": "rulelab1_disable.png", "md5": "e199f9e4fb38f3e9af406d7fcfd74f3c"}, 
{"path": "127/res/rule/", "name": "rulelab2.png", "md5": "27aac1bb2a62905837e183226f7c9f6b"}, 
{"path": "127/res/rule/", "name": "rulelab2_disable.png", "md5": "2d7a6a83720dc632428e860d6c35986a"}, 
{"path": "127/res/rule/", "name": "rule_title_1.png", "md5": "27aac1bb2a62905837e183226f7c9f6b"}, 
{"path": "127/res/rule/", "name": "rule_title_2.png", "md5": "0f9829b1acc10862fddd77bdd7ecec49"}, 
{"path": "127/res/saizi/1/", "name": "1.png", "md5": "9be4bde8b91fb92197b7aae3503e2587"}, 
{"path": "127/res/saizi/1/", "name": "2.png", "md5": "2e28cde240b053c0615976f45457941a"}, 
{"path": "127/res/saizi/1/", "name": "3.png", "md5": "bad8438571a6262533c36b283c25b969"}, 
{"path": "127/res/saizi/1/", "name": "4.png", "md5": "8ed1d6af49c8283593414e00b0dd6b63"}, 
{"path": "127/res/saizi/1/", "name": "5.png", "md5": "e5cb34a31652bf3c14c76ab1959b02b1"}, 
{"path": "127/res/saizi/1/", "name": "6.png", "md5": "2c67111370217ec1c4063c17d7d1de51"}, 
{"path": "127/res/saizi/1/", "name": "7.png", "md5": "63b898850f93f84bdeede94d9124ed05"}, 
{"path": "127/res/saizi/1/", "name": "8.png", "md5": "3f5f2253733993e4eb32fd79d90c8d53"}, 
{"path": "127/res/saizi/", "name": "1.png", "md5": "505640e4f519201259e7ab3b448c2bb5"}, 
{"path": "127/res/saizi/2/", "name": "1.png", "md5": "20fcb82397e7375d5aa0cd0b1dc9562f"}, 
{"path": "127/res/saizi/2/", "name": "2.png", "md5": "3b5dd3af990ce93f087fb14d70b85e09"}, 
{"path": "127/res/saizi/2/", "name": "3.png", "md5": "684923b7f74d1ae9f8dc59dfd36a936b"}, 
{"path": "127/res/saizi/2/", "name": "4.png", "md5": "2a062b9042793faeafa66bf7dab7026f"}, 
{"path": "127/res/saizi/2/", "name": "5.png", "md5": "006cd2ce9d7984338c658a5082b6b4f1"}, 
{"path": "127/res/saizi/2/", "name": "6.png", "md5": "7d1735339d94e17e98bb66cb3ff87159"}, 
{"path": "127/res/saizi/2/", "name": "7.png", "md5": "6df99b6d2f35aa6143f24a2bf6a7c4a5"}, 
{"path": "127/res/saizi/2/", "name": "8.png", "md5": "972ca62d9fa077f541327ae860fc741d"}, 
{"path": "127/res/saizi/", "name": "2.png", "md5": "4ac2bd1ed5f97145c6daefb6bf888c49"}, 
{"path": "127/res/saizi/3/", "name": "1.png", "md5": "d98ee1425b8f217c45509cabc6bb1f27"}, 
{"path": "127/res/saizi/3/", "name": "2.png", "md5": "b9e0d8f85d6181f145790aa219a27814"}, 
{"path": "127/res/saizi/3/", "name": "3.png", "md5": "38a0f43417d607d33e2f7b66cf5e11b4"}, 
{"path": "127/res/saizi/3/", "name": "4.png", "md5": "9589897901479b64e6185322f9749236"}, 
{"path": "127/res/saizi/3/", "name": "5.png", "md5": "a80bc10502fabfdf27106801a21aa72b"}, 
{"path": "127/res/saizi/3/", "name": "6.png", "md5": "e78ce033b412498cbe552f5e3741c62b"}, 
{"path": "127/res/saizi/3/", "name": "7.png", "md5": "b087f15cc29093564ca8ced3b1e94642"}, 
{"path": "127/res/saizi/3/", "name": "8.png", "md5": "59188e1717d33ce14606c4f65822cf89"}, 
{"path": "127/res/saizi/", "name": "3.png", "md5": "01d91dd352c5913680c7608e23e555cb"}, 
{"path": "127/res/saizi/4/", "name": "1.png", "md5": "62f74809e00d05c964cc6d6e3ebbc240"}, 
{"path": "127/res/saizi/4/", "name": "2.png", "md5": "5ea18d96dbd1f2fc8353842ed327e049"}, 
{"path": "127/res/saizi/4/", "name": "3.png", "md5": "74913d1229c5fda2aa5537bcdffe6f31"}, 
{"path": "127/res/saizi/4/", "name": "4.png", "md5": "279cbb1244db779853ed0f368ef3fb37"}, 
{"path": "127/res/saizi/4/", "name": "5.png", "md5": "55233dca8d8b8e12b4a82b4986a84faa"}, 
{"path": "127/res/saizi/4/", "name": "6.png", "md5": "438b19af52c2edb12c6e5027007e61dd"}, 
{"path": "127/res/saizi/4/", "name": "7.png", "md5": "da3203a0067c50513f5844eca77bdc54"}, 
{"path": "127/res/saizi/4/", "name": "8.png", "md5": "92d7c069705773d8f52cd30d0d920a5a"}, 
{"path": "127/res/saizi/", "name": "4.png", "md5": "29d38613067438ddbd316a145011efcf"}, 
{"path": "127/res/saizi/5/", "name": "1.png", "md5": "bd9cf1ee135374a2ea6901a7c7a708d3"}, 
{"path": "127/res/saizi/5/", "name": "2.png", "md5": "fbef22988193fc517e5343c25030191b"}, 
{"path": "127/res/saizi/5/", "name": "3.png", "md5": "be8d461ebffcf3bd60cabe7cb3321e7a"}, 
{"path": "127/res/saizi/5/", "name": "4.png", "md5": "951492c4712e86e83d6478841514e88c"}, 
{"path": "127/res/saizi/5/", "name": "5.png", "md5": "886bbb6329f5ced72a1a485d649793bd"}, 
{"path": "127/res/saizi/5/", "name": "6.png", "md5": "5ad79ab7235cf5bfb7d03e21f35f2cd8"}, 
{"path": "127/res/saizi/5/", "name": "7.png", "md5": "8a207e85440a1b5b086e86411130438d"}, 
{"path": "127/res/saizi/5/", "name": "8.png", "md5": "e32763c4f05c997771c661b23074bff5"}, 
{"path": "127/res/saizi/", "name": "5.png", "md5": "e73567b04db98acff2a1ad04bcbfb317"}, 
{"path": "127/res/saizi/6/", "name": "1.png", "md5": "352509e3d8ad8c13fd2bd97495b97844"}, 
{"path": "127/res/saizi/6/", "name": "2.png", "md5": "eabcd4ed6d8ae384a532d747131b23c7"}, 
{"path": "127/res/saizi/6/", "name": "3.png", "md5": "7fb2c20d5a75738bf0a9e66017be6609"}, 
{"path": "127/res/saizi/6/", "name": "4.png", "md5": "6f369a5aafd2ba3cea44e37fac60cbf8"}, 
{"path": "127/res/saizi/6/", "name": "5.png", "md5": "32040be746ecdcee98574ca9cce6c07c"}, 
{"path": "127/res/saizi/6/", "name": "6.png", "md5": "fcc047cd959a4e514bd8526e69a748a2"}, 
{"path": "127/res/saizi/6/", "name": "7.png", "md5": "a466ec7b9ce2ad2fc81a6aff4c0b34b5"}, 
{"path": "127/res/saizi/6/", "name": "8.png", "md5": "b971d960dbb1d52356dc9bee3fea5274"}, 
{"path": "127/res/saizi/", "name": "6.png", "md5": "b45aed48f2ed2983d8747ae1b8baf0ff"}, 
{"path": "127/res/saizi/", "name": "dizuo.png", "md5": "96902bb56c96b8a006cb096a5ce2f99a"}, 
{"path": "127/res/sound_res/", "name": "animate1.mp3", "md5": "a9a6dd767ffeaa709d7dcb7a699d8e12"}, 
{"path": "127/res/sound_res/", "name": "animate2.mp3", "md5": "2d1b9bc43456788e20089e3d8332415f"}, 
{"path": "127/res/sound_res/", "name": "animate3.mp3", "md5": "1adc3eb0c204d93f64a6647043282b5e"}, 
{"path": "127/res/sound_res/", "name": "animate4.mp3", "md5": "af5c0f288be86c0430f7fccfb0763704"}, 
{"path": "127/res/sound_res/", "name": "animate5.mp3", "md5": "a9a6dd767ffeaa709d7dcb7a699d8e12"}, 
{"path": "127/res/sound_res/", "name": "animate6.mp3", "md5": "2d1b9bc43456788e20089e3d8332415f"}, 
{"path": "127/res/sound_res/", "name": "animate7.mp3", "md5": "1adc3eb0c204d93f64a6647043282b5e"}, 
{"path": "127/res/sound_res/", "name": "animate8.mp3", "md5": "af5c0f288be86c0430f7fccfb0763704"}, 
{"path": "127/res/sound_res/", "name": "background.mp3", "md5": "a2c11c0dfe88ca7b087bf3e3ea00d0d4"}, 
{"path": "127/res/sound_res/", "name": "baozi.mp3", "md5": "b7c744b597e1c2dad5c839e4965658e8"}, 
{"path": "127/res/sound_res/", "name": "bcbm_end.mp3", "md5": "ec25fdaf05bbfed112993b97f7f1fae2"}, 
{"path": "127/res/sound_res/", "name": "bcbm_run.mp3", "md5": "278f512b218a8bba3fa566e52b9c34e7"}, 
{"path": "127/res/sound_res/", "name": "bcbm_start.mp3", "md5": "a2f32ef93a9dc5d53a6667640a8a9516"}, 
{"path": "127/res/sound_res/", "name": "beganjetton.mp3", "md5": "b3d7dff10ac477162e71e6afabca350a"}, 
{"path": "127/res/sound_res/", "name": "beganjetton_vocie.mp3", "md5": "8190e3861223e45f18dc5c7351fab3c5"}, 
{"path": "127/res/sound_res/", "name": "changebanker.mp3", "md5": "abd0fe87139246b56de78fa5352799b9"}, 
{"path": "127/res/sound_res/", "name": "clickArea.mp3", "md5": "9475a66c0e7e830ef509efc9fe34fa82"}, 
{"path": "127/res/sound_res/", "name": "clickjetton.mp3", "md5": "852bd0241ec5495a982a0013d18c2d5a"}, 
{"path": "127/res/sound_res/", "name": "clockring.mp3", "md5": "2289d760b4eb6323faf9940e63dd000a"}, 
{"path": "127/res/sound_res/", "name": "countdown_1.wav", "md5": "aedcd1ceb51e805bc2311773ba23494b"}, 
{"path": "127/res/sound_res/", "name": "countdown_2.wav", "md5": "a82aeec41d52f3bdb9478cbfd86e227b"}, 
{"path": "127/res/sound_res/", "name": "countdown_3.wav", "md5": "979efa106d06ebfae988f73dbccb287e"}, 
{"path": "127/res/sound_res/", "name": "countdown_go.wav", "md5": "a1a4c9b55476a373a28153ac11dbe0d8"}, 
{"path": "127/res/sound_res/", "name": "da.mp3", "md5": "586df9c0b55d8bb9d66a1b152cab1d0f"}, 
{"path": "127/res/sound_res/", "name": "endjetton.mp3", "md5": "c3b62ce817a1a7ed0f9f7f66c88bcb4f"}, 
{"path": "127/res/sound_res/", "name": "endjetton_vocie.mp3", "md5": "5091f8d417563666ec01411b23f2cf32"}, 
{"path": "127/res/sound_res/", "name": "endlingdang.mp3", "md5": "d8dd8985b50b9424d74bdc7578f417bc"}, 
{"path": "127/res/sound_res/", "name": "jetton.mp3", "md5": "303788d09012df8c438510e8829bac57"}, 
{"path": "127/res/sound_res/", "name": "jettonflytoplayer.mp3", "md5": "f8d6a6eb74000335dc0c47246ebe8522"}, 
{"path": "127/res/sound_res/", "name": "jiesuandaliang.mp3", "md5": "23cae905e8bfd4f4e4f13cb202332c5a"}, 
{"path": "127/res/sound_res/", "name": "pengz.mp3", "md5": "b03ac33f11be957f1641971ee6fe013e"}, 
{"path": "127/res/sound_res/point/", "name": "1.mp3", "md5": "569d5ac542f76737786acab516ed940f"}, 
{"path": "127/res/sound_res/point/", "name": "2.mp3", "md5": "9d2ee62496daec8cf312df8f009c7d0a"}, 
{"path": "127/res/sound_res/point/", "name": "3.mp3", "md5": "c40c3206ec1056f7f883d87333fa7295"}, 
{"path": "127/res/sound_res/point/", "name": "4.mp3", "md5": "9b1c85c7c1b4190010c8da3f922456ed"}, 
{"path": "127/res/sound_res/point/", "name": "5.mp3", "md5": "11e4cf7f8d9d39533cc4b72d842e7e0f"}, 
{"path": "127/res/sound_res/point/", "name": "6.mp3", "md5": "e1ed9ecf0465b3096fc8e51e3ca09791"}, 
{"path": "127/res/sound_res/pointType/", "name": "1.mp3", "md5": "ff7d885c6cde32be0a41b62dc91b7ab5"}, 
{"path": "127/res/sound_res/pointType/", "name": "10.mp3", "md5": "5b8546789fb79bcaf1ae932fc1942b32"}, 
{"path": "127/res/sound_res/pointType/", "name": "11.mp3", "md5": "e64467485584aa99a09435b2e24147cf"}, 
{"path": "127/res/sound_res/pointType/", "name": "12.mp3", "md5": "dcc22d780c0278c9927c6b18662f2f66"}, 
{"path": "127/res/sound_res/pointType/", "name": "13.mp3", "md5": "bdd01e5bec834a7eb00c773fee142c51"}, 
{"path": "127/res/sound_res/pointType/", "name": "14.mp3", "md5": "d2072ee1e8fd4ac13110762c7fc59739"}, 
{"path": "127/res/sound_res/pointType/", "name": "15.mp3", "md5": "bb95796aab9ccc7fc35ac3860e6fc596"}, 
{"path": "127/res/sound_res/pointType/", "name": "16.mp3", "md5": "0d25b1dccea907bf0154e6456ec49d62"}, 
{"path": "127/res/sound_res/pointType/", "name": "17.mp3", "md5": "7347408a1bc94e9a14bb8e310e94494c"}, 
{"path": "127/res/sound_res/pointType/", "name": "18.mp3", "md5": "69e6350210b1b88deacf7c4e863a19a9"}, 
{"path": "127/res/sound_res/pointType/", "name": "2.mp3", "md5": "7c1b8b7aa63a0baf3db1d8ad93a3b780"}, 
{"path": "127/res/sound_res/pointType/", "name": "3.mp3", "md5": "cbc7a75a8f3be09f23c1a985d721b809"}, 
{"path": "127/res/sound_res/pointType/", "name": "4.mp3", "md5": "aab3e727692e975efde9c9fe25e1f953"}, 
{"path": "127/res/sound_res/pointType/", "name": "5.mp3", "md5": "388d77604f0ff3b0f243e4c68e03d9f0"}, 
{"path": "127/res/sound_res/pointType/", "name": "6.mp3", "md5": "466527ccd05ecea597865aea3d5d4c6d"}, 
{"path": "127/res/sound_res/pointType/", "name": "7.mp3", "md5": "79d0b2859abc4d460d1fc0a435bceb38"}, 
{"path": "127/res/sound_res/pointType/", "name": "8.mp3", "md5": "89591c92faf946a35e31efad2e541ca7"}, 
{"path": "127/res/sound_res/pointType/", "name": "9.mp3", "md5": "ce70cf071e147e0bb583be7817ef360a"}, 
{"path": "127/res/sound_res/", "name": "pressed_fruit_1.wav", "md5": "65450fcaf2f39a561324bee88fc8b482"}, 
{"path": "127/res/sound_res/", "name": "shaoliang.mp3", "md5": "08f8e76afee84de58b32261bcc2620c0"}, 
{"path": "127/res/sound_res/", "name": "tablejetton.mp3", "md5": "7951fb40de059fc1de10885cf8ae25fd"}, 
{"path": "127/res/sound_res/", "name": "xiao.mp3", "md5": "e96e68ec6cb988a5c16c29c3c7e7dee8"}, 
{"path": "127/res/sound_res/", "name": "yaozhong.mp3", "md5": "4df7e734bd3beda789a49a1a347d9258"}, 
{"path": "127/res/sound_res/", "name": "zhuangjiatuntu.mp3", "md5": "24b37bb7f2d3a77609fd19a574cd6e95"}, 
{"path": "127/res/", "name": "userlistLayer.csb", "md5": "6ab69f2a01bea4d22ff6cc498691028b"}, 
{"path": "127/res/wallbill/", "name": "1.png", "md5": "635bac70338d1b83244ee1798fb70c97"}, 
{"path": "127/res/wallbill/", "name": "2.png", "md5": "b12f0d106a0ef8f9118ad13e007e7bda"}, 
{"path": "127/res/wallbill/", "name": "3.png", "md5": "03c70c976543236c6706799eef40f517"}, 
{"path": "127/res/wallbill/", "name": "4.png", "md5": "e5692bce3a08842d52d997b3fee15e4a"}, 
{"path": "127/res/wallbill/", "name": "5.png", "md5": "2e61864551084a2c8e3a2b9fc0421f09"}, 
{"path": "127/res/wallbill/", "name": "6.png", "md5": "d1e3b60019c4624cba329b48185047a5"}, 
{"path": "127/res/wallbill/", "name": "closebt.png", "md5": "6374535d1da9737c7edd2ff838fe7a1b"}, 
{"path": "127/res/wallbill/", "name": "item_select.png", "md5": "a0b9b92991ab88067c4114c2e70cb027"}, 
{"path": "127/res/wallbill/", "name": "ludan.csb", "md5": "9ed4404f51ab05483ae6b3d61fa7d15c"}, 
{"path": "127/res/wallbill/", "name": "ludankuang.png", "md5": "3eb6cf0bf849d11f03ec4273e21689b9"}, 
{"path": "127/res/wallbill/", "name": "open1.png", "md5": "24edc930dff116dc4bc97932359b3ea9"}, 
{"path": "127/res/wallbill/", "name": "open2.png", "md5": "4869c5e566409501676f4a685d4a21f4"}, 
{"path": "127/res/wallbill/", "name": "select_bg.png", "md5": "6de4fce5e940602b1b606006f7096e12"}, 
{"path": "127/res/wallbill/", "name": "zoushi.png", "md5": "bb9dae621db6507410331d451ab4c810"}, 
{"path": "127/src/models/", "name": "CMD_Game.luac", "md5": "e1bb26da99e4d2f928a76fb5dfd35bf7"}, 
{"path": "127/src/views/", "name": "GameLayer.luac", "md5": "135deb9a477c7392a5e098bd0cccff92"}, 
{"path": "127/src/views/", "name": "GameRoomListLayer.luac", "md5": "3089ebe259041a66e0fa8874d462a855"}, 
{"path": "127/src/views/layer/", "name": "ControlLayer.luac", "md5": "61451a4a47a1b1f65f7cd31b290884b9"}, 
{"path": "127/src/views/layer/", "name": "GameResultLayer.luac", "md5": "d334a45dd5bc45b4bf4cd795a3aebaaf"}, 
{"path": "127/src/views/layer/", "name": "GameViewLayer.luac", "md5": "903c9862e34e944656a106a5a625ee0e"}, 
{"path": "127/src/views/layer/", "name": "NewWallBillLayer.luac", "md5": "97b132c6bfe90c747e311cc71b60b5e9"}, 
{"path": "127/src/views/layer/", "name": "RuleLayer.luac", "md5": "51e998a1edc32edc9e294e5a9d9754e6"}, 
{"path": "127/src/views/layer/", "name": "UserListLayer.luac", "md5": "1b254be3d4fa17fe393d1952926ce91a"}, 
{"path": "127/src/views/", "name": "RoomView.luac", "md5": "d3f0363a8922c2afb88ee08bd0d71b27"}, 
{"path": "127/src/views/", "name": "RoomWallLayer.luac", "md5": "e644704cdfa96072d832ebbc12e6fd0f"}, 
{"allcount": 492}]}