{ "listdata": [{"path": "113/res/animation/baodan/", "name": "baodan.atlas", "md5": "0ab0a39991e388ec32f99bc1b2040ea8"}, 
{"path": "113/res/animation/baodan/", "name": "baodan.json", "md5": "1a195e76929ee9d62d6dfdfc35214c31"}, 
{"path": "113/res/animation/baodan/", "name": "baodan.png", "md5": "729ab95ebf735391971ddec9732f130a"}, 
{"path": "113/res/animation/baozha/", "name": "zhadanexiao.atlas", "md5": "4e4fb4bb038da751f3129da6f1c798c4"}, 
{"path": "113/res/animation/baozha/", "name": "zhadanexiao.json", "md5": "a912566391ac9ab347cea60565583750"}, 
{"path": "113/res/animation/baozha/", "name": "zhadanexiao.png", "md5": "f290d6d5af0887e55b2466561dea1e96"}, 
{"path": "113/res/animation/dengdai/", "name": "dengdaipipei.atlas", "md5": "bc1ebd099d0046edabd0c2874a93ccb0"}, 
{"path": "113/res/animation/dengdai/", "name": "dengdaipipei.json", "md5": "1631ce218e4a33a84cb0e84afcda03fb"}, 
{"path": "113/res/animation/dengdai/", "name": "dengdaipipei.png", "md5": "f07ec9bf101f0627d834544012d2fe71"}, 
{"path": "113/res/animation/feiji/", "name": "feiji.atlas", "md5": "19edc68b30399026301987b9b7f1edcc"}, 
{"path": "113/res/animation/feiji/", "name": "feiji.json", "md5": "17c601d0920d7950711e71fa2758935f"}, 
{"path": "113/res/animation/feiji/", "name": "feiji.png", "md5": "4bde25fd7bbb0d6d74c972e16ed9b8c1"}, 
{"path": "113/res/animation/paixing/", "name": "paixing.atlas", "md5": "22aa833ba91dfd1bba8ebc6040bd7c97"}, 
{"path": "113/res/animation/paixing/", "name": "paixing.json", "md5": "43072db7b367cc4ae353bb11cc0627e7"}, 
{"path": "113/res/animation/paixing/", "name": "paixing.png", "md5": "14039b11f3d3b3d71d13b2aea967c240"}, 
{"path": "113/res/animation/startgame/", "name": "youxikaishi.atlas", "md5": "f231518a3127ff8c71b0ed8fcbc80464"}, 
{"path": "113/res/animation/startgame/", "name": "youxikaishi.json", "md5": "0d410c4bc9a2c94f91130fbfc6bb7e6c"}, 
{"path": "113/res/animation/startgame/", "name": "youxikaishi.png", "md5": "43d9b643b7c6675347551a39baca2ac8"}, 
{"path": "113/res/gamerule/", "name": "gamename.png", "md5": "6a19cd23992794126457966327add164"}, 
{"path": "113/res/gamerule/", "name": "gamerule.png", "md5": "7f0e85224dbfe7d9ba16a22c025494bd"}, 
{"path": "113/res/image/", "name": "Avatar0.png", "md5": "ffea92f8daf8dd9cc861710a92d2fa6b"}, 
{"path": "113/res/image/", "name": "Avatar1.png", "md5": "081f53c35ed2d755c5d5d4738aed9163"}, 
{"path": "113/res/image/", "name": "Avatar2.png", "md5": "5901fc8604b7b512b6f88e87c46accf7"}, 
{"path": "113/res/image/", "name": "Avatar3.png", "md5": "38508f278280afe121a81cc8dcb5bb9c"}, 
{"path": "113/res/image/", "name": "Avatar4.png", "md5": "a6a1017ea1e4ffa1b65035bfcdad4283"}, 
{"path": "113/res/image/", "name": "Avatar5.png", "md5": "29f6521957cbae8c97dbeb967426f165"}, 
{"path": "113/res/image/", "name": "Avatar6.png", "md5": "81d8c8d769dd6eff24d63d1d221ca21b"}, 
{"path": "113/res/image/", "name": "Avatar7.png", "md5": "f580cb266d7fda1d384ca93b6207e2c8"}, 
{"path": "113/res/image/", "name": "Avatar8.png", "md5": "986ca2827af73cce931fb345e09e5600"}, 
{"path": "113/res/image/", "name": "Avatar9.png", "md5": "4ba26fa79c46970eb352cfb42ff29406"}, 
{"path": "113/res/image/", "name": "BG.jpg", "md5": "0d478db9e4dcb8c6efa36f4d063edb76"}, 
{"path": "113/res/image/", "name": "chang1.png", "md5": "887b530f8f92da58ceb2170339ac9868"}, 
{"path": "113/res/image/", "name": "chang2.png", "md5": "eeb202d4b6ad5dba82c4b2a0afbf3f83"}, 
{"path": "113/res/image/", "name": "chang3.png", "md5": "a8ed8f960303869bf4f46beb2fdb0ecc"}, 
{"path": "113/res/image/", "name": "chang4.png", "md5": "ab335a7d1ab76daa3b2009afa2e7f599"}, 
{"path": "113/res/image/", "name": "chupai.png", "md5": "9a0c29cac6530390d1284bb3d90c2057"}, 
{"path": "113/res/image/", "name": "contiu.png", "md5": "4f31786cf003d58bd6e6842619bccf67"}, 
{"path": "113/res/image/", "name": "daojis.png", "md5": "973cb98cd36bf5aaa325e2adef1c8f6e"}, 
{"path": "113/res/image/", "name": "daojishibg.png", "md5": "5ce608ae31ab5ab887fd0bb05e3821d8"}, 
{"path": "113/res/image/", "name": "difen.png", "md5": "56b8d1a8263fe7785eb46225338ef824"}, 
{"path": "113/res/image/", "name": "exit.png", "md5": "258b77326bc060df0f27f015a58e9dd7"}, 
{"path": "113/res/image/", "name": "fanhui.png", "md5": "18b1d62185b63dbadae556c16014e9b4"}, 
{"path": "113/res/image/", "name": "fanhui1.png", "md5": "865d359c814ef333ed3534b159543c1b"}, 
{"path": "113/res/image/", "name": "flag_out_first.png", "md5": "4c0fe0e5128180041065a7cf9dac029a"}, 
{"path": "113/res/image/", "name": "goldbg.png", "md5": "db769269fcb0d30c6670fcff23a0cc42"}, 
{"path": "113/res/image/", "name": "goldsp.png", "md5": "b70af877fad796c0ab35ccbc67afb00f"}, 
{"path": "113/res/image/", "name": "headbg.png", "md5": "59c786d15276e99279e6e966e5d7948e"}, 
{"path": "113/res/image/", "name": "headchip.png", "md5": "1fc6ac0d5a96eac5eecde37e17b03892"}, 
{"path": "113/res/image/", "name": "huangse.png", "md5": "4668e763cd498fc2234193133fc3a3da"}, 
{"path": "113/res/image/", "name": "jinyin.png", "md5": "d4eaa10e979e0499e3a06ba25e800c20"}, 
{"path": "113/res/image/", "name": "jinyin1.png", "md5": "1837778b866603f886777970efca384f"}, 
{"path": "113/res/image/", "name": "lanse.png", "md5": "c82e3cb6b86e4e5eab851493d01e231d"}, 
{"path": "113/res/image/", "name": "lansegra.png", "md5": "39703946ab3c691a1cdfec79430d3ddf"}, 
{"path": "113/res/image/", "name": "outcardtip1.png", "md5": "a70171857bc5ab5fa76984e59dbc2851"}, 
{"path": "113/res/image/", "name": "outcardtip2.png", "md5": "64dc49627b61a99da272637d11520c4d"}, 
{"path": "113/res/image/", "name": "paials.png", "md5": "d1b04e1fae94753688d10f06fd11c2c7"}, 
{"path": "113/res/image/", "name": "panel_result.png", "md5": "3d0bda8e4d7d96cee3f88561b9443a2e"}, 
{"path": "113/res/image/", "name": "picon.png", "md5": "bd0c7cdc32f12351fa9cb66f45da69c2"}, 
{"path": "113/res/image/", "name": "quxiao.png", "md5": "66d02406463caeaf2b6a2007fa9dd95d"}, 
{"path": "113/res/image/", "name": "tipbg.png", "md5": "455ac39a6c3db1675d2c06ff12844346"}, 
{"path": "113/res/image/", "name": "tishi.png", "md5": "131cff263d59057f69b12e9d03e44d4b"}, 
{"path": "113/res/image/", "name": "tuog.png", "md5": "4235ce44d92d4c876b550900c5691ed5"}, 
{"path": "113/res/image/", "name": "tuoguan1.png", "md5": "ff0dc4797f739e3617acac1014f04539"}, 
{"path": "113/res/image/", "name": "tuoguanzhong.png", "md5": "ed65ca64af5c0d3f103ababf95d1c5e4"}, 
{"path": "113/res/image/", "name": "tuoguanzhong1.png", "md5": "c4ea7df4b0bb783a4d66da85f48bf239"}, 
{"path": "113/res/image/", "name": "wenhao.png", "md5": "43479b50e63b956776eec7ec5038c06d"}, 
{"path": "113/res/image/", "name": "wenhao1.png", "md5": "55178b43f79544602e5de098bfa8f2ae"}, 
{"path": "113/res/image/", "name": "yaobuqi.png", "md5": "0d0cd13684a0834d4903300ca5b6b0da"}, 
{"path": "113/res/image/", "name": "yinliang.png", "md5": "0708390e1bb703bab6ca4fa779c7dfbd"}, 
{"path": "113/res/image/", "name": "yinliang1.png", "md5": "6f767f3d0b8c904b9d0645043bd912d2"}, 
{"path": "113/res/image/", "name": "zhezao.png", "md5": "56990dfde56d5dc751d17c9144ad41bf"}, 
{"path": "113/res/image/", "name": "zuozialtas.png", "md5": "edaf73cba013d75c87b5a96a7695f95c"}, 
{"path": "113/res/PDKChatSound/", "name": "ani1.mp3", "md5": "d14b96946ca8c3205c299e0264ba2233"}, 
{"path": "113/res/PDKChatSound/", "name": "ani2.mp3", "md5": "7bd00dccdde355f0669010aca68c7988"}, 
{"path": "113/res/PDKChatSound/", "name": "ani3.mp3", "md5": "4de988bb0c5f44aba4d7fa9a77bae8a0"}, 
{"path": "113/res/PDKChatSound/", "name": "ani4.mp3", "md5": "6ea866c6c26849961ee369cb50b39158"}, 
{"path": "113/res/PDKChatSound/", "name": "chat_M1.mp3", "md5": "5c01c00bd7cefe80b2793e759929d4f8"}, 
{"path": "113/res/PDKChatSound/", "name": "chat_M2.mp3", "md5": "066e21e58b8e9f90ae64c5af6c4bf8ac"}, 
{"path": "113/res/PDKChatSound/", "name": "chat_M3.mp3", "md5": "993bad1901b60da1d835e4cd3fc1292c"}, 
{"path": "113/res/PDKChatSound/", "name": "chat_M4.mp3", "md5": "3091d93beda3cd5ec849dbe4cc1a845a"}, 
{"path": "113/res/PDKChatSound/", "name": "chat_M5.mp3", "md5": "04565cbaa570da3db6fe6ae7ef01b498"}, 
{"path": "113/res/PDKChatSound/", "name": "chat_M6.mp3", "md5": "38c9a03c7592f583c7db9c4b68031b4d"}, 
{"path": "113/res/PDKChatSound/", "name": "chat_M7.mp3", "md5": "9a865bb1865544429140a64351472c8f"}, 
{"path": "113/res/PDKChatSound/", "name": "chat_W1.mp3", "md5": "a96f5139c992d4f5052ea07f2313302a"}, 
{"path": "113/res/PDKChatSound/", "name": "chat_W2.mp3", "md5": "13c60cc2dd5530a83847a3a666836408"}, 
{"path": "113/res/PDKChatSound/", "name": "chat_W3.mp3", "md5": "88d3194d108a448a6d9880a961351fe2"}, 
{"path": "113/res/PDKChatSound/", "name": "chat_W4.mp3", "md5": "bf3e0689983c07a58ba2a3a613d726c2"}, 
{"path": "113/res/PDKChatSound/", "name": "chat_W5.mp3", "md5": "20f019f461a1bc87c04b5bb238c2021a"}, 
{"path": "113/res/PDKChatSound/", "name": "chat_W6.mp3", "md5": "1d33c6e742349755aece215f21f5e7b0"}, 
{"path": "113/res/PDKChatSound/", "name": "chat_W7.mp3", "md5": "4da2ff3b028aafb78380515ab938a6c6"}, 
{"path": "113/res/", "name": "poker.plist", "md5": "e931c71c2e4d9753e83952840e8aaa51"}, 
{"path": "113/res/", "name": "poker.png", "md5": "b196fc17427823698a07da5b3e58661e"}, 
{"path": "113/res/result/", "name": "baopei.png", "md5": "261312e5d0b34c709667b9e46edaa6cc"}, 
{"path": "113/res/result/", "name": "GameLayer.csb", "md5": "b82d68c0303baee1feb98e5544cf7689"}, 
{"path": "113/res/result/", "name": "gold.png", "md5": "ca12c4af099c0845438609a97c5b1b76"}, 
{"path": "113/res/result/", "name": "loseatlas.png", "md5": "50888b1d60cc5b729c4f9dec3803be41"}, 
{"path": "113/res/result/", "name": "peibg.png", "md5": "2049e1efe343d8d3ebcb2d4eb3abce2c"}, 
{"path": "113/res/result/", "name": "quanguan.png", "md5": "c766c2a24f474baed9f41331458725e8"}, 
{"path": "113/res/result/shenli/", "name": "shengli-ps.atlas", "md5": "a4dc5b339e8dc5360b78f6794d9c6138"}, 
{"path": "113/res/result/shenli/", "name": "shengli-ps.json", "md5": "441f7ab8f24c266ab3939aaf3508ccee"}, 
{"path": "113/res/result/shenli/", "name": "shengli-ps.png", "md5": "fafcb9c891f14ad8d9bc2bd1dd52700e"}, 
{"path": "113/res/result/shibai/", "name": "shibai.atlas", "md5": "85bdb0cebd10258c6b278ce62a93de34"}, 
{"path": "113/res/result/shibai/", "name": "shibai.json", "md5": "34e9404397786aa9521112c28398cc1d"}, 
{"path": "113/res/result/shibai/", "name": "shibai.png", "md5": "acfaffbb7d1ee679f154400642416b41"}, 
{"path": "113/res/result/", "name": "winatlas.png", "md5": "3b19384d048c7a06f0e8e0a7acb98cec"}, 
{"path": "113/res/roomlist/", "name": "experience.png", "md5": "0f928da1abcce8d2028e0bfc7681ff52"}, 
{"path": "113/res/roomlist/", "name": "level_1.png", "md5": "43bf0db07e70060bc0c6469132cf6adc"}, 
{"path": "113/res/roomlist/", "name": "level_2.png", "md5": "4e9c53853e6b44e9c3f84b59c64e7751"}, 
{"path": "113/res/roomlist/", "name": "level_3.png", "md5": "d5e8c02f5a55c7543a1ef341bae81884"}, 
{"path": "113/res/roomlist/", "name": "level_4.png", "md5": "dfb4174d8bcc4bce33b962a558db6569"}, 
{"path": "113/res/", "name": "runFastCard.png", "md5": "aaf2577c3d80d4b23a86f75fbda570c8"}, 
{"path": "113/res/", "name": "runfasthn_bg.png", "md5": "b1a6cb7e9d90cce8a6af47edcb4e5c11"}, 
{"path": "113/res/sound_res/0/", "name": "BOMB_CARD.wav", "md5": "a02359e3d90a5a12b430c63d38d5e363"}, 
{"path": "113/res/sound_res/0/", "name": "DOUBLE.wav", "md5": "a29523f99f34bece0bd7af9ee9bf14a6"}, 
{"path": "113/res/sound_res/0/", "name": "DOUBLE_1.wav", "md5": "a24d6b3184714e7fd81ec49a5e04783e"}, 
{"path": "113/res/sound_res/0/", "name": "DOUBLE_10.wav", "md5": "2755c63969ff3d8b92d9ee97d9f660c7"}, 
{"path": "113/res/sound_res/0/", "name": "DOUBLE_11.wav", "md5": "18c971883348c2ba473de76d8aa6804b"}, 
{"path": "113/res/sound_res/0/", "name": "DOUBLE_12.wav", "md5": "2d857341dbb829e7e274df56b535b91a"}, 
{"path": "113/res/sound_res/0/", "name": "DOUBLE_13.wav", "md5": "1d5e1215eb6f921da9212cc733b64fad"}, 
{"path": "113/res/sound_res/0/", "name": "DOUBLE_2.wav", "md5": "bb2d6a5595d2667fef1ac054e1027ad3"}, 
{"path": "113/res/sound_res/0/", "name": "DOUBLE_3.wav", "md5": "3fc8f43628db3e789c723d8a139e325a"}, 
{"path": "113/res/sound_res/0/", "name": "DOUBLE_4.wav", "md5": "fefaf84322945d65ac21c46dc0b07a0f"}, 
{"path": "113/res/sound_res/0/", "name": "DOUBLE_5.wav", "md5": "b56607408de5bf890a338561f2417904"}, 
{"path": "113/res/sound_res/0/", "name": "DOUBLE_6.wav", "md5": "062a66c348cf1c4b7f7d095ca11d3bf9"}, 
{"path": "113/res/sound_res/0/", "name": "DOUBLE_7.wav", "md5": "496951d85e2a97a03586a7c00f38cce6"}, 
{"path": "113/res/sound_res/0/", "name": "DOUBLE_8.wav", "md5": "9315d19f8cf5baa0bea8dc5d38b24989"}, 
{"path": "113/res/sound_res/0/", "name": "DOUBLE_9.wav", "md5": "6db1b30f1063f74698c5ce7f9e1ea569"}, 
{"path": "113/res/sound_res/0/", "name": "DOUBLE_LINE.wav", "md5": "08bc1a6315c9c3578d213166d179988c"}, 
{"path": "113/res/sound_res/0/", "name": "fourAndThree.mp3", "md5": "afd9036397fdfe1cb89a1cc725f71a5d"}, 
{"path": "113/res/sound_res/0/", "name": "onlyOne.mp3", "md5": "ebf9b8189d021852aa4299fd1b46c592"}, 
{"path": "113/res/sound_res/0/", "name": "pass3.mp3", "md5": "93afc12e7c04374573e57501dfe618f8"}, 
{"path": "113/res/sound_res/0/", "name": "SINGLE_1.wav", "md5": "0982c80aad3d9a73a5a9e9c2dc053246"}, 
{"path": "113/res/sound_res/0/", "name": "SINGLE_10.wav", "md5": "a6bcc6b80fce4ed8a730a0e128018edf"}, 
{"path": "113/res/sound_res/0/", "name": "SINGLE_11.wav", "md5": "41fb6df6863b233c513ffff5e8018a41"}, 
{"path": "113/res/sound_res/0/", "name": "SINGLE_12.wav", "md5": "d04d30b827b9df15764cee5f4c1d37a7"}, 
{"path": "113/res/sound_res/0/", "name": "SINGLE_13.wav", "md5": "379ac094d3a615be81ec467751f02990"}, 
{"path": "113/res/sound_res/0/", "name": "SINGLE_2.wav", "md5": "1e0b62c37c89206d453fb9fa66bbde5f"}, 
{"path": "113/res/sound_res/0/", "name": "SINGLE_3.wav", "md5": "18687da666e99876bfe54a65aeef9943"}, 
{"path": "113/res/sound_res/0/", "name": "SINGLE_4.wav", "md5": "dad4adc645c525e505e10e3e9a1a7601"}, 
{"path": "113/res/sound_res/0/", "name": "SINGLE_5.wav", "md5": "5b67ad5ff434fa800e7fbe1f5448d8b9"}, 
{"path": "113/res/sound_res/0/", "name": "SINGLE_6.wav", "md5": "f0350b1acce19f11417d8226d438e6e6"}, 
{"path": "113/res/sound_res/0/", "name": "SINGLE_7.wav", "md5": "70c36e70c4b94fb1ac3fd79e8278ac66"}, 
{"path": "113/res/sound_res/0/", "name": "SINGLE_8.wav", "md5": "a99dac7b99e7628a196963e3879c49cf"}, 
{"path": "113/res/sound_res/0/", "name": "SINGLE_9.wav", "md5": "7cc74972acb0a5eb28d0aea823bf3e99"}, 
{"path": "113/res/sound_res/0/", "name": "SINGLE_LINE.wav", "md5": "24ae5e56c3fd4e572e7579458c1dd8ef"}, 
{"path": "113/res/sound_res/0/", "name": "THREE.wav", "md5": "f05191c8bad01705c286a8ccebcdfded"}, 
{"path": "113/res/sound_res/0/", "name": "threeAndTwo.mp3", "md5": "b8e5444e273a56d200188c43485a87c1"}, 
{"path": "113/res/sound_res/0/", "name": "THREE_LINE.wav", "md5": "0bff6f4f9d71b13c23005392fd33473d"}, 
{"path": "113/res/sound_res/0/", "name": "THREE_ONE_LINE.wav", "md5": "d8aa5fa183018715cb6a6b479bfb7136"}, 
{"path": "113/res/sound_res/0/", "name": "THREE_TAKE_ONE.wav", "md5": "4eaffc860804695504f18c443dad9bfe"}, 
{"path": "113/res/sound_res/0/", "name": "THREE_TAKE_TWO.wav", "md5": "3da5574ac08e347bd9fdf6980c751cc6"}, 
{"path": "113/res/sound_res/1/", "name": "BOMB_CARD.wav", "md5": "cd65265367881585309b9469c9945797"}, 
{"path": "113/res/sound_res/1/", "name": "DOUBLE.wav", "md5": "08a7f6ed41e3c132291bcae0748c625d"}, 
{"path": "113/res/sound_res/1/", "name": "DOUBLE_1.wav", "md5": "9d85f963d303961c7748937cddca60b9"}, 
{"path": "113/res/sound_res/1/", "name": "DOUBLE_10.wav", "md5": "5a4cab97976bb64752953e30aa065421"}, 
{"path": "113/res/sound_res/1/", "name": "DOUBLE_11.wav", "md5": "d169c8a8505455f5fbf80bcb9ae5336b"}, 
{"path": "113/res/sound_res/1/", "name": "DOUBLE_12.wav", "md5": "6c8e32777520d594312ddf011fc234a5"}, 
{"path": "113/res/sound_res/1/", "name": "DOUBLE_13.wav", "md5": "9eeac83e30a449b29841aa2e39fee2fd"}, 
{"path": "113/res/sound_res/1/", "name": "DOUBLE_2.wav", "md5": "b8c3dd6d0db20243812cb5f7707e517d"}, 
{"path": "113/res/sound_res/1/", "name": "DOUBLE_3.wav", "md5": "10577556e0767e0022a33c33beef0981"}, 
{"path": "113/res/sound_res/1/", "name": "DOUBLE_4.wav", "md5": "5e916515f56ec654e3b834670bfa7b3b"}, 
{"path": "113/res/sound_res/1/", "name": "DOUBLE_5.wav", "md5": "86cb42da69c1f77496fc9696d170bced"}, 
{"path": "113/res/sound_res/1/", "name": "DOUBLE_6.wav", "md5": "67f7b445f1dc01049f33800746ebeaa8"}, 
{"path": "113/res/sound_res/1/", "name": "DOUBLE_7.wav", "md5": "0c472ba39f68369d526622d38875091b"}, 
{"path": "113/res/sound_res/1/", "name": "DOUBLE_8.wav", "md5": "fec7f1916fb6e823e622a82111be8764"}, 
{"path": "113/res/sound_res/1/", "name": "DOUBLE_9.wav", "md5": "d19b2a83b10860adbbab9ae660797b92"}, 
{"path": "113/res/sound_res/1/", "name": "DOUBLE_LINE.wav", "md5": "3f08791dede4f327c33d5f49796d4dde"}, 
{"path": "113/res/sound_res/1/", "name": "fourAndThree.mp3", "md5": "fd29b069b5c86a90ab39ac8a86894bfb"}, 
{"path": "113/res/sound_res/1/", "name": "onlyOne.mp3", "md5": "8c67ca0c01548e31b687b0b9feece089"}, 
{"path": "113/res/sound_res/1/", "name": "pass3.mp3", "md5": "a97fa7d8d43cda8e38368342be7ee24a"}, 
{"path": "113/res/sound_res/1/", "name": "SINGLE_1.wav", "md5": "81b9fa361511d3379db250b2031bfaf1"}, 
{"path": "113/res/sound_res/1/", "name": "SINGLE_10.wav", "md5": "928fbdccb4dc1bff399bd5a42271ecbd"}, 
{"path": "113/res/sound_res/1/", "name": "SINGLE_11.wav", "md5": "f3048cfba4ae4e0c472277f8f3b4b4a5"}, 
{"path": "113/res/sound_res/1/", "name": "SINGLE_12.wav", "md5": "ea9640943c396c7fe56e476a56513bd9"}, 
{"path": "113/res/sound_res/1/", "name": "SINGLE_13.wav", "md5": "d261712977e85d31c24e3cf6cb22f0a6"}, 
{"path": "113/res/sound_res/1/", "name": "SINGLE_2.wav", "md5": "609863b14c2a499c7f244e76464ec810"}, 
{"path": "113/res/sound_res/1/", "name": "SINGLE_3.wav", "md5": "1e2ef0ddcb18c570ae8460acabbccae3"}, 
{"path": "113/res/sound_res/1/", "name": "SINGLE_4.wav", "md5": "95131298e9f3ab34e125892bbb25ff9e"}, 
{"path": "113/res/sound_res/1/", "name": "SINGLE_5.wav", "md5": "9c2e603c7d72620357af8d8ecc45db7c"}, 
{"path": "113/res/sound_res/1/", "name": "SINGLE_6.wav", "md5": "62ce2dd7af81fb88a818043787b5b835"}, 
{"path": "113/res/sound_res/1/", "name": "SINGLE_7.wav", "md5": "14183ef4524e495aa3230c867e6f41ec"}, 
{"path": "113/res/sound_res/1/", "name": "SINGLE_8.wav", "md5": "aef1c6600ae04c82ea032f87484433ab"}, 
{"path": "113/res/sound_res/1/", "name": "SINGLE_9.wav", "md5": "e097e0e40b576c5c276a3522f5de19b1"}, 
{"path": "113/res/sound_res/1/", "name": "SINGLE_LINE.wav", "md5": "bfcf021720e62b6e92cfeba5640d2744"}, 
{"path": "113/res/sound_res/1/", "name": "THREE.wav", "md5": "0cdc7da43ba00a7ff648ab8e78d34808"}, 
{"path": "113/res/sound_res/1/", "name": "threeAndTwo.mp3", "md5": "87041d47f4e2f9eacd87da31ff0b4d04"}, 
{"path": "113/res/sound_res/1/", "name": "THREE_LINE.wav", "md5": "68d7f750465e9b6d1d535849a219e699"}, 
{"path": "113/res/sound_res/1/", "name": "THREE_ONE_LINE.wav", "md5": "5d9871179d43ea25f03b407ee6722846"}, 
{"path": "113/res/sound_res/1/", "name": "THREE_TAKE_ONE.wav", "md5": "0f3d7b3b6fa04615c09b966754f2a728"}, 
{"path": "113/res/sound_res/1/", "name": "THREE_TAKE_TWO.wav", "md5": "68663bc2a83007c440f8a97bdf06a155"}, 
{"path": "113/res/sound_res/", "name": "background.wav", "md5": "305d43cf5b927a6df71b853eb3a970f8"}, 
{"path": "113/res/sound_res/", "name": "common_alert.mp3", "md5": "7ee7b72c8ccfe863a629d33f9cae8c70"}, 
{"path": "113/res/sound_res/", "name": "GAME_END.WAV", "md5": "9f73080c575ad208af1c31800d56f26b"}, 
{"path": "113/res/sound_res/", "name": "GAME_LOST.wav", "md5": "63931a127e1ffb60300bf1642197e41e"}, 
{"path": "113/res/sound_res/", "name": "GAME_START.WAV", "md5": "0c80e62b6c93f8e0fe9e6c23ad276661"}, 
{"path": "113/res/sound_res/", "name": "GAME_WARN.WAV", "md5": "10aca0de9b6b86feb51208cddab2043a"}, 
{"path": "113/res/sound_res/", "name": "GAME_WIN.wav", "md5": "7cc28fda98235c75b8bf972c97badd5c"}, 
{"path": "113/res/sound_res/", "name": "OUT_CARD.wav", "md5": "b81338369ed5cacb23c17c83e4508773"}, 
{"path": "113/res/sound_res/", "name": "sendcard.mp3", "md5": "ce248a99e9b502582fbbd6c3eba27126"}, 
{"path": "113/res/sound_res/", "name": "xuanpai.mp3", "md5": "4d89349867406d0d84c4b6c61d990dd7"}, 
{"path": "113/res/uicsd/", "name": "GameLayer.csb", "md5": "866573026273a098dc956e69c81af3b2"}, 
{"path": "113/res/uicsd/", "name": "GameRoleItem.csb", "md5": "dfc478b9b2461837d63bc4ac394caf94"}, 
{"path": "113/res/uicsd/", "name": "resultlayer.csb", "md5": "3642b6f89b893a05f762505f082ce990"}, 
{"path": "113/src/models/", "name": "CMD_Game.luac", "md5": "d73d01f0809da63defa5b72de0184d32"}, 
{"path": "113/src/models/", "name": "GameLogic.luac", "md5": "6764638b1d79978782f8f48342f4058c"}, 
{"path": "113/src/models/", "name": "Poker.luac", "md5": "6011545c4641e25930b284b31e81ea05"}, 
{"path": "113/src/views/", "name": "GameLayer.luac", "md5": "bc880d5783b6b0d0f8917bcc58f8e193"}, 
{"path": "113/src/views/", "name": "GameRoomLayer.luac", "md5": "b40e03c4e740a9ef9e4d792b115cc865"}, 
{"path": "113/src/views/layer/gamecard/", "name": "CardsNode.luac", "md5": "001a65bb76bffbc0227e61efc799ab09"}, 
{"path": "113/src/views/layer/gamecard/", "name": "CardSprite.luac", "md5": "70911f510a2ec1b5ce6008e564ccfd82"}, 
{"path": "113/src/views/layer/", "name": "GameRoleItem.luac", "md5": "fa19439b9923666a9bc3ab98785eabad"}, 
{"path": "113/src/views/layer/", "name": "GameViewLayer.luac", "md5": "2c9c93c6390e8974b6f0092efc98dc4b"}, 
{"path": "113/src/views/layer/", "name": "HandCardLayer.luac", "md5": "0951c362d12ecda6fc4824ea09833c38"}, 
{"path": "113/src/views/layer/", "name": "ResultLayer.luac", "md5": "f0d6925a3d9357a0a7f0d5274ac6663a"}, 
{"path": "113/src/views/layer/", "name": "RuleLayer.luac", "md5": "de436cfa3d3d3b5fade79ba69be3b569"}, 
{"path": "113/src/views/", "name": "RoomView.luac", "md5": "e40aeb9c3cbcdbeef7ae630da74240b4"}, 
{"allcount": 216}]}