{ "listdata": [{"path": "101/res/animation/BP/", "name": "BP.csb", "md5": "1bc2558b27fa9127d9e97ffa9f653a0b"}, 
{"path": "101/res/animation/BP/", "name": "BP.ExportJson", "md5": "0ce3b86fdbdfbb2395c3696cdbd57dc6"}, 
{"path": "101/res/animation/BP/", "name": "BP0.plist", "md5": "56c15747b0a6dfabc0fb2d60eed52ba3"}, 
{"path": "101/res/animation/BP/", "name": "BP0.png", "md5": "a4abe99c6dc9dd5780b0831e1677757a"}, 
{"path": "101/res/animation/CP/", "name": "CP.csb", "md5": "427defc9902a668bc3af54159111051f"}, 
{"path": "101/res/animation/CP/", "name": "CP.ExportJson", "md5": "d80dc15efe187e5ae6f64f55c4e944df"}, 
{"path": "101/res/animation/CP/", "name": "CP0.plist", "md5": "305f6f9716a6ec372f2866b31dd4a6c3"}, 
{"path": "101/res/animation/CP/", "name": "CP0.png", "md5": "574bffdbd604b6b8ff8a7a1f1ec07280"}, 
{"path": "101/res/animation/LK/", "name": "LK.csb", "md5": "de07505491a9cca16709162983525390"}, 
{"path": "101/res/animation/LK/", "name": "LK.ExportJson", "md5": "a79d72b3ab64d62a1b75759bb89a0f2e"}, 
{"path": "101/res/animation/LK/", "name": "LK0.plist", "md5": "6efeb2d172291692ace58463173c16f5"}, 
{"path": "101/res/animation/LK/", "name": "LK0.png", "md5": "31aa249b42930f7300ed5c53fdeea769"}, 
{"path": "101/res/animation/LK/", "name": "LK_lizi.plist", "md5": "130b55f84975070d872c0c342f499fa0"}, 
{"path": "101/res/animation/QY/", "name": "QY.csb", "md5": "fd60e8332274e3da8dcfd4e353234690"}, 
{"path": "101/res/animation/QY/", "name": "QY.ExportJson", "md5": "d05563ddda223aecb9b5280b38dd673e"}, 
{"path": "101/res/animation/QY/", "name": "QY0.plist", "md5": "78b3100f033435b52707ab5668644003"}, 
{"path": "101/res/animation/QY/", "name": "QY0.png", "md5": "6da7d239106506cc2f24bf3f6b9f1754"}, 
{"path": "101/res/animation/startbetting/", "name": "bairenniuniu_kaishixiazhu.ExportJson", "md5": "de5be1c19c0d6f87424d2126d0c643e7"}, 
{"path": "101/res/animation/startbetting/", "name": "bairenniuniu_kaishixiazhu0.plist", "md5": "9652ee2d0d3b99e03f8f8627737c1b6e"}, 
{"path": "101/res/animation/startbetting/", "name": "bairenniuniu_kaishixiazhu0.png", "md5": "ffac2d2c94c09f5f34968076b1930058"}, 
{"path": "101/res/animation/startgame/", "name": "qiangzhuangniuniu_kaishi.ExportJson", "md5": "fb0900248cdaf6963137a360ac5e74de"}, 
{"path": "101/res/animation/startgame/", "name": "qiangzhuangniuniu_kaishi0.plist", "md5": "567ef4c11f2c17f8b53999ed4a888b7a"}, 
{"path": "101/res/animation/startgame/", "name": "qiangzhuangniuniu_kaishi0.png", "md5": "b2b5072dfc5041d1935003be988d66e6"}, 
{"path": "101/res/animation/VS/", "name": "VS.csb", "md5": "b74ddda077a377fc07ea5027cd0fef03"}, 
{"path": "101/res/animation/VS/", "name": "VS.ExportJson", "md5": "7cbbf918781ad9995a909ffd5593803c"}, 
{"path": "101/res/animation/VS/", "name": "VS0.plist", "md5": "82bd886150788f8a80fe26346675d49a"}, 
{"path": "101/res/animation/VS/", "name": "VS0.png", "md5": "665a3be28c1393d9a69885ac4ffc01ed"}, 
{"path": "101/res/animation/VS/", "name": "VS1.plist", "md5": "a69ae776ab183fa4f56da4d88f30e1dc"}, 
{"path": "101/res/animation/VS/", "name": "VS1.png", "md5": "d96ff49c0e797c0090815997110a1613"}, 
{"path": "101/res/animation/VS/", "name": "VS2.plist", "md5": "a65b1ca9775f329e2f1ae3172a61be38"}, 
{"path": "101/res/animation/VS/", "name": "VS2.png", "md5": "4d409e74cb754607fd280b8babb32fb8"}, 
{"path": "101/res/animation/WIIN/", "name": "WIIN.csb", "md5": "707239b01d54c6a1485fd086d6b7787d"}, 
{"path": "101/res/animation/WIIN/", "name": "WIIN.ExportJson", "md5": "607064a6d516326c85dfe0028c46ceff"}, 
{"path": "101/res/animation/WIIN/", "name": "WIIN0.plist", "md5": "6b057dedb90d8056eb82b6ee342a457e"}, 
{"path": "101/res/animation/WIIN/", "name": "WIIN0.png", "md5": "9ffbeb554e67848f5ad8154bbf7fd573"}, 
{"path": "101/res/animation/WIIN/", "name": "WIIN1.plist", "md5": "3ab9abf5ae69b7c878a8a2cb663773e2"}, 
{"path": "101/res/animation/WIIN/", "name": "WIIN1.png", "md5": "7a432d56cdc8d1bb78340e5fabc6bdd7"}, 
{"path": "101/res/animation/zhajihua_niyinle/", "name": "zhajihua_niyinle.ExportJson", "md5": "b1757e53a7a35f329af8f7eed3697c67"}, 
{"path": "101/res/animation/zhajihua_niyinle/", "name": "zhajihua_niyinle0.plist", "md5": "f2ba75081e6a58e28ccb432ab2392e35"}, 
{"path": "101/res/animation/zhajihua_niyinle/", "name": "zhajihua_niyinle0.png", "md5": "b98b30afae010d662cda91c36fe03357"}, 
{"path": "101/res/animation/zhajinhua_bipaihuosheng/", "name": "zhajinhua_bipaihuosheng.ExportJson", "md5": "9df72d872638960ccb6fcfeca4f0187b"}, 
{"path": "101/res/animation/zhajinhua_bipaihuosheng/", "name": "zhajinhua_bipaihuosheng0.plist", "md5": "6fce86d15210f2ad2988d56eee039554"}, 
{"path": "101/res/animation/zhajinhua_bipaihuosheng/", "name": "zhajinhua_bipaihuosheng0.png", "md5": "a7638fa7dfdbf07ca3c9f1d39da2fa5e"}, 
{"path": "101/res/", "name": "banker_icon.png", "md5": "3a101a5aac04a4c0f691078df6965002"}, 
{"path": "101/res/", "name": "bet_chip.plist", "md5": "bc47dc4f13b43e5e9969af9a8f443561"}, 
{"path": "101/res/", "name": "bet_chip.png", "md5": "95c12459b665eaabc84200a02c5154c5"}, 
{"path": "101/res/", "name": "blue_btn.png", "md5": "4ac3be50259b4a9f67bbce2d301a7910"}, 
{"path": "101/res/", "name": "blue_btn2.png", "md5": "4e62d380b8378260623a0cc6cab6996a"}, 
{"path": "101/res/", "name": "card_type_0.png", "md5": "4544b955c551242a769f4e126e754571"}, 
{"path": "101/res/", "name": "card_type_1.png", "md5": "c6fcab638715b5f26ea30918b26f74c9"}, 
{"path": "101/res/", "name": "card_type_2.png", "md5": "70d040892bff7fff2d4d253222906287"}, 
{"path": "101/res/", "name": "card_type_3.png", "md5": "d643dc259ec76d46e23ad897afea9c38"}, 
{"path": "101/res/", "name": "card_type_4.png", "md5": "3ccdfcb6976a05e98f9b24dace22fd58"}, 
{"path": "101/res/", "name": "card_type_5.png", "md5": "3c8283bc7fadb76fdadae8e42b172296"}, 
{"path": "101/res/", "name": "cmp_lose.png", "md5": "d08d82885c09c84839dc28f689c8e424"}, 
{"path": "101/res/Default/", "name": "Button_Disable.png", "md5": "fa79821349dd686f516187283bc2fb8c"}, 
{"path": "101/res/Default/", "name": "CheckBox_Disable.png", "md5": "940e6105cf619f5eba6cc190774b66f9"}, 
{"path": "101/res/", "name": "desk.png", "md5": "91080d2614eff3a73a73dc4aa66ae554"}, 
{"path": "101/res/", "name": "fanhui.png", "md5": "18b1d62185b63dbadae556c16014e9b4"}, 
{"path": "101/res/", "name": "fanhui1.png", "md5": "865d359c814ef333ed3534b159543c1b"}, 
{"path": "101/res/", "name": "followall_btn.png", "md5": "7ed198a512540e12d169cb19ed07cfbe"}, 
{"path": "101/res/", "name": "followall_btn2.png", "md5": "69566b021eef5405f4f922bbb7b70371"}, 
{"path": "101/res/", "name": "followall_off.png", "md5": "2f9135b639fb068c76fa04aed2870dff"}, 
{"path": "101/res/", "name": "followall_on.png", "md5": "c5e871b665dfe12114ddc2e0ce379e5d"}, 
{"path": "101/res/gamerule/", "name": "gamename.png", "md5": "6a19cd23992794126457966327add164"}, 
{"path": "101/res/gamerule/", "name": "gamerule.png", "md5": "a740cd547b761674b46ce80ea3199503"}, 
{"path": "101/res/", "name": "game_desk.png", "md5": "3fc8dbb7d5400726778cdafd52b2886b"}, 
{"path": "101/res/", "name": "game_time_progress.png", "md5": "7f98334742998408ada0f6f18a93ad0d"}, 
{"path": "101/res/", "name": "giveup_btn.png", "md5": "c5154b41e51b275afa91ac04cfb73f4a"}, 
{"path": "101/res/", "name": "giveup_btn2.png", "md5": "9c45e174e74128c28d11225bf602501f"}, 
{"path": "101/res/", "name": "green_btn.png", "md5": "ab3dab56e6167fef5f884de5bbda2c30"}, 
{"path": "101/res/", "name": "green_btn2.png", "md5": "4026275b0156039793d4cb5ff1080570"}, 
{"path": "101/res/", "name": "headfram.png", "md5": "c0cb1c71af2c45afb81d852ab8323a51"}, 
{"path": "101/res/image/", "name": "shuzi3.png", "md5": "7ba97f0fcd26c3ae4d62cf296669901c"}, 
{"path": "101/res/image/", "name": "shuzi4.png", "md5": "78a584ddf31be616e903783e466cf22f"}, 
{"path": "101/res/image/", "name": "ui_lose_count.png", "md5": "385d81b34f093f13be79d197b0f170ac"}, 
{"path": "101/res/image/", "name": "ui_win_count.png", "md5": "64f87082964f0e0dc2e522ba6df32737"}, 
{"path": "101/res/", "name": "jinyin.png", "md5": "d4eaa10e979e0499e3a06ba25e800c20"}, 
{"path": "101/res/", "name": "jinyin1.png", "md5": "1837778b866603f886777970efca384f"}, 
{"path": "101/res/", "name": "laba.png", "md5": "0b110784145b18c274aa57f3b3f6e239"}, 
{"path": "101/res/", "name": "lab_allin.png", "md5": "51f82f4a61c837cd702ccba817c463b9"}, 
{"path": "101/res/", "name": "lab_belook.png", "md5": "c499fd0d788b3faeb2eb7db049cf5ac7"}, 
{"path": "101/res/", "name": "lab_bg.png", "md5": "a62a0bdb929b303020b9b8d127e6a6c6"}, 
{"path": "101/res/", "name": "lab_compare.png", "md5": "894fb9c41744291aa3f47d591562fea7"}, 
{"path": "101/res/", "name": "lab_failed.png", "md5": "6c6ddd1ee857281caf417bb23e3a310a"}, 
{"path": "101/res/", "name": "lab_follow.png", "md5": "e055fcfe6b57162b5a27fef0b1c94d33"}, 
{"path": "101/res/", "name": "lab_giveup.png", "md5": "33f8e66bef031190fed4a7d7c247bbd6"}, 
{"path": "101/res/", "name": "lab_look.png", "md5": "0213c3df0b5b7f82fc1461fb193e60f2"}, 
{"path": "101/res/", "name": "lose_img.png", "md5": "ef4073088bac12542345561ddfc25662"}, 
{"path": "101/res/", "name": "lose_left.png", "md5": "f663f8dcd0efecd64a1ea0c38be6a423"}, 
{"path": "101/res/", "name": "lose_right.png", "md5": "0c4e8348d102814a67c527c7b2275983"}, 
{"path": "101/res/", "name": "menubg.png", "md5": "a488f8fd9e5775b12adda2ed9a888ec5"}, 
{"path": "101/res/", "name": "player_vm_bg.png", "md5": "d9abb2bf1136eb48561c2b5c3125ea4b"}, 
{"path": "101/res/", "name": "poker.plist", "md5": "326cf5243d7ab73c4eb12c0378023c89"}, 
{"path": "101/res/", "name": "poker.png", "md5": "2a3e5bb04f4917eff2976d0d2227f82e"}, 
{"path": "101/res/roomlist/", "name": "level_1.png", "md5": "1d1c016a8e8dfb999d1b0ffcce29d5e8"}, 
{"path": "101/res/roomlist/", "name": "level_2.png", "md5": "dfc36b50b33a5055db0ce9e21325d9ac"}, 
{"path": "101/res/roomlist/", "name": "level_3.png", "md5": "eb77de6f8a4dbabbf359508f28a3d73a"}, 
{"path": "101/res/roomlist/", "name": "level_4.png", "md5": "092c56482bd9a2e2f6f60c2cb6e47ad4"}, 
{"path": "101/res/", "name": "score_bg.png", "md5": "d4eec522a540092ea1a3a3ecb638a99b"}, 
{"path": "101/res/", "name": "showcard.png", "md5": "d9abb2bf1136eb48561c2b5c3125ea4b"}, 
{"path": "101/res/", "name": "showcard_btn.png", "md5": "8d440d4b175db5d2c311211d29b47827"}, 
{"path": "101/res/sound_res/0/", "name": "addmoney1.mp3", "md5": "43ba414d5ba5941bac5a92a5f4cb23d5"}, 
{"path": "101/res/sound_res/0/", "name": "addmoney2.mp3", "md5": "ac6644110415ed92171713889ff286c7"}, 
{"path": "101/res/sound_res/0/", "name": "addmoney3.mp3", "md5": "aa6a0f9d21a24b9eb0282184355660d0"}, 
{"path": "101/res/sound_res/0/", "name": "addmoney4.mp3", "md5": "357693f609517ce93afefcc2a2cf0594"}, 
{"path": "101/res/sound_res/0/", "name": "addmoney5.mp3", "md5": "8541e2590d91094b1d7d87620f6d45ba"}, 
{"path": "101/res/sound_res/0/", "name": "bipai_voice1.mp3", "md5": "04c1ccc6c39a78b8a0bf9b8bf8803897"}, 
{"path": "101/res/sound_res/0/", "name": "bipai_voice2.mp3", "md5": "f62f5922e71b5ef040b0c43cb8d716f0"}, 
{"path": "101/res/sound_res/0/", "name": "bipai_voice3.mp3", "md5": "fa6b8fa54f5fd73dd7e9911be90ba2ac"}, 
{"path": "101/res/sound_res/0/", "name": "bipai_voice4.mp3", "md5": "2f6ebccc534c278ea9eebca5a8f29dc0"}, 
{"path": "101/res/sound_res/0/", "name": "genzhu_voice1.mp3", "md5": "4f6ee5d387b993769f6578f61fcc9b10"}, 
{"path": "101/res/sound_res/0/", "name": "genzhu_voice2.mp3", "md5": "417121f113bf83d37e9cc891232b6d0a"}, 
{"path": "101/res/sound_res/0/", "name": "genzhu_voice3.mp3", "md5": "aed5280c85be5dc6865dc1a809175127"}, 
{"path": "101/res/sound_res/0/", "name": "genzhu_voice4.mp3", "md5": "916c8617a1449c1408110b546d5d71c1"}, 
{"path": "101/res/sound_res/0/", "name": "genzhu_voice5.mp3", "md5": "9527e65c832d32630c4c665eb787a103"}, 
{"path": "101/res/sound_res/0/", "name": "giveup_voice1.mp3", "md5": "8c8a5d84cf5e08b738f6b81cf261e5e8"}, 
{"path": "101/res/sound_res/0/", "name": "giveup_voice2.mp3", "md5": "9c800cd69c10da37de2b09b1807c1f10"}, 
{"path": "101/res/sound_res/0/", "name": "giveup_voice3.mp3", "md5": "36675a0e2b81bab15d8954ae7228c383"}, 
{"path": "101/res/sound_res/0/", "name": "giveup_voice4.mp3", "md5": "81ceec6676bfd04db6eb743202a11340"}, 
{"path": "101/res/sound_res/0/", "name": "giveup_voice5.mp3", "md5": "4b8ad0b77bb0f1c4c8a0e15052e20fb5"}, 
{"path": "101/res/sound_res/0/", "name": "lookcard1.mp3", "md5": "1e930e5df468edab08710cf6d017e78b"}, 
{"path": "101/res/sound_res/0/", "name": "lookcard2.mp3", "md5": "4f3f4134fc40e18171bc01eac1b10229"}, 
{"path": "101/res/sound_res/0/", "name": "lookcard3.mp3", "md5": "415f3b9bb3b4f657e0eb25f7dc46ef99"}, 
{"path": "101/res/sound_res/1/", "name": "addmoney1.mp3", "md5": "b24b82e246c191c7104c638238cc589c"}, 
{"path": "101/res/sound_res/1/", "name": "addmoney2.mp3", "md5": "d242c7e0bb9a6a16a21a9b836dd2906e"}, 
{"path": "101/res/sound_res/1/", "name": "addmoney3.mp3", "md5": "4af9ad092f2173c787e486bf67b78ebf"}, 
{"path": "101/res/sound_res/1/", "name": "bipai_voice1.mp3", "md5": "c0fe7e48d7c2e06bc508c8cc97195f25"}, 
{"path": "101/res/sound_res/1/", "name": "bipai_voice2.mp3", "md5": "0be98c3a85d19c0069ec3275fac8818d"}, 
{"path": "101/res/sound_res/1/", "name": "bipai_voice3.mp3", "md5": "26516d7fe2fa23e6f1b6a519a3bebecc"}, 
{"path": "101/res/sound_res/1/", "name": "genzhu_voice1.mp3", "md5": "2487cc2151ec86464771a7ea0c26e6cc"}, 
{"path": "101/res/sound_res/1/", "name": "genzhu_voice2.mp3", "md5": "29e514b2997483dc1650375ef3a4081c"}, 
{"path": "101/res/sound_res/1/", "name": "genzhu_voice3.mp3", "md5": "5c4b1bd41e159af99cb3f8458e4a75e9"}, 
{"path": "101/res/sound_res/1/", "name": "giveup_voice1.mp3", "md5": "5e8cc5f0072a7cb33ba6b0655c67b50d"}, 
{"path": "101/res/sound_res/1/", "name": "giveup_voice2.mp3", "md5": "fe4a79cf08422b8b3f88f0b1ee7b8555"}, 
{"path": "101/res/sound_res/1/", "name": "giveup_voice3.mp3", "md5": "a0ac764acc7bbeb29e80e21c64bf7173"}, 
{"path": "101/res/sound_res/1/", "name": "lookcard1.mp3", "md5": "46583100ad2320904cc8e96bdc296ad2"}, 
{"path": "101/res/sound_res/1/", "name": "lookcard2.mp3", "md5": "8dd41a63c68f067ee12af72351a48dcf"}, 
{"path": "101/res/sound_res/1/", "name": "lookcard3.mp3", "md5": "04970e727848d32adeade645a128f4e3"}, 
{"path": "101/res/sound_res/", "name": "allopencard.mp3", "md5": "ac60f3fd19fbd98644995f35d4dfc44e"}, 
{"path": "101/res/sound_res/", "name": "background.mp3", "md5": "47071aade964ec2b1223fb7489cfdc4c"}, 
{"path": "101/res/sound_res/", "name": "beganGame.mp3", "md5": "2bbd371c3ad486016226a9910d9bc2df"}, 
{"path": "101/res/sound_res/", "name": "bipai.mp3", "md5": "1792831e15650647d78264389ef7caf2"}, 
{"path": "101/res/sound_res/", "name": "bplk.mp3", "md5": "b8007c758276ebdcb455f9b138d68ab3"}, 
{"path": "101/res/sound_res/", "name": "genzhu.mp3", "md5": "e7b495d78642c66ad8486969612f757c"}, 
{"path": "101/res/sound_res/", "name": "giveup.mp3", "md5": "02d8389d1f305f45edf8dcd2181bbb31"}, 
{"path": "101/res/sound_res/", "name": "quanya.mp3", "md5": "dace93a0ed63762ad974aa48b43fe263"}, 
{"path": "101/res/sound_res/", "name": "quanyabg.mp3", "md5": "c325b1a4fef4581f452db7f3616d0a7c"}, 
{"path": "101/res/sound_res/", "name": "remaning.mp3", "md5": "d70156a68035d3adbdc442ad321a5830"}, 
{"path": "101/res/sound_res/", "name": "SEND_CARD.mp3", "md5": "ce248a99e9b502582fbbd6c3eba27126"}, 
{"path": "101/res/sound_res/", "name": "win.mp3", "md5": "3229e156902697e4a9c15b9f7d2a8357"}, 
{"path": "101/res/", "name": "tip_add.png", "md5": "0111d8679848a71af51b1b101404c5ea"}, 
{"path": "101/res/", "name": "tip_all.png", "md5": "a284a47ea1670e4c439fc920818840a6"}, 
{"path": "101/res/", "name": "tip_bg_left.png", "md5": "c4af1996caa2c410f4975c7098c74f03"}, 
{"path": "101/res/", "name": "tip_bg_left_gra.png", "md5": "c8ac65011e01ca1fa8e7578c43effe53"}, 
{"path": "101/res/", "name": "tip_bg_right.png", "md5": "59be769af259a5ba8147be634d8fe47d"}, 
{"path": "101/res/", "name": "tip_bg_right_gra.png", "md5": "5b64106cced5057fe9f85d98964f34aa"}, 
{"path": "101/res/", "name": "tip_compare.png", "md5": "4c1605181906194835c8c3a04f875c7e"}, 
{"path": "101/res/", "name": "tip_follow.png", "md5": "542daf3db4e07534887b76bc209e15dd"}, 
{"path": "101/res/", "name": "tip_giveup.png", "md5": "6ff6be5f5ea1103c948db782778889d7"}, 
{"path": "101/res/", "name": "tip_lookcard.png", "md5": "9f4465db3affc19bf1df6b7af6c52d4a"}, 
{"path": "101/res/", "name": "totalccount.png", "md5": "b3e86fcd9f2e85cf7a8cfef6877b1b0a"}, 
{"path": "101/res/", "name": "totalcount_bg.png", "md5": "40dc85e205cac8152ef0e73a05ceaa91"}, 
{"path": "101/res/", "name": "touxiankuang1.png", "md5": "c8c76efb33d31533fe324d49004f93be"}, 
{"path": "101/res/", "name": "ui_win_or_lose_count.png", "md5": "8797a87bd08a99d8ea2289746a075c64"}, 
{"path": "101/res/", "name": "wait_nex_gamet.png", "md5": "013e374581198e5984c3ad924a478a16"}, 
{"path": "101/res/", "name": "wait_others.png", "md5": "e2e248ea143693de94e22502bd2b8fa9"}, 
{"path": "101/res/", "name": "wait_seat.png", "md5": "7235fca7da0a129484a619e2e888d576"}, 
{"path": "101/res/", "name": "wenhao.png", "md5": "43479b50e63b956776eec7ec5038c06d"}, 
{"path": "101/res/", "name": "wenhao1.png", "md5": "55178b43f79544602e5de098bfa8f2ae"}, 
{"path": "101/res/", "name": "will_start_game.png", "md5": "bcec9a2399a88f0fa35d81e1a1a7b71f"}, 
{"path": "101/res/", "name": "yellow_btn.png", "md5": "86361e5a38067a67bfc214fa9764ca96"}, 
{"path": "101/res/", "name": "yellow_btn2.png", "md5": "e6ac4bee034d5cf9e0755d27288289c7"}, 
{"path": "101/res/", "name": "yinliang.png", "md5": "0708390e1bb703bab6ca4fa779c7dfbd"}, 
{"path": "101/res/", "name": "yinliang1.png", "md5": "6f767f3d0b8c904b9d0645043bd912d2"}, 
{"path": "101/res/", "name": "zjh_scene.csb", "md5": "5ed89779285ee036c719bbd2fb863a6b"}, 
{"path": "101/src/models/", "name": "CMD_Game.luac", "md5": "dc6318c54e24eb7437d45d9b7deaae10"}, 
{"path": "101/src/models/", "name": "GameLogic.luac", "md5": "3a3e3b1937889d69afa37dc4c73b3792"}, 
{"path": "101/src/models/", "name": "Poker.luac", "md5": "6cddede0f03fcae0a433e0c0de5c74b5"}, 
{"path": "101/src/views/", "name": "GameLayer.luac", "md5": "37a579fbce4c9c5de034466b5d36d37a"}, 
{"path": "101/src/views/", "name": "GameRoomLayer.luac", "md5": "f8189aa276fe15b9cc25946f0745b72e"}, 
{"path": "101/src/views/layer/", "name": "CompareView.luac", "md5": "e29326933605b896a7a2b7bc5243ae38"}, 
{"path": "101/src/views/layer/", "name": "GameEndView.luac", "md5": "ead1148de202675b042873a38d17924f"}, 
{"path": "101/src/views/layer/", "name": "GameViewLayer.luac", "md5": "1e31ff878f88b9ca0436e5436b1379e5"}, 
{"path": "101/src/views/layer/", "name": "RuleLayer.luac", "md5": "f59567cae08ba21e1015255be865b0d6"}, 
{"path": "101/src/views/", "name": "RoomView.luac", "md5": "2b3f69f59c06322616b2c73624ffea96"}, 
{"allcount": 186}]}