{ "listdata": [{"path": "126/res/ani/", "name": "bipaikaishi.atlas", "md5": "94dab57f514db22d9f176525a109b6b6"}, 
{"path": "126/res/ani/", "name": "bipaikaishi.json", "md5": "c6956a38cb1a2e37815a1f9722984f53"}, 
{"path": "126/res/ani/", "name": "bipaikaishi.png", "md5": "b2a26f14057f3b95413115e4595c706c"}, 
{"path": "126/res/ani/", "name": "daqiang.atlas", "md5": "cb5ad0295c0dd0e4f686c167dc8910bb"}, 
{"path": "126/res/ani/", "name": "daqiang.json", "md5": "5fef29dc81f2487ed272374925b0877c"}, 
{"path": "126/res/ani/", "name": "daqiang.png", "md5": "87799b65972b78805f7bf4ed10e8c2c1"}, 
{"path": "126/res/ani/", "name": "dengdaipipei.atlas", "md5": "bc1ebd099d0046edabd0c2874a93ccb0"}, 
{"path": "126/res/ani/", "name": "dengdaipipei.json", "md5": "1631ce218e4a33a84cb0e84afcda03fb"}, 
{"path": "126/res/ani/", "name": "dengdaipipei.png", "md5": "f07ec9bf101f0627d834544012d2fe71"}, 
{"path": "126/res/ani/", "name": "paixing1.atlas", "md5": "03b5666d965da84126b91d8be2671caf"}, 
{"path": "126/res/ani/", "name": "paixing1.json", "md5": "abd0eb4f24f36b5c3097697d5e6d8457"}, 
{"path": "126/res/ani/", "name": "paixing1.png", "md5": "537a14e092bd6ad89321a2fd61cbd23b"}, 
{"path": "126/res/ani/", "name": "paixing10.atlas", "md5": "f8227004db237fd641571e343f074e5e"}, 
{"path": "126/res/ani/", "name": "paixing10.json", "md5": "52fb1462489a16e8ab4ba7c6b1588fe6"}, 
{"path": "126/res/ani/", "name": "paixing10.png", "md5": "71c33376ed87935caa6bddae11529c04"}, 
{"path": "126/res/ani/", "name": "paixing11.atlas", "md5": "daad585b6c3f1a47e39b62f3ecfa1d7c"}, 
{"path": "126/res/ani/", "name": "paixing11.json", "md5": "7352c20c8fb019c1d3deafd2487d6139"}, 
{"path": "126/res/ani/", "name": "paixing11.png", "md5": "5782d40e5ff8eeb6a206a20040d8fe9f"}, 
{"path": "126/res/ani/", "name": "paixing12.atlas", "md5": "5d6906c005f2c4957663ac9aba285170"}, 
{"path": "126/res/ani/", "name": "paixing12.json", "md5": "47e70eca25fb85ea3dc13d41a186eb7e"}, 
{"path": "126/res/ani/", "name": "paixing12.png", "md5": "d1d97b1b858548578c6073d37b4fcf53"}, 
{"path": "126/res/ani/", "name": "paixing13.atlas", "md5": "80344373240d4e889b50061df599766f"}, 
{"path": "126/res/ani/", "name": "paixing13.json", "md5": "3b21c9e7210a8bdd2d1b5f836039ec2a"}, 
{"path": "126/res/ani/", "name": "paixing13.png", "md5": "6c1dd453fa76bf06f578c14d4f51c2df"}, 
{"path": "126/res/ani/", "name": "paixing14.atlas", "md5": "d85e08cb86314c7aef76cc32df11f492"}, 
{"path": "126/res/ani/", "name": "paixing14.json", "md5": "ce54b5aa962bdb6a0e370c51c89b6b2a"}, 
{"path": "126/res/ani/", "name": "paixing14.png", "md5": "2da049f7874d25f65f923e4980458851"}, 
{"path": "126/res/ani/", "name": "paixing15.atlas", "md5": "44a98e9508324cdc95eae4c2ca11a996"}, 
{"path": "126/res/ani/", "name": "paixing15.json", "md5": "02ee361f02347960b8b8d227b1c2769a"}, 
{"path": "126/res/ani/", "name": "paixing15.png", "md5": "945728d003a8a2836ca7756b8dc39c8a"}, 
{"path": "126/res/ani/", "name": "paixing16.atlas", "md5": "b30f9ed0a8aa95e48588496cd0e2789c"}, 
{"path": "126/res/ani/", "name": "paixing16.json", "md5": "92fb384be3c15902bffdb8410313adbf"}, 
{"path": "126/res/ani/", "name": "paixing16.png", "md5": "22cb9eb82455002d29d880fe584527a5"}, 
{"path": "126/res/ani/", "name": "paixing17.atlas", "md5": "8a423ade89ae0dcf43ecd9c27e985e84"}, 
{"path": "126/res/ani/", "name": "paixing17.json", "md5": "d8cbb5206651c6b10ebe90e3fca49688"}, 
{"path": "126/res/ani/", "name": "paixing17.png", "md5": "c5ba891eefc440115ab69d0ef91960ed"}, 
{"path": "126/res/ani/", "name": "paixing18.atlas", "md5": "d1d95a063243a35416d6448954240d45"}, 
{"path": "126/res/ani/", "name": "paixing18.json", "md5": "81c6419bda6b71e0f0a2f44afe68f524"}, 
{"path": "126/res/ani/", "name": "paixing18.png", "md5": "a564d50552fc1370c8b0d05c035fcff8"}, 
{"path": "126/res/ani/", "name": "paixing19.atlas", "md5": "9c9ded2837bb52b227b1cb93f7d2db46"}, 
{"path": "126/res/ani/", "name": "paixing19.json", "md5": "2b2213f8de6918bec78735d7cb18eaee"}, 
{"path": "126/res/ani/", "name": "paixing19.png", "md5": "df27b15cb314887154f69671132fe19a"}, 
{"path": "126/res/ani/", "name": "paixing20.atlas", "md5": "2caeed72553ada3a607dfa1513e6c3ae"}, 
{"path": "126/res/ani/", "name": "paixing20.json", "md5": "25b6ac05dc90faa45ba90425754106b3"}, 
{"path": "126/res/ani/", "name": "paixing20.png", "md5": "2f1ce68b724f7ddd63ee8c27db343ae8"}, 
{"path": "126/res/ani/", "name": "paixing21.atlas", "md5": "1acbe9ba7837cff0071cb89ee3d25507"}, 
{"path": "126/res/ani/", "name": "paixing21.json", "md5": "3041650dcbc9fbff4f6bcbb187a3cbbb"}, 
{"path": "126/res/ani/", "name": "paixing21.png", "md5": "233b655f3f6d9e0ec4ba63fd0a05fa52"}, 
{"path": "126/res/ani/", "name": "paixing22.atlas", "md5": "82e87fff6790978b488a2bb71368286e"}, 
{"path": "126/res/ani/", "name": "paixing22.json", "md5": "fd6ea4d54cda870685c59b9bd475ead3"}, 
{"path": "126/res/ani/", "name": "paixing22.png", "md5": "67b3d795627b5943a7614557301c355d"}, 
{"path": "126/res/ani/", "name": "quanleida.atlas", "md5": "0bdbe92964a39a8dfbf6623f741153b0"}, 
{"path": "126/res/ani/", "name": "quanleida.json", "md5": "293d74dfef08040440c6f289220cf60a"}, 
{"path": "126/res/ani/", "name": "quanleida.png", "md5": "338e404b4f6a64998d4848d910878c3b"}, 
{"path": "126/res/ani/", "name": "win.atlas", "md5": "014aaeb42e37b425dc3b2192f7ec6c04"}, 
{"path": "126/res/ani/", "name": "win.json", "md5": "dffdd64e1004ffc43a34f817ed46e2de"}, 
{"path": "126/res/ani/", "name": "win.png", "md5": "819a0d2cb65d1c405b1fee82b49ca904"}, 
{"path": "126/res/ani/", "name": "youxikaishi.atlas", "md5": "abaf844b0675e7e0704e0887236c5967"}, 
{"path": "126/res/ani/", "name": "youxikaishi.json", "md5": "ef6db3e04076f2b0e9941a14c9798c43"}, 
{"path": "126/res/ani/", "name": "youxikaishi.png", "md5": "411636b6806c667687e12ea7abc3f3eb"}, 
{"path": "126/res/cardtype/", "name": "1.png", "md5": "e53496c599d65b901c9b8fbdf8e4f935"}, 
{"path": "126/res/cardtype/", "name": "2.png", "md5": "35d7d23fee63cd9bf4e08be34858f228"}, 
{"path": "126/res/cardtype/", "name": "3.png", "md5": "5a2d394e12307a8e037c6a6f040378e5"}, 
{"path": "126/res/cardtype/", "name": "4.png", "md5": "71d79246fb7a087ba15c753e7e192b72"}, 
{"path": "126/res/cardtype/", "name": "4_1.png", "md5": "078ad7e876075d75a85270a37d2d5ce5"}, 
{"path": "126/res/cardtype/", "name": "5.png", "md5": "15ba96aa397da264c7d6728891093c4e"}, 
{"path": "126/res/cardtype/", "name": "6.png", "md5": "100cbaf5e858f6a80d2b5340253e1768"}, 
{"path": "126/res/cardtype/", "name": "7.png", "md5": "28293cefe69a406b7ef870782274bcb9"}, 
{"path": "126/res/cardtype/", "name": "7_2.png", "md5": "a9659f98ebe833781b50d8effddff15c"}, 
{"path": "126/res/cardtype/", "name": "8.png", "md5": "452aaa61db79d7adcffdbf1068fc1fb0"}, 
{"path": "126/res/cardtype/", "name": "8_2.png", "md5": "da917feb3b76d6e021e9bf9acb9c6d29"}, 
{"path": "126/res/cardtype/", "name": "8_3.png", "md5": "1ccb8e4ba7a8153ce800aa6072637df5"}, 
{"path": "126/res/cardtype/", "name": "9.png", "md5": "ed755b4175e8761bc19a553442e3163f"}, 
{"path": "126/res/cardtype/", "name": "9_2.png", "md5": "dc36c9b04a08e31dfa8643a6a3f1d21e"}, 
{"path": "126/res/cardtype/", "name": "9_3.png", "md5": "4194325582390ba9c9cc07ee6c96d990"}, 
{"path": "126/res/cardtype/", "name": "icon_huangguan.png", "md5": "0dabb1a8429697a26f440e6351cd7dff"}, 
{"path": "126/res/combcards/", "name": "bg_clock.png", "md5": "0432c8d75184fd69dc7a9a996090ee59"}, 
{"path": "126/res/combcards/", "name": "btn_chupai1.png", "md5": "d3d518f85603b4d61e1f4cb4995dfea8"}, 
{"path": "126/res/combcards/", "name": "btn_chupai2.png", "md5": "61f9dad4ad189af0272b07f9bd87f8e6"}, 
{"path": "126/res/combcards/", "name": "btn_putongpaixing.png", "md5": "d58838b82b1eb5cd9b5238960901f302"}, 
{"path": "126/res/combcards/", "name": "chupaianniu_01.png", "md5": "cebf04b87977d37e76964afdad147e6f"}, 
{"path": "126/res/combcards/", "name": "chupaianniu_02.png", "md5": "b2449cefc5994754f9166fec47f3578b"}, 
{"path": "126/res/combcards/", "name": "daojishi1.png", "md5": "503b0dc360c01d2091d70fd2a186e707"}, 
{"path": "126/res/combcards/", "name": "daojishi2.png", "md5": "d6c5205c465ec02f243856fe1526c9bc"}, 
{"path": "126/res/combcards/", "name": "dikuang1.png", "md5": "95fc18e7f2cdbb7c68aef8b35a01c7a3"}, 
{"path": "126/res/combcards/", "name": "dikuang2.png", "md5": "73cf526a492e5dcd3734968522dc86e7"}, 
{"path": "126/res/combcards/", "name": "game_timenum.png", "md5": "1c5af4c1e1587109e821a063926c0856"}, 
{"path": "126/res/combcards/", "name": "huawen.png", "md5": "f4d455bc88603d25439bfda998141c8a"}, 
{"path": "126/res/combcards/", "name": "lipai_title.png", "md5": "8ab9feeaf1a3407e805bf0284210e622"}, 
{"path": "126/res/combcards/", "name": "pukepai_bg.png", "md5": "073992e9a094753c415e343ad2f51347"}, 
{"path": "126/res/combcards/", "name": "putong_bg.png", "md5": "de5e9e35a58ab19ad77ec4cd82432de2"}, 
{"path": "126/res/combcards/", "name": "teshu_bg.png", "md5": "a9b8566af48e0ee4a3c08f7a0cbd4efe"}, 
{"path": "126/res/combcards/", "name": "teshu_huawen.png", "md5": "84226b1e4030af2b20afaaf37020e899"}, 
{"path": "126/res/combcards/", "name": "x.png", "md5": "3e800707a3548311afdadd566a3e18a8"}, 
{"path": "126/res/combcards/", "name": "xuankuang.png", "md5": "5b07c5adbf9f0176a0379cda81c3204f"}, 
{"path": "126/res/combcards/", "name": "xuanzhongkuang.png", "md5": "2041af62b1fe577b91240034cb5607ff"}, 
{"path": "126/res/combcards/", "name": "y.png", "md5": "0a3ef6cc3949b3a4626218de8dfe26a7"}, 
{"path": "126/res/combcards/", "name": "zidongpeipai_bg.png", "md5": "48f3a369625f1fb15d1a8857f56bcb93"}, 
{"path": "126/res/desk/", "name": "beijing.jpg", "md5": "ee3be21b70cdc9f2af619bd652ebbec0"}, 
{"path": "126/res/desk/", "name": "fanhui.png", "md5": "18b1d62185b63dbadae556c16014e9b4"}, 
{"path": "126/res/desk/", "name": "fanhui1.png", "md5": "865d359c814ef333ed3534b159543c1b"}, 
{"path": "126/res/desk/", "name": "huawen.png", "md5": "95b4797236292ad73b7e96722890a361"}, 
{"path": "126/res/desk/", "name": "jinyin.png", "md5": "d4eaa10e979e0499e3a06ba25e800c20"}, 
{"path": "126/res/desk/", "name": "jinyin1.png", "md5": "1837778b866603f886777970efca384f"}, 
{"path": "126/res/desk/", "name": "wenhao.png", "md5": "43479b50e63b956776eec7ec5038c06d"}, 
{"path": "126/res/desk/", "name": "wenhao1.png", "md5": "55178b43f79544602e5de098bfa8f2ae"}, 
{"path": "126/res/desk/", "name": "yinliang.png", "md5": "0708390e1bb703bab6ca4fa779c7dfbd"}, 
{"path": "126/res/desk/", "name": "yinliang1.png", "md5": "6f767f3d0b8c904b9d0645043bd912d2"}, 
{"path": "126/res/desk/", "name": "zhuozi1.png", "md5": "8dd3ea81919ea1d526375c996d968899"}, 
{"path": "126/res/fonts/", "name": "round_body.ttf", "md5": "7b5c98a23993fb67ff9b05eea70ac37c"}, 
{"path": "126/res/head/", "name": "head_sample.png", "md5": "fab65c012c95b29649c106bfd1721bb9"}, 
{"path": "126/res/head/", "name": "touxiangdi.png", "md5": "4f7a1a7f33e03469da6d4f9886e014ff"}, 
{"path": "126/res/head/", "name": "ui_lose_count.png", "md5": "385d81b34f093f13be79d197b0f170ac"}, 
{"path": "126/res/head/", "name": "ui_win_count.png", "md5": "64f87082964f0e0dc2e522ba6df32737"}, 
{"path": "126/res/image/", "name": "gray.png", "md5": "b5b82bb50cdb4d5bc354dc2db56ffea8"}, 
{"path": "126/res/image/", "name": "im_head.plist", "md5": "785da9abe5575bc5738e662f4d0f5233"}, 
{"path": "126/res/image/", "name": "im_head.png", "md5": "f4f95a97178875bdd5902926bd4dca99"}, 
{"path": "126/res/image/", "name": "msbg.png", "md5": "46a6f7c6096a9871aae36141984cc8ab"}, 
{"path": "126/res/image/", "name": "poker.plist", "md5": "e931c71c2e4d9753e83952840e8aaa51"}, 
{"path": "126/res/image/", "name": "poker.png", "md5": "de3be48dbe9f705a4c0c37cd1acbe82d"}, 
{"path": "126/res/", "name": "load_126.jpg", "md5": "cbf98b2c1b1ced8c9a38ee50564fae21"}, 
{"path": "126/res/player/", "name": "wenzi_lipaiwancheng.png", "md5": "40f9f07960993d5479c65d3d3f333118"}, 
{"path": "126/res/player/", "name": "wenzi_lipaizhong.png", "md5": "4cfd671948f00ff110779ed649f5ea3a"}, 
{"path": "126/res/player/", "name": "wenzi_teshupaixing.png", "md5": "eba032d7e1e3a68acc96b1e129dc6105"}, 
{"path": "126/res/result/", "name": "jianbiandi.png", "md5": "f062d7aef540c900e0429c22360df455"}, 
{"path": "126/res/result/", "name": "jifenqudi.png", "md5": "9f96eb83dd2c5a090e7e5b08195256ae"}, 
{"path": "126/res/result/", "name": "pair_lose_score.png", "md5": "c5afeb847b1099c100f7ae9ef8612932"}, 
{"path": "126/res/result/", "name": "pair_win_score.png", "md5": "8408032595c289e76b889c394c551b31"}, 
{"path": "126/res/result/", "name": "total_lose_score.png", "md5": "24b561862da9b78836d408eef061da2d"}, 
{"path": "126/res/result/", "name": "total_win_score.png", "md5": "ce5f74196697b9237033a3d0fb9c0d41"}, 
{"path": "126/res/result/", "name": "wenzi_toudun.png", "md5": "179f5450b3e9bed3bd643afbbfb742e6"}, 
{"path": "126/res/result/", "name": "wenzi_weidun.png", "md5": "cb56de8825cff41097a670800a4639a4"}, 
{"path": "126/res/result/", "name": "wenzi_zhongdun.png", "md5": "96166892a9820de79b66819f5f605e59"}, 
{"path": "126/res/result/", "name": "wenzi_zongfen.png", "md5": "f502adcf19ea0d509ac14396033fba19"}, 
{"path": "126/res/roomlist/", "name": "level_1.png", "md5": "a8785994a253a1fd656b1fcabf1dc020"}, 
{"path": "126/res/roomlist/", "name": "level_2.png", "md5": "1fccc577483d3e22829247c269614209"}, 
{"path": "126/res/roomlist/", "name": "level_3.png", "md5": "0535d68e9d706a924db48fe3b5d7e342"}, 
{"path": "126/res/roomlist/", "name": "level_4.png", "md5": "339eb89a37160553483750ea85a4937f"}, 
{"path": "126/res/rule/", "name": "bz-bg.png", "md5": "5e193560384f10a1bab5e6547af7ad47"}, 
{"path": "126/res/rule/", "name": "guize.png", "md5": "64e62d89e8b3f52c47771bc40ea16129"}, 
{"path": "126/res/sound_res/", "name": "1.mp3", "md5": "65b88db30e34ea96525d53cd77c35de4"}, 
{"path": "126/res/sound_res/", "name": "10.mp3", "md5": "07ccca34e3d9c87836d3ae81a2e660ea"}, 
{"path": "126/res/sound_res/", "name": "11.mp3", "md5": "58a961044e344e775e91d1467648e2b0"}, 
{"path": "126/res/sound_res/", "name": "12.mp3", "md5": "727297fc75683929e63bfc84f50ebf7a"}, 
{"path": "126/res/sound_res/", "name": "13.mp3", "md5": "b67adb51e0bf7fcb7b57093f5ba8f69e"}, 
{"path": "126/res/sound_res/", "name": "14.mp3", "md5": "8d0311cf6214d271997866ddc65486cf"}, 
{"path": "126/res/sound_res/", "name": "15.mp3", "md5": "6280deb0caa6f4e4a7794430088a3193"}, 
{"path": "126/res/sound_res/", "name": "16.mp3", "md5": "bc7f48521ca52027503ddbdec51511ee"}, 
{"path": "126/res/sound_res/", "name": "17.mp3", "md5": "0c24b32d21d35b0158191bb88bb6ae12"}, 
{"path": "126/res/sound_res/", "name": "18.mp3", "md5": "bcb759b61221a2ab5d5ecd17313d8db7"}, 
{"path": "126/res/sound_res/", "name": "19.mp3", "md5": "69c16a28e4f76cdf7c9c00e3849c3298"}, 
{"path": "126/res/sound_res/", "name": "2.mp3", "md5": "3d6ba2cf41b5c9ba470560348dfc2231"}, 
{"path": "126/res/sound_res/", "name": "20.mp3", "md5": "a46c0a336a8a48b1c18baf639a2278b1"}, 
{"path": "126/res/sound_res/", "name": "21.mp3", "md5": "a8a4cb4b2bbdb642246f5b6237b4c5e5"}, 
{"path": "126/res/sound_res/", "name": "22.mp3", "md5": "b8764e21775e0ab95abfa73ae9605c82"}, 
{"path": "126/res/sound_res/", "name": "3.mp3", "md5": "9e1a0b473db9950015bdda64d70a83de"}, 
{"path": "126/res/sound_res/", "name": "4.mp3", "md5": "9c72b6d9afe454fbac847ea889352f76"}, 
{"path": "126/res/sound_res/", "name": "4_1.mp3", "md5": "efecb1e040cd5fb980d4993d1e87df90"}, 
{"path": "126/res/sound_res/", "name": "5.mp3", "md5": "92ba245046fe1c4e7ddc599d1664e83d"}, 
{"path": "126/res/sound_res/", "name": "6.mp3", "md5": "e323d1513e6ccfe916a31e6b76b05081"}, 
{"path": "126/res/sound_res/", "name": "7.mp3", "md5": "3415bb6b8052953c1e0dad1294f13f60"}, 
{"path": "126/res/sound_res/", "name": "7_2.mp3", "md5": "08a47d7d84468712963fbfc04b4d3ef0"}, 
{"path": "126/res/sound_res/", "name": "8.mp3", "md5": "52aa63c3259f8dcd749a918ef42f183d"}, 
{"path": "126/res/sound_res/", "name": "8_2.mp3", "md5": "cb34d164c52071f017060b7c08c1264f"}, 
{"path": "126/res/sound_res/", "name": "8_3.mp3", "md5": "a31259a6cb90353a99c551c2c25967dc"}, 
{"path": "126/res/sound_res/", "name": "9.mp3", "md5": "85ee0c614f0dcfe75c650c572218f53d"}, 
{"path": "126/res/sound_res/", "name": "9_2.mp3", "md5": "e01c2412c98fd7f2c9770fbf1b28b8e2"}, 
{"path": "126/res/sound_res/", "name": "9_3.mp3", "md5": "fbcb594c38c8a1ebda25d2fe78b883a4"}, 
{"path": "126/res/sound_res/", "name": "all_big.mp3", "md5": "e0bb801758e95ec382fbaff3f67e4687"}, 
{"path": "126/res/sound_res/", "name": "all_small.mp3", "md5": "d7a95834954a2d70194faa9804afb0c0"}, 
{"path": "126/res/sound_res/", "name": "click.mp3", "md5": "8ec3cb30886cfa6cbba9d4d89ec43612"}, 
{"path": "126/res/sound_res/", "name": "Clock.mp3", "md5": "52b0ece85e9b9eb24c118da9f5ad2031"}, 
{"path": "126/res/sound_res/", "name": "compare_start.mp3", "md5": "4b8ae95beda0035c64515b8e49373ae1"}, 
{"path": "126/res/sound_res/", "name": "daqiang3.mp3", "md5": "a8e7b1513303a0ebed7e04c8857abff1"}, 
{"path": "126/res/sound_res/", "name": "daqiang5.mp3", "md5": "70c689dd2160b24097cde69df75fb3dc"}, 
{"path": "126/res/sound_res/", "name": "deal_card.mp3", "md5": "9829b2ca9761e23332d3a3ee88e795b5"}, 
{"path": "126/res/sound_res/", "name": "dragon.mp3", "md5": "37acf70a2a5d81cc86113bbcf4a0e6d3"}, 
{"path": "126/res/sound_res/", "name": "e_bigCard.mp3", "md5": "d2421a7b2c215153c49f725231d2adf5"}, 
{"path": "126/res/sound_res/", "name": "e_clock.mp3", "md5": "d62611979c8ca9631c622f5a53094156"}, 
{"path": "126/res/sound_res/", "name": "e_menu.mp3", "md5": "92b389f7d1d18233640c97486c9040b2"}, 
{"path": "126/res/sound_res/", "name": "falling_golds.mp3", "md5": "de87d2abdd29963761a28d69aba97c79"}, 
{"path": "126/res/sound_res/", "name": "fapai.mp3", "md5": "1c70b99a7b417166b10fa3ca39f53ecf"}, 
{"path": "126/res/sound_res/", "name": "five_pair_kind.mp3", "md5": "d6dda4c9975fc9d9af77ac66f6eb2fd2"}, 
{"path": "126/res/sound_res/", "name": "flushdragon.mp3", "md5": "d1e7fd31da385130a94e1dd597833631"}, 
{"path": "126/res/sound_res/", "name": "four_three_kind.mp3", "md5": "46147a9a7b293e32da81ad49d548b098"}, 
{"path": "126/res/sound_res/", "name": "game_start.mp3", "md5": "ddcca08c5b5a711d9a5d1d0626531055"}, 
{"path": "126/res/sound_res/", "name": "one_color.mp3", "md5": "ed58acef5666e3ec18be4cec41cf9fef"}, 
{"path": "126/res/sound_res/", "name": "poker_move.mp3", "md5": "59ceb046812343189a38ebd752bb1ac8"}, 
{"path": "126/res/sound_res/", "name": "room_bg.mp3", "md5": "4b55c2ab03168e0dd1356066e3d324d0"}, 
{"path": "126/res/sound_res/", "name": "shoot_main.mp3", "md5": "cfc1d8e975c341f3a09880647907f3db"}, 
{"path": "126/res/sound_res/", "name": "shuffleCard.mp3", "md5": "c407912dff76a7cd871870de82ac7072"}, 
{"path": "126/res/sound_res/", "name": "six_pair.mp3", "md5": "290eee3e5fa5bf863cd10840e8b28f2f"}, 
{"path": "126/res/sound_res/", "name": "sound-button.mp3", "md5": "0db0d96cf76066e6b23253453b44e474"}, 
{"path": "126/res/sound_res/", "name": "start_poker.mp3", "md5": "aa4eb00469114736723a96c93b858e4f"}, 
{"path": "126/res/sound_res/", "name": "swat.mp3", "md5": "d7c316a6dde7c32c310d926577709c47"}, 
{"path": "126/res/sound_res/", "name": "three_flush.mp3", "md5": "619041b2dc4fd9aba322aa6891032ee9"}, 
{"path": "126/res/sound_res/", "name": "three_four_kind.mp3", "md5": "5f4d7abae853d21797c59a847ea793d2"}, 
{"path": "126/res/sound_res/", "name": "three_straight.mp3", "md5": "006facd33b0e1af62fd8f3a72a578ea6"}, 
{"path": "126/res/sound_res/", "name": "three_straight_flush.mp3", "md5": "bbc3ce82fc38913419f1e703408c4c5b"}, 
{"path": "126/res/sound_res/", "name": "twelve_royal.mp3", "md5": "a1336a8f67e3d268a9f3d270aa1223e3"}, 
{"path": "126/res/sound_res/", "name": "victory.mp3", "md5": "960433732b4ad674ceab4f2b9cd24230"}, 
{"path": "126/res/uicsd/", "name": "CombCards.csb", "md5": "2b46b5fde71eda5011aa526713526d4e"}, 
{"path": "126/res/uicsd/", "name": "Desk.csb", "md5": "b151994b36b5a7a0a89442e54aece69e"}, 
{"path": "126/res/uicsd/", "name": "Player.csb", "md5": "db80628de8f29b46e3abc0cf13c6a030"}, 
{"path": "126/res/uicsd/", "name": "RoleItem.csb", "md5": "62531299d7b992024b0f0f2414586c85"}, 
{"path": "126/res/uicsd/", "name": "Rule.csb", "md5": "afb8149858b41103135ef1e1a8db6d7f"}, 
{"path": "126/src/", "name": "CardComb.luac", "md5": "c9ada7595785ae3a8bc6ce8b018c03fe"}, 
{"path": "126/src/", "name": "Desk.luac", "md5": "32a8bca8e72c3550d010f104fcf137ba"}, 
{"path": "126/src/", "name": "GameLogic.luac", "md5": "05c06b340439455b1cf0b5b54d33c9fc"}, 
{"path": "126/src/", "name": "Head.luac", "md5": "451b98d37613605fe429b107beb83125"}, 
{"path": "126/src/", "name": "LayCards.luac", "md5": "890ac1174941c5b113dc3301e571bd23"}, 
{"path": "126/src/models/", "name": "CMD_Game.luac", "md5": "7d18ff8e5166268f5c4a8dda6a18a881"}, 
{"path": "126/src/", "name": "Player.luac", "md5": "c3cee2cee377ada9a1c160d96e60584d"}, 
{"path": "126/src/", "name": "Poker.luac", "md5": "440e30ff937cacd5422bdf9eb6120d49"}, 
{"path": "126/src/", "name": "Rule.luac", "md5": "ace71081c05987d761c09de8b230a6b8"}, 
{"path": "126/src/", "name": "SpecialTypeAni.luac", "md5": "d88155138763f5c3b851deb1ce47daa2"}, 
{"path": "126/src/", "name": "Thirteen.luac", "md5": "32d0fc587c13b0ffbff8b1152bcd528b"}, 
{"path": "126/src/views/", "name": "GameLayer.luac", "md5": "4d28564df40b04b66ef14f29bf82e0db"}, 
{"path": "126/src/views/", "name": "RoomView.luac", "md5": "b9f5c70b95097392d04390e4ad8baed9"}, 
{"allcount": 219}]}