{"skeleton":{"hash":"KKH2pKzuBeMitzEx8s+QbsuBJ9o","spine":"3.1.08","width":1147.3,"height":742.11,"images":"./images/"},"bones":[{"name":"root"},{"name":"zhadan0","parent":"root","scaleX":0.5,"scaleY":0.5,"rotation":0.03},{"name":"2huo1","parent":"zhadan0","length":112.65,"x":-40.08,"y":193.72,"scaleX":12.344,"scaleY":12.344,"rotation":90.61},{"name":"3huo","parent":"zhadan0","length":799.3,"x":-1.42,"y":72.46,"rotation":90.16},{"name":"dan","parent":"zhadan0","x":-822.48,"y":1066.74,"scaleX":3.038,"scaleY":3.038},{"name":"guang1","parent":"zhadan0","length":1038.54,"x":7.57,"y":197.22,"rotation":89.46},{"name":"huo1","parent":"zhadan0","length":48.73,"x":45.56,"y":48.61,"scaleX":18.922,"scaleY":18.922,"rotation":90},{"name":"yan","parent":"zhadan0","length":80.94,"x":-8.05,"y":383.21,"scaleX":5.374,"scaleY":5.374,"rotation":89.51},{"name":"yan2","parent":"zhadan0","length":80.94,"x":-8.05,"y":383.21,"scaleX":7.709,"scaleY":7.709,"rotation":89.51},{"name":"zhadan","parent":"zhadan0","x":9.42,"y":558.53}],"slots":[{"name":"zhadan","bone":"zhadan","attachment":"zhadan"},{"name":"dan","bone":"dan","attachment":"dan1"},{"name":"2huo1","bone":"2huo1","attachment":"2huo1"},{"name":"yan","bone":"yan","attachment":"yan"},{"name":"yan2","bone":"yan2","attachment":"yan"},{"name":"huo1","bone":"huo1","attachment":"huo1"},{"name":"guang1","bone":"guang1","attachment":"guang1"},{"name":"3huo","bone":"3huo","attachment":"3huo"}],"skins":{"default":{"2huo1":{"2huo1":{"x":35.68,"y":-1.5,"rotation":-90.61,"width":62,"height":88},"2huo2":{"x":43.67,"y":-1.58,"rotation":-90.61,"width":68,"height":85},"2huo3":{"x":51.37,"y":-1.67,"rotation":-90.61,"width":71,"height":80},"2huo4":{"x":56.03,"y":-2.18,"rotation":-90.61,"width":66,"height":71}},"3huo":{"3huo":{"x":340.07,"y":26.77,"scaleX":30.187,"scaleY":7.42,"rotation":-90.16,"width":76,"height":103}},"dan":{"dan1":{"x":3.1,"y":14.84,"width":84,"height":107}},"guang1":{"guang1":{"x":618.36,"y":28.27,"scaleX":13.655,"scaleY":13.655,"rotation":-89.46,"width":84,"height":95}},"huo1":{"huo1":{"x":24.42,"y":-1.17,"rotation":-90,"width":82,"height":56},"huo2":{"x":24.8,"y":1.66,"rotation":-90,"width":87,"height":58},"huo3":{"x":31.23,"y":-2.08,"rotation":-90,"width":93,"height":71},"huo4":{"x":32.91,"y":-6.27,"rotation":-90,"width":95,"height":70},"huo5":{"x":33.64,"y":-1.12,"rotation":-90,"width":100,"height":73},"huo6":{"x":46.95,"y":-4.86,"rotation":-90,"width":103,"height":53},"huo7":{"x":54.56,"y":-9.45,"rotation":-90,"width":103,"height":45}},"yan":{"yan":{"x":43.47,"y":-0.58,"rotation":-89.51,"width":125,"height":100}},"yan2":{"yan":{"x":43.47,"y":-0.58,"rotation":-89.51,"width":125,"height":100}},"zhadan":{"zhadan":{"x":3.86,"y":-11.96,"width":430,"height":227}}}},"animations":{"baozha":{"slots":{"2huo1":{"attachment":[{"time":0,"name":null},{"time":0.4,"name":"2huo1"},{"time":0.4333,"name":"2huo2"},{"time":0.4666,"name":"2huo3"},{"time":0.5,"name":"2huo4"},{"time":1.1666,"name":null}],"color":[{"time":0,"color":"ffffffff","curve":"stepped"},{"time":0.4,"color":"ffffffff","curve":"stepped"},{"time":0.5,"color":"ffffffff"},{"time":0.6333,"color":"ffffff00","curve":"stepped"},{"time":1.1666,"color":"ffffff00"}]},"3huo":{"attachment":[{"time":0,"name":null},{"time":0.2333,"name":"3huo"},{"time":1.1666,"name":null}],"color":[{"time":0,"color":"ffffffff","curve":"stepped"},{"time":0.2333,"color":"ffffffff","curve":"stepped"},{"time":0.2666,"color":"ffffffff"},{"time":0.4,"color":"ffffff00","curve":"stepped"},{"time":1.1666,"color":"ffffff00"}]},"dan":{"attachment":[{"time":0,"name":"dan1"},{"time":0.2666,"name":null},{"time":1.1666,"name":null}],"color":[{"time":0,"color":"ffffffff","curve":"stepped"},{"time":0.2333,"color":"ffffffff","curve":"stepped"},{"time":1.1666,"color":"ffffffff"}]},"guang1":{"attachment":[{"time":0,"name":null},{"time":0.3333,"name":"guang1"},{"time":0.9,"name":"guang1"},{"time":1.1666,"name":"guang1"}],"color":[{"time":0,"color":"ffffffff","curve":"stepped"},{"time":0.3333,"color":"ffffffff","curve":[0.235,0.26,0.472,1]},{"time":0.9,"color":"ffffff00","curve":"stepped"},{"time":1.1666,"color":"ffffff00"}]},"huo1":{"attachment":[{"time":0,"name":null},{"time":0.2666,"name":"huo1"},{"time":0.3,"name":"huo2"},{"time":0.3333,"name":"huo3"},{"time":0.3666,"name":"huo4"},{"time":0.4,"name":"huo5"},{"time":0.4333,"name":"huo6"},{"time":0.4666,"name":"huo7"},{"time":0.5,"name":null},{"time":1.1666,"name":null}],"color":[{"time":0,"color":"ffffffff","curve":"stepped"},{"time":0.2666,"color":"ffffffff","curve":"stepped"},{"time":1.1666,"color":"ffffffff"}]},"yan":{"attachment":[{"time":0,"name":null},{"time":0.3333,"name":"yan"},{"time":0.9,"name":"yan"}],"color":[{"time":0,"color":"ffffffff","curve":"stepped"},{"time":0.3333,"color":"ffffffff","curve":"stepped"},{"time":0.5,"color":"ffffffff","curve":[0.25,0.42,0.719,1]},{"time":0.9,"color":"ffffff00"}]},"yan2":{"attachment":[{"time":0,"name":null},{"time":0.3,"name":"yan"},{"time":0.8666,"name":"yan"},{"time":1.1666,"name":"yan"}],"color":[{"time":0,"color":"ffffffff","curve":"stepped"},{"time":0.3,"color":"ffffffff","curve":[0,0.16,0.39,0.54]},{"time":0.4666,"color":"ffffffcd","curve":[0.25,0.42,0.719,1]},{"time":0.8666,"color":"ffffff00","curve":"stepped"},{"time":1.1666,"color":"ffffff00"}]},"zhadan":{"attachment":[{"time":0,"name":null},{"time":0.3666,"name":"zhadan"},{"time":0.4333,"name":"zhadan"},{"time":0.5,"name":"zhadan"},{"time":0.5666,"name":"zhadan"},{"time":0.9,"name":"zhadan"},{"time":1.1666,"name":"zhadan"}],"color":[{"time":0,"color":"ffffffff","curve":"stepped"},{"time":0.3666,"color":"ffffffff","curve":"stepped"},{"time":0.4333,"color":"ffffffff","curve":"stepped"},{"time":0.5,"color":"ffffffff","curve":"stepped"},{"time":0.5666,"color":"ffffffff","curve":"stepped"},{"time":0.9,"color":"ffffffff","curve":[0.002,0.76,0.75,1]},{"time":1.1666,"color":"ffffff00"}]}},"bones":{"2huo1":{"rotate":[{"time":0,"angle":0,"curve":"stepped"},{"time":0.4,"angle":0,"curve":"stepped"},{"time":0.5,"angle":0,"curve":"stepped"},{"time":1.1666,"angle":0}],"translate":[{"time":0,"x":0,"y":0,"curve":"stepped"},{"time":0.4,"x":0,"y":0,"curve":"stepped"},{"time":0.5,"x":0,"y":0},{"time":0.6333,"x":5.28,"y":200.75,"curve":"stepped"},{"time":1.1666,"x":5.28,"y":200.75}],"scale":[{"time":0,"x":1,"y":1,"curve":"stepped"},{"time":0.4,"x":1,"y":1,"curve":"stepped"},{"time":0.5,"x":1,"y":1},{"time":0.6333,"x":0.739,"y":0.739,"curve":"stepped"},{"time":1.1666,"x":0.739,"y":0.739}]},"3huo":{"rotate":[{"time":0,"angle":0,"curve":"stepped"},{"time":0.2333,"angle":0,"curve":"stepped"},{"time":1.1666,"angle":0}],"translate":[{"time":0,"x":0,"y":0,"curve":"stepped"},{"time":0.2333,"x":0,"y":0,"curve":"stepped"},{"time":1.1666,"x":0,"y":0}],"scale":[{"time":0,"x":1,"y":1,"curve":"stepped"},{"time":0.2333,"x":1,"y":1},{"time":0.2666,"x":2.152,"y":0.466},{"time":0.4,"x":3.084,"y":0.668,"curve":"stepped"},{"time":1.1666,"x":3.084,"y":0.668}]},"dan":{"rotate":[{"time":0,"angle":0,"curve":[0.4,0.21,0.73,0.57]},{"time":0.0666,"angle":-100.06,"curve":[0.422,0.3,0.75,0.65]},{"time":0.1333,"angle":145.86,"curve":[0.471,0.36,0.794,0.71]},{"time":0.2,"angle":4.85,"curve":[0.7,0.47,1,0.84]},{"time":0.2666,"angle":-118.66,"curve":"stepped"},{"time":1.1666,"angle":-118.66}],"translate":[{"time":0,"x":-52.75,"y":224.77,"curve":[0.46,0.18,0.782,0.58]},{"time":0.1,"x":196.87,"y":77.47,"curve":[0.473,0.35,0.796,0.7]},{"time":0.1666,"x":482.15,"y":-210.66,"curve":[0.704,0.47,1,0.84]},{"time":0.2333,"x":844.4,"y":-710.53,"curve":"stepped"},{"time":1.1666,"x":844.4,"y":-710.53}],"scale":[{"time":0,"x":0.774,"y":0.774,"curve":[0.769,0.18,1,0.88]},{"time":0.2333,"x":1,"y":1,"curve":"stepped"},{"time":1.1666,"x":1,"y":1}]},"guang1":{"rotate":[{"time":0,"angle":0,"curve":"stepped"},{"time":0.3333,"angle":0,"curve":"stepped"},{"time":0.9,"angle":0,"curve":"stepped"},{"time":1.1666,"angle":0}],"translate":[{"time":0,"x":0,"y":0,"curve":"stepped"},{"time":0.3333,"x":0,"y":0,"curve":"stepped"},{"time":0.9,"x":0,"y":0,"curve":"stepped"},{"time":1.1666,"x":0,"y":0}],"scale":[{"time":0,"x":1,"y":1,"curve":"stepped"},{"time":0.3333,"x":1,"y":1,"curve":[0.235,0.26,0.472,1]},{"time":0.9,"x":1,"y":0.38,"curve":"stepped"},{"time":1.1666,"x":1,"y":0.38}]},"huo1":{"rotate":[{"time":0,"angle":0,"curve":"stepped"},{"time":0.2666,"angle":0,"curve":"stepped"},{"time":1.1666,"angle":0}],"translate":[{"time":0,"x":0,"y":0,"curve":"stepped"},{"time":0.2666,"x":0,"y":0,"curve":"stepped"},{"time":1.1666,"x":0,"y":0}],"scale":[{"time":0,"x":1,"y":1,"curve":"stepped"},{"time":0.2666,"x":1,"y":1,"curve":"stepped"},{"time":1.1666,"x":1,"y":1}]},"yan":{"rotate":[{"time":0,"angle":0,"curve":"stepped"},{"time":0.3333,"angle":0,"curve":"stepped"},{"time":0.9,"angle":0,"curve":"stepped"},{"time":1.1666,"angle":0}],"translate":[{"time":0,"x":0,"y":0},{"time":0.3333,"x":19.62,"y":78.53,"curve":[0,0.15,0.66,1]},{"time":0.9,"x":0,"y":164.32,"curve":"stepped"},{"time":1.1666,"x":0,"y":164.32}],"scale":[{"time":0,"x":1,"y":1,"curve":"stepped"},{"time":0.3333,"x":1,"y":1,"curve":[0,0.15,0.66,1]},{"time":0.9,"x":2.26,"y":2.26,"curve":"stepped"},{"time":1.1666,"x":2.26,"y":2.26}]},"yan2":{"rotate":[{"time":0,"angle":0,"curve":"stepped"},{"time":0.3,"angle":0,"curve":"stepped"},{"time":0.8666,"angle":0,"curve":"stepped"},{"time":1.1666,"angle":0}],"translate":[{"time":0,"x":0,"y":0},{"time":0.3,"x":19.62,"y":78.53,"curve":[0,0.15,0.66,1]},{"time":0.8666,"x":0,"y":377.76,"curve":"stepped"},{"time":1.1666,"x":0,"y":377.76}],"scale":[{"time":0,"x":1,"y":1,"curve":"stepped"},{"time":0.3,"x":1,"y":1,"curve":[0,0.15,0.66,1]},{"time":0.8666,"x":2.26,"y":2.26,"curve":"stepped"},{"time":1.1666,"x":2.26,"y":2.26}]},"zhadan":{"rotate":[{"time":0,"angle":0,"curve":"stepped"},{"time":0.3666,"angle":0,"curve":"stepped"},{"time":0.4333,"angle":0,"curve":"stepped"},{"time":0.5,"angle":0,"curve":"stepped"},{"time":0.5666,"angle":0,"curve":"stepped"},{"time":0.9,"angle":0,"curve":"stepped"},{"time":1.1666,"angle":0}],"translate":[{"time":0,"x":0,"y":0},{"time":0.3666,"x":0,"y":-345.14},{"time":0.4333,"x":0,"y":33.09},{"time":0.5,"x":0,"y":0,"curve":"stepped"},{"time":0.5666,"x":0,"y":0,"curve":"stepped"},{"time":0.9,"x":0,"y":0,"curve":[0.002,0.76,0.75,1]},{"time":0.9666,"x":-0.04,"y":-62.32,"curve":[0,0.84,0.75,1]},{"time":1.1666,"x":0.29,"y":504.9}],"scale":[{"time":0,"x":1,"y":1,"curve":"stepped"},{"time":0.2545,"x":1,"y":1,"curve":"stepped"},{"time":0.3666,"x":1,"y":1},{"time":0.4333,"x":1.447,"y":1.447},{"time":0.5,"x":0.905,"y":0.905},{"time":0.5666,"x":1,"y":1,"curve":"stepped"},{"time":0.9,"x":1,"y":1,"curve":"stepped"},{"time":1.1666,"x":1,"y":1}]}}}}}