{"skeleton":{"hash":"y9pFvdpRycw6rE8TOtCKcnsA+js","spine":"3.6.52","width":1144.68,"height":504.8,"images":"./images/"},"bones":[{"name":"root"},{"name":"bone3","parent":"root"},{"name":"bone","parent":"bone3","x":542.23,"y":27.31},{"name":"bone2","parent":"bone3","x":-585.74,"y":27.31},{"name":"jiantou","parent":"bone","x":15.43,"y":-221.05},{"name":"jiantou2","parent":"bone","x":15.43,"y":-204.02},{"name":"jiantou3","parent":"bone","x":15.43,"y":-185.29},{"name":"jiantou4","parent":"bone","x":15.43,"y":-168.47},{"name":"jiantou5","parent":"bone","x":15.43,"y":-150.22},{"name":"jiantou6","parent":"bone","x":15.43,"y":-133.87},{"name":"jiantou7","parent":"bone","x":15.43,"y":-115.14},{"name":"jiantou8","parent":"bone","x":15.43,"y":-98.08},{"name":"jiantou9","parent":"bone","x":15.43,"y":-80.54},{"name":"jiantou10","parent":"bone","x":15.43,"y":-63},{"name":"jiantou11","parent":"bone","x":15.43,"y":-45.23},{"name":"jiantou12","parent":"bone","x":15.43,"y":-28.87},{"name":"jiantou13","parent":"bone","x":15.43,"y":-9.68},{"name":"jiantou14","parent":"bone","x":15.43,"y":6.91},{"name":"jiantou15","parent":"bone","x":15.43,"y":23.27},{"name":"jiantou16","parent":"bone","x":15.43,"y":41.51},{"name":"jiantou17","parent":"bone","x":15.43,"y":59.53},{"name":"jiantou18","parent":"bone","x":15.43,"y":76.59},{"name":"jiantou19","parent":"bone","x":15.43,"y":92.94},{"name":"jiantou20","parent":"bone","x":15.43,"y":110.96},{"name":"jiantou21","parent":"bone","x":15.43,"y":128.73},{"name":"jiantou22","parent":"bone","x":15.43,"y":146.03},{"name":"jiantou23","parent":"bone","x":15.43,"y":162.86},{"name":"jiantou24","parent":"bone","x":15.43,"y":181.34},{"name":"jiantou25","parent":"bone","x":15.43,"y":198.64},{"name":"jiantou26","parent":"bone","x":15.43,"y":216.18},{"name":"jiantou27","parent":"bone","x":15.43,"y":233.72},{"name":"jiantou28","parent":"bone","x":15.43,"y":251.5},{"name":"jiantou29","parent":"bone","x":15.43,"y":268.56},{"name":"jiantou30","parent":"bone2","x":15.43,"y":-221.05},{"name":"jiantou31","parent":"bone2","x":15.43,"y":-204.02},{"name":"jiantou32","parent":"bone2","x":15.43,"y":-185.29},{"name":"jiantou33","parent":"bone2","x":15.43,"y":-168.47},{"name":"jiantou34","parent":"bone2","x":15.43,"y":-150.22},{"name":"jiantou35","parent":"bone2","x":15.43,"y":-133.87},{"name":"jiantou36","parent":"bone2","x":15.43,"y":-115.14},{"name":"jiantou37","parent":"bone2","x":15.43,"y":-98.08},{"name":"jiantou38","parent":"bone2","x":15.43,"y":-80.54},{"name":"jiantou39","parent":"bone2","x":15.43,"y":-63},{"name":"jiantou40","parent":"bone2","x":15.43,"y":-45.23},{"name":"jiantou41","parent":"bone2","x":15.43,"y":-28.87},{"name":"jiantou42","parent":"bone2","x":15.43,"y":-9.68},{"name":"jiantou43","parent":"bone2","x":15.43,"y":6.91},{"name":"jiantou44","parent":"bone2","x":15.43,"y":23.27},{"name":"jiantou45","parent":"bone2","x":15.43,"y":41.51},{"name":"jiantou46","parent":"bone2","x":15.43,"y":59.53},{"name":"jiantou47","parent":"bone2","x":15.43,"y":76.59},{"name":"jiantou48","parent":"bone2","x":15.43,"y":92.94},{"name":"jiantou49","parent":"bone2","x":15.43,"y":110.96},{"name":"jiantou50","parent":"bone2","x":15.43,"y":128.73},{"name":"jiantou51","parent":"bone2","x":15.43,"y":146.03},{"name":"jiantou52","parent":"bone2","x":15.43,"y":162.86},{"name":"jiantou53","parent":"bone2","x":15.43,"y":181.34},{"name":"jiantou54","parent":"bone2","x":15.43,"y":198.64},{"name":"jiantou55","parent":"bone2","x":15.43,"y":216.18},{"name":"jiantou56","parent":"bone2","x":15.43,"y":233.72},{"name":"jiantou57","parent":"bone2","x":15.43,"y":251.5},{"name":"jiantou58","parent":"bone2","x":15.43,"y":268.56},{"name":"jiantoudi","parent":"bone","x":34.06,"y":1.1},{"name":"jiantoudi2","parent":"bone2","x":34.06,"y":1.1}],"slots":[{"name":"jiantoudi","bone":"jiantoudi","attachment":"jiantoudi"},{"name":"jiantoudi2","bone":"jiantoudi2","attachment":"jiantoudi"},{"name":"jiantou","bone":"jiantou","attachment":"jiantou"},{"name":"jiantou30","bone":"jiantou30","attachment":"jiantou"},{"name":"jiantou2","bone":"jiantou2","attachment":"jiantou"},{"name":"jiantou31","bone":"jiantou31","attachment":"jiantou"},{"name":"jiantou3","bone":"jiantou3","attachment":"jiantou"},{"name":"jiantou32","bone":"jiantou32","attachment":"jiantou"},{"name":"jiantou4","bone":"jiantou4","attachment":"jiantou"},{"name":"jiantou33","bone":"jiantou33","attachment":"jiantou"},{"name":"jiantou5","bone":"jiantou5","attachment":"jiantou"},{"name":"jiantou34","bone":"jiantou34","attachment":"jiantou"},{"name":"jiantou6","bone":"jiantou6","attachment":"jiantou"},{"name":"jiantou35","bone":"jiantou35","attachment":"jiantou"},{"name":"jiantou7","bone":"jiantou7","attachment":"jiantou"},{"name":"jiantou36","bone":"jiantou36","attachment":"jiantou"},{"name":"jiantou8","bone":"jiantou8","attachment":"jiantou"},{"name":"jiantou37","bone":"jiantou37","attachment":"jiantou"},{"name":"jiantou9","bone":"jiantou9","attachment":"jiantou"},{"name":"jiantou38","bone":"jiantou38","attachment":"jiantou"},{"name":"jiantou10","bone":"jiantou10","attachment":"jiantou"},{"name":"jiantou39","bone":"jiantou39","attachment":"jiantou"},{"name":"jiantou11","bone":"jiantou11","attachment":"jiantou"},{"name":"jiantou40","bone":"jiantou40","attachment":"jiantou"},{"name":"jiantou12","bone":"jiantou12","attachment":"jiantou"},{"name":"jiantou41","bone":"jiantou41","attachment":"jiantou"},{"name":"jiantou13","bone":"jiantou13","attachment":"jiantou"},{"name":"jiantou42","bone":"jiantou42","attachment":"jiantou"},{"name":"jiantou14","bone":"jiantou14","attachment":"jiantou"},{"name":"jiantou43","bone":"jiantou43","attachment":"jiantou"},{"name":"jiantou15","bone":"jiantou15","attachment":"jiantou"},{"name":"jiantou44","bone":"jiantou44","attachment":"jiantou"},{"name":"jiantou16","bone":"jiantou16","attachment":"jiantou"},{"name":"jiantou45","bone":"jiantou45","attachment":"jiantou"},{"name":"jiantou17","bone":"jiantou17","attachment":"jiantou"},{"name":"jiantou46","bone":"jiantou46","attachment":"jiantou"},{"name":"jiantou18","bone":"jiantou18","attachment":"jiantou"},{"name":"jiantou47","bone":"jiantou47","attachment":"jiantou"},{"name":"jiantou19","bone":"jiantou19","attachment":"jiantou"},{"name":"jiantou48","bone":"jiantou48","attachment":"jiantou"},{"name":"jiantou20","bone":"jiantou20","attachment":"jiantou"},{"name":"jiantou49","bone":"jiantou49","attachment":"jiantou"},{"name":"jiantou21","bone":"jiantou21","attachment":"jiantou"},{"name":"jiantou50","bone":"jiantou50","attachment":"jiantou"},{"name":"jiantou22","bone":"jiantou22","attachment":"jiantou"},{"name":"jiantou51","bone":"jiantou51","attachment":"jiantou"},{"name":"jiantou23","bone":"jiantou23","attachment":"jiantou"},{"name":"jiantou52","bone":"jiantou52","attachment":"jiantou"},{"name":"jiantou24","bone":"jiantou24","attachment":"jiantou"},{"name":"jiantou53","bone":"jiantou53","attachment":"jiantou"},{"name":"jiantou25","bone":"jiantou25","attachment":"jiantou"},{"name":"jiantou54","bone":"jiantou54","attachment":"jiantou"},{"name":"jiantou26","bone":"jiantou26","attachment":"jiantou"},{"name":"jiantou55","bone":"jiantou55","attachment":"jiantou"},{"name":"jiantou27","bone":"jiantou27","attachment":"jiantou"},{"name":"jiantou56","bone":"jiantou56","attachment":"jiantou"},{"name":"jiantou28","bone":"jiantou28","attachment":"jiantou"},{"name":"jiantou57","bone":"jiantou57","attachment":"jiantou"},{"name":"jiantou29","bone":"jiantou29","attachment":"jiantou"},{"name":"jiantou58","bone":"jiantou58","attachment":"jiantou"}],"skins":{"default":{"jiantou":{"jiantou":{"x":0.33,"y":-2.04,"width":16,"height":15}},"jiantou10":{"jiantou":{"x":0.33,"y":-2.04,"width":16,"height":15}},"jiantou11":{"jiantou":{"x":0.33,"y":-2.04,"width":16,"height":15}},"jiantou12":{"jiantou":{"x":0.33,"y":-2.04,"width":16,"height":15}},"jiantou13":{"jiantou":{"x":0.33,"y":-2.04,"width":16,"height":15}},"jiantou14":{"jiantou":{"x":0.33,"y":-2.04,"width":16,"height":15}},"jiantou15":{"jiantou":{"x":0.33,"y":-2.04,"width":16,"height":15}},"jiantou16":{"jiantou":{"x":0.33,"y":-2.04,"width":16,"height":15}},"jiantou17":{"jiantou":{"x":0.33,"y":-2.04,"width":16,"height":15}},"jiantou18":{"jiantou":{"x":0.33,"y":-2.04,"width":16,"height":15}},"jiantou19":{"jiantou":{"x":0.33,"y":-2.04,"width":16,"height":15}},"jiantou2":{"jiantou":{"x":0.33,"y":-2.04,"width":16,"height":15}},"jiantou20":{"jiantou":{"x":0.33,"y":-2.04,"width":16,"height":15}},"jiantou21":{"jiantou":{"x":0.33,"y":-2.04,"width":16,"height":15}},"jiantou22":{"jiantou":{"x":0.33,"y":-2.04,"width":16,"height":15}},"jiantou23":{"jiantou":{"x":0.33,"y":-2.04,"width":16,"height":15}},"jiantou24":{"jiantou":{"x":0.33,"y":-2.04,"width":16,"height":15}},"jiantou25":{"jiantou":{"x":0.33,"y":-2.04,"width":16,"height":15}},"jiantou26":{"jiantou":{"x":0.33,"y":-2.04,"width":16,"height":15}},"jiantou27":{"jiantou":{"x":0.33,"y":-2.04,"width":16,"height":15}},"jiantou28":{"jiantou":{"x":0.33,"y":-2.04,"width":16,"height":15}},"jiantou29":{"jiantou":{"x":0.33,"y":-2.04,"width":16,"height":15}},"jiantou3":{"jiantou":{"x":0.33,"y":-2.04,"width":16,"height":15}},"jiantou30":{"jiantou":{"x":0.33,"y":-2.04,"width":16,"height":15}},"jiantou31":{"jiantou":{"x":0.33,"y":-2.04,"width":16,"height":15}},"jiantou32":{"jiantou":{"x":0.33,"y":-2.04,"width":16,"height":15}},"jiantou33":{"jiantou":{"x":0.33,"y":-2.04,"width":16,"height":15}},"jiantou34":{"jiantou":{"x":0.33,"y":-2.04,"width":16,"height":15}},"jiantou35":{"jiantou":{"x":0.33,"y":-2.04,"width":16,"height":15}},"jiantou36":{"jiantou":{"x":0.33,"y":-2.04,"width":16,"height":15}},"jiantou37":{"jiantou":{"x":0.33,"y":-2.04,"width":16,"height":15}},"jiantou38":{"jiantou":{"x":0.33,"y":-2.04,"width":16,"height":15}},"jiantou39":{"jiantou":{"x":0.33,"y":-2.04,"width":16,"height":15}},"jiantou4":{"jiantou":{"x":0.33,"y":-2.04,"width":16,"height":15}},"jiantou40":{"jiantou":{"x":0.33,"y":-2.04,"width":16,"height":15}},"jiantou41":{"jiantou":{"x":0.33,"y":-2.04,"width":16,"height":15}},"jiantou42":{"jiantou":{"x":0.33,"y":-2.04,"width":16,"height":15}},"jiantou43":{"jiantou":{"x":0.33,"y":-2.04,"width":16,"height":15}},"jiantou44":{"jiantou":{"x":0.33,"y":-2.04,"width":16,"height":15}},"jiantou45":{"jiantou":{"x":0.33,"y":-2.04,"width":16,"height":15}},"jiantou46":{"jiantou":{"x":0.33,"y":-2.04,"width":16,"height":15}},"jiantou47":{"jiantou":{"x":0.33,"y":-2.04,"width":16,"height":15}},"jiantou48":{"jiantou":{"x":0.33,"y":-2.04,"width":16,"height":15}},"jiantou49":{"jiantou":{"x":0.33,"y":-2.04,"width":16,"height":15}},"jiantou5":{"jiantou":{"x":0.33,"y":-2.04,"width":16,"height":15}},"jiantou50":{"jiantou":{"x":0.33,"y":-2.04,"width":16,"height":15}},"jiantou51":{"jiantou":{"x":0.33,"y":-2.04,"width":16,"height":15}},"jiantou52":{"jiantou":{"x":0.33,"y":-2.04,"width":16,"height":15}},"jiantou53":{"jiantou":{"x":0.33,"y":-2.04,"width":16,"height":15}},"jiantou54":{"jiantou":{"x":0.33,"y":-2.04,"width":16,"height":15}},"jiantou55":{"jiantou":{"x":0.33,"y":-2.04,"width":16,"height":15}},"jiantou56":{"jiantou":{"x":0.33,"y":-2.04,"width":16,"height":15}},"jiantou57":{"jiantou":{"x":0.33,"y":-2.04,"width":16,"height":15}},"jiantou58":{"jiantou":{"x":0.33,"y":-2.04,"width":16,"height":15}},"jiantou6":{"jiantou":{"x":0.33,"y":-2.04,"width":16,"height":15}},"jiantou7":{"jiantou":{"x":0.33,"y":-2.04,"width":16,"height":15}},"jiantou8":{"jiantou":{"x":0.33,"y":-2.04,"width":16,"height":15}},"jiantou9":{"jiantou":{"x":0.33,"y":-2.04,"width":16,"height":15}},"jiantoudi":{"jiantoudi":{"x":-19.03,"y":21.11,"width":16,"height":504}},"jiantoudi2":{"jiantoudi":{"x":-19.03,"y":21.11,"width":16,"height":504}}}},"animations":{"animation":{"slots":{"jiantou":{"color":[{"time":0,"color":"ffffffff"},{"time":0.2333,"color":"ffffff00"}],"attachment":[{"time":0,"name":"jiantou"}]},"jiantou2":{"color":[{"time":0,"color":"ffffffff","curve":"stepped"},{"time":0.0667,"color":"ffffffff"},{"time":0.3,"color":"ffffff00"}],"attachment":[{"time":0,"name":null},{"time":0.0667,"name":"jiantou"}]},"jiantou3":{"color":[{"time":0,"color":"ffffffff","curve":"stepped"},{"time":0.1,"color":"ffffffff"},{"time":0.3333,"color":"ffffff00"}],"attachment":[{"time":0,"name":null},{"time":0.1,"name":"jiantou"}]},"jiantou4":{"color":[{"time":0,"color":"ffffffff","curve":"stepped"},{"time":0.1333,"color":"ffffffff"},{"time":0.3667,"color":"ffffff00"}],"attachment":[{"time":0,"name":null},{"time":0.1333,"name":"jiantou"}]},"jiantou5":{"color":[{"time":0,"color":"ffffffff","curve":"stepped"},{"time":0.1667,"color":"ffffffff"},{"time":0.4,"color":"ffffff00"}],"attachment":[{"time":0,"name":null},{"time":0.1667,"name":"jiantou"}]},"jiantou6":{"color":[{"time":0,"color":"ffffffff","curve":"stepped"},{"time":0.2,"color":"ffffffff"},{"time":0.4333,"color":"ffffff00"}],"attachment":[{"time":0,"name":null},{"time":0.2,"name":"jiantou"}]},"jiantou7":{"color":[{"time":0,"color":"ffffffff","curve":"stepped"},{"time":0.2333,"color":"ffffffff"},{"time":0.4667,"color":"ffffff00"}],"attachment":[{"time":0,"name":null},{"time":0.2333,"name":"jiantou"}]},"jiantou8":{"color":[{"time":0,"color":"ffffffff","curve":"stepped"},{"time":0.2667,"color":"ffffffff"},{"time":0.5,"color":"ffffff00"}],"attachment":[{"time":0,"name":null},{"time":0.2667,"name":"jiantou"}]},"jiantou9":{"color":[{"time":0,"color":"ffffffff","curve":"stepped"},{"time":0.3,"color":"ffffffff"},{"time":0.5333,"color":"ffffff00"}],"attachment":[{"time":0,"name":null},{"time":0.3,"name":"jiantou"}]},"jiantou10":{"color":[{"time":0,"color":"ffffffff","curve":"stepped"},{"time":0.3333,"color":"ffffffff"},{"time":0.5667,"color":"ffffff00"}],"attachment":[{"time":0,"name":null},{"time":0.3333,"name":"jiantou"}]},"jiantou11":{"color":[{"time":0,"color":"ffffffff","curve":"stepped"},{"time":0.3667,"color":"ffffffff"},{"time":0.6,"color":"ffffff00"}],"attachment":[{"time":0,"name":null},{"time":0.3667,"name":"jiantou"}]},"jiantou12":{"color":[{"time":0,"color":"ffffffff","curve":"stepped"},{"time":0.4,"color":"ffffffff"},{"time":0.6333,"color":"ffffff00"}],"attachment":[{"time":0,"name":null},{"time":0.4,"name":"jiantou"}]},"jiantou13":{"color":[{"time":0,"color":"ffffffff","curve":"stepped"},{"time":0.4333,"color":"ffffffff"},{"time":0.6667,"color":"ffffff00"}],"attachment":[{"time":0,"name":null},{"time":0.4333,"name":"jiantou"}]},"jiantou14":{"color":[{"time":0,"color":"ffffffff","curve":"stepped"},{"time":0.4667,"color":"ffffffff"},{"time":0.7,"color":"ffffff00"}],"attachment":[{"time":0,"name":null},{"time":0.4667,"name":"jiantou"}]},"jiantou15":{"color":[{"time":0,"color":"ffffffff","curve":"stepped"},{"time":0.5,"color":"ffffffff"},{"time":0.7333,"color":"ffffff00"}],"attachment":[{"time":0,"name":null},{"time":0.5,"name":"jiantou"}]},"jiantou16":{"color":[{"time":0,"color":"ffffffff","curve":"stepped"},{"time":0.5333,"color":"ffffffff"},{"time":0.7667,"color":"ffffff00"}],"attachment":[{"time":0,"name":null},{"time":0.5333,"name":"jiantou"}]},"jiantou17":{"color":[{"time":0,"color":"ffffffff","curve":"stepped"},{"time":0.5667,"color":"ffffffff"},{"time":0.8,"color":"ffffff00"}],"attachment":[{"time":0,"name":null},{"time":0.5667,"name":"jiantou"}]},"jiantou18":{"color":[{"time":0,"color":"ffffffff","curve":"stepped"},{"time":0.6,"color":"ffffffff"},{"time":0.8333,"color":"ffffff00"}],"attachment":[{"time":0,"name":null},{"time":0.6,"name":"jiantou"}]},"jiantou19":{"color":[{"time":0,"color":"ffffffff","curve":"stepped"},{"time":0.6333,"color":"ffffffff"},{"time":0.8667,"color":"ffffff00"}],"attachment":[{"time":0,"name":null},{"time":0.6333,"name":"jiantou"}]},"jiantou20":{"color":[{"time":0,"color":"ffffffff","curve":"stepped"},{"time":0.6667,"color":"ffffffff"},{"time":0.9,"color":"ffffff00"}],"attachment":[{"time":0,"name":null},{"time":0.6667,"name":"jiantou"}]},"jiantou21":{"color":[{"time":0,"color":"ffffffff","curve":"stepped"},{"time":0.7,"color":"ffffffff"},{"time":0.9333,"color":"ffffff00"}],"attachment":[{"time":0,"name":null},{"time":0.7,"name":"jiantou"}]},"jiantou22":{"color":[{"time":0,"color":"ffffffff","curve":"stepped"},{"time":0.7333,"color":"ffffffff"},{"time":0.9667,"color":"ffffff00"}],"attachment":[{"time":0,"name":null},{"time":0.7333,"name":"jiantou"}]},"jiantou23":{"color":[{"time":0,"color":"ffffffff","curve":"stepped"},{"time":0.7333,"color":"ffffffff"},{"time":0.9667,"color":"ffffff00"}],"attachment":[{"time":0,"name":null},{"time":0.7333,"name":"jiantou"}]},"jiantou24":{"color":[{"time":0,"color":"ffffffff","curve":"stepped"},{"time":0.7667,"color":"ffffffff"},{"time":1,"color":"ffffff00"}],"attachment":[{"time":0,"name":null},{"time":0.7667,"name":"jiantou"}]},"jiantou25":{"color":[{"time":0,"color":"ffffffff","curve":"stepped"},{"time":0.8,"color":"ffffffff"},{"time":1.0333,"color":"ffffff00"}],"attachment":[{"time":0,"name":null},{"time":0.8,"name":"jiantou"}]},"jiantou26":{"color":[{"time":0,"color":"ffffffff","curve":"stepped"},{"time":0.8333,"color":"ffffffff"},{"time":1.0667,"color":"ffffff00"}],"attachment":[{"time":0,"name":null},{"time":0.8333,"name":"jiantou"}]},"jiantou27":{"color":[{"time":0,"color":"ffffffff","curve":"stepped"},{"time":0.8667,"color":"ffffffff"},{"time":1.1,"color":"ffffff00"}],"attachment":[{"time":0,"name":null},{"time":0.8667,"name":"jiantou"}]},"jiantou28":{"color":[{"time":0,"color":"ffffffff","curve":"stepped"},{"time":0.9,"color":"ffffffff"},{"time":1.1333,"color":"ffffff00"}],"attachment":[{"time":0,"name":null},{"time":0.9,"name":"jiantou"}]},"jiantou29":{"color":[{"time":0,"color":"ffffffff","curve":"stepped"},{"time":0.9333,"color":"ffffffff"},{"time":1.1667,"color":"ffffff00"}],"attachment":[{"time":0,"name":null},{"time":0.9333,"name":"jiantou"}]},"jiantou30":{"color":[{"time":0,"color":"ffffffff"},{"time":0.2333,"color":"ffffff00"}],"attachment":[{"time":0,"name":"jiantou"}]},"jiantou31":{"color":[{"time":0,"color":"ffffffff","curve":"stepped"},{"time":0.0667,"color":"ffffffff"},{"time":0.3,"color":"ffffff00"}],"attachment":[{"time":0,"name":null},{"time":0.0667,"name":"jiantou"}]},"jiantou32":{"color":[{"time":0,"color":"ffffffff","curve":"stepped"},{"time":0.1,"color":"ffffffff"},{"time":0.3333,"color":"ffffff00"}],"attachment":[{"time":0,"name":null},{"time":0.1,"name":"jiantou"}]},"jiantou33":{"color":[{"time":0,"color":"ffffffff","curve":"stepped"},{"time":0.1333,"color":"ffffffff"},{"time":0.3667,"color":"ffffff00"}],"attachment":[{"time":0,"name":null},{"time":0.1333,"name":"jiantou"}]},"jiantou34":{"color":[{"time":0,"color":"ffffffff","curve":"stepped"},{"time":0.1667,"color":"ffffffff"},{"time":0.4,"color":"ffffff00"}],"attachment":[{"time":0,"name":null},{"time":0.1667,"name":"jiantou"}]},"jiantou35":{"color":[{"time":0,"color":"ffffffff","curve":"stepped"},{"time":0.2,"color":"ffffffff"},{"time":0.4333,"color":"ffffff00"}],"attachment":[{"time":0,"name":null},{"time":0.2,"name":"jiantou"}]},"jiantou36":{"color":[{"time":0,"color":"ffffffff","curve":"stepped"},{"time":0.2333,"color":"ffffffff"},{"time":0.4667,"color":"ffffff00"}],"attachment":[{"time":0,"name":null},{"time":0.2333,"name":"jiantou"}]},"jiantou37":{"color":[{"time":0,"color":"ffffffff","curve":"stepped"},{"time":0.2667,"color":"ffffffff"},{"time":0.5,"color":"ffffff00"}],"attachment":[{"time":0,"name":null},{"time":0.2667,"name":"jiantou"}]},"jiantou38":{"color":[{"time":0,"color":"ffffffff","curve":"stepped"},{"time":0.3,"color":"ffffffff"},{"time":0.5333,"color":"ffffff00"}],"attachment":[{"time":0,"name":null},{"time":0.3,"name":"jiantou"}]},"jiantou39":{"color":[{"time":0,"color":"ffffffff","curve":"stepped"},{"time":0.3333,"color":"ffffffff"},{"time":0.5667,"color":"ffffff00"}],"attachment":[{"time":0,"name":null},{"time":0.3333,"name":"jiantou"}]},"jiantou40":{"color":[{"time":0,"color":"ffffffff","curve":"stepped"},{"time":0.3667,"color":"ffffffff"},{"time":0.6,"color":"ffffff00"}],"attachment":[{"time":0,"name":null},{"time":0.3667,"name":"jiantou"}]},"jiantou41":{"color":[{"time":0,"color":"ffffffff","curve":"stepped"},{"time":0.4,"color":"ffffffff"},{"time":0.6333,"color":"ffffff00"}],"attachment":[{"time":0,"name":null},{"time":0.4,"name":"jiantou"}]},"jiantou42":{"color":[{"time":0,"color":"ffffffff","curve":"stepped"},{"time":0.4333,"color":"ffffffff"},{"time":0.6667,"color":"ffffff00"}],"attachment":[{"time":0,"name":null},{"time":0.4333,"name":"jiantou"}]},"jiantou43":{"color":[{"time":0,"color":"ffffffff","curve":"stepped"},{"time":0.4667,"color":"ffffffff"},{"time":0.7,"color":"ffffff00"}],"attachment":[{"time":0,"name":null},{"time":0.4667,"name":"jiantou"}]},"jiantou44":{"color":[{"time":0,"color":"ffffffff","curve":"stepped"},{"time":0.5,"color":"ffffffff"},{"time":0.7333,"color":"ffffff00"}],"attachment":[{"time":0,"name":null},{"time":0.5,"name":"jiantou"}]},"jiantou45":{"color":[{"time":0,"color":"ffffffff","curve":"stepped"},{"time":0.5333,"color":"ffffffff"},{"time":0.7667,"color":"ffffff00"}],"attachment":[{"time":0,"name":null},{"time":0.5333,"name":"jiantou"}]},"jiantou46":{"color":[{"time":0,"color":"ffffffff","curve":"stepped"},{"time":0.5667,"color":"ffffffff"},{"time":0.8,"color":"ffffff00"}],"attachment":[{"time":0,"name":null},{"time":0.5667,"name":"jiantou"}]},"jiantou47":{"color":[{"time":0,"color":"ffffffff","curve":"stepped"},{"time":0.6,"color":"ffffffff"},{"time":0.8333,"color":"ffffff00"}],"attachment":[{"time":0,"name":null},{"time":0.6,"name":"jiantou"}]},"jiantou48":{"color":[{"time":0,"color":"ffffffff","curve":"stepped"},{"time":0.6333,"color":"ffffffff"},{"time":0.8667,"color":"ffffff00"}],"attachment":[{"time":0,"name":null},{"time":0.6333,"name":"jiantou"}]},"jiantou49":{"color":[{"time":0,"color":"ffffffff","curve":"stepped"},{"time":0.6667,"color":"ffffffff"},{"time":0.9,"color":"ffffff00"}],"attachment":[{"time":0,"name":null},{"time":0.6667,"name":"jiantou"}]},"jiantou50":{"color":[{"time":0,"color":"ffffffff","curve":"stepped"},{"time":0.7,"color":"ffffffff"},{"time":0.9333,"color":"ffffff00"}],"attachment":[{"time":0,"name":null},{"time":0.7,"name":"jiantou"}]},"jiantou51":{"color":[{"time":0,"color":"ffffffff","curve":"stepped"},{"time":0.7333,"color":"ffffffff"},{"time":0.9667,"color":"ffffff00"}],"attachment":[{"time":0,"name":null},{"time":0.7333,"name":"jiantou"}]},"jiantou52":{"color":[{"time":0,"color":"ffffffff","curve":"stepped"},{"time":0.7333,"color":"ffffffff"},{"time":0.9667,"color":"ffffff00"}],"attachment":[{"time":0,"name":null},{"time":0.7333,"name":"jiantou"}]},"jiantou53":{"color":[{"time":0,"color":"ffffffff","curve":"stepped"},{"time":0.7667,"color":"ffffffff"},{"time":1,"color":"ffffff00"}],"attachment":[{"time":0,"name":null},{"time":0.7667,"name":"jiantou"}]},"jiantou54":{"color":[{"time":0,"color":"ffffffff","curve":"stepped"},{"time":0.8,"color":"ffffffff"},{"time":1.0333,"color":"ffffff00"}],"attachment":[{"time":0,"name":null},{"time":0.8,"name":"jiantou"}]},"jiantou55":{"color":[{"time":0,"color":"ffffffff","curve":"stepped"},{"time":0.8333,"color":"ffffffff"},{"time":1.0667,"color":"ffffff00"}],"attachment":[{"time":0,"name":null},{"time":0.8333,"name":"jiantou"}]},"jiantou56":{"color":[{"time":0,"color":"ffffffff","curve":"stepped"},{"time":0.8667,"color":"ffffffff"},{"time":1.1,"color":"ffffff00"}],"attachment":[{"time":0,"name":null},{"time":0.8667,"name":"jiantou"}]},"jiantou57":{"color":[{"time":0,"color":"ffffffff","curve":"stepped"},{"time":0.9,"color":"ffffffff"},{"time":1.1333,"color":"ffffff00"}],"attachment":[{"time":0,"name":null},{"time":0.9,"name":"jiantou"}]},"jiantou58":{"color":[{"time":0,"color":"ffffffff","curve":"stepped"},{"time":0.9333,"color":"ffffffff"},{"time":1.1667,"color":"ffffff00"}],"attachment":[{"time":0,"name":null},{"time":0.9333,"name":"jiantou"}]},"jiantoudi":{"color":[{"time":0,"color":"ffffffff"}],"attachment":[{"time":0,"name":"jiantoudi"}]},"jiantoudi2":{"color":[{"time":0,"color":"ffffffff"}],"attachment":[{"time":0,"name":"jiantoudi"}]}},"bones":{"jiantou":{"rotate":[{"time":0,"angle":0}],"translate":[{"time":0,"x":0,"y":0}],"scale":[{"time":0,"x":1,"y":1}]},"jiantou2":{"rotate":[{"time":0,"angle":0,"curve":"stepped"},{"time":0.0667,"angle":0}],"translate":[{"time":0,"x":0,"y":0,"curve":"stepped"},{"time":0.0667,"x":0,"y":0}],"scale":[{"time":0,"x":1,"y":1,"curve":"stepped"},{"time":0.0667,"x":1,"y":1}]},"jiantou3":{"rotate":[{"time":0,"angle":0,"curve":"stepped"},{"time":0.1,"angle":0}],"translate":[{"time":0,"x":0,"y":0,"curve":"stepped"},{"time":0.1,"x":0,"y":0}],"scale":[{"time":0,"x":1,"y":1,"curve":"stepped"},{"time":0.1,"x":1,"y":1}]},"jiantou4":{"rotate":[{"time":0,"angle":0,"curve":"stepped"},{"time":0.1333,"angle":0}],"translate":[{"time":0,"x":0,"y":0,"curve":"stepped"},{"time":0.1333,"x":0,"y":0}],"scale":[{"time":0,"x":1,"y":1,"curve":"stepped"},{"time":0.1333,"x":1,"y":1}]},"jiantou5":{"rotate":[{"time":0,"angle":0,"curve":"stepped"},{"time":0.1667,"angle":0}],"translate":[{"time":0,"x":0,"y":0,"curve":"stepped"},{"time":0.1667,"x":0,"y":0}],"scale":[{"time":0,"x":1,"y":1,"curve":"stepped"},{"time":0.1667,"x":1,"y":1}]},"jiantou6":{"rotate":[{"time":0,"angle":0,"curve":"stepped"},{"time":0.2,"angle":0}],"translate":[{"time":0,"x":0,"y":0,"curve":"stepped"},{"time":0.2,"x":0,"y":0}],"scale":[{"time":0,"x":1,"y":1,"curve":"stepped"},{"time":0.2,"x":1,"y":1}]},"jiantou7":{"rotate":[{"time":0,"angle":0,"curve":"stepped"},{"time":0.2333,"angle":0}],"translate":[{"time":0,"x":0,"y":0,"curve":"stepped"},{"time":0.2333,"x":0,"y":0}],"scale":[{"time":0,"x":1,"y":1,"curve":"stepped"},{"time":0.2333,"x":1,"y":1}]},"jiantou8":{"rotate":[{"time":0,"angle":0,"curve":"stepped"},{"time":0.2667,"angle":0}],"translate":[{"time":0,"x":0,"y":0,"curve":"stepped"},{"time":0.2667,"x":0,"y":0}],"scale":[{"time":0,"x":1,"y":1,"curve":"stepped"},{"time":0.2667,"x":1,"y":1}]},"jiantou9":{"rotate":[{"time":0,"angle":0,"curve":"stepped"},{"time":0.3,"angle":0}],"translate":[{"time":0,"x":0,"y":0,"curve":"stepped"},{"time":0.3,"x":0,"y":0}],"scale":[{"time":0,"x":1,"y":1,"curve":"stepped"},{"time":0.3,"x":1,"y":1}]},"jiantou10":{"rotate":[{"time":0,"angle":0,"curve":"stepped"},{"time":0.3333,"angle":0}],"translate":[{"time":0,"x":0,"y":0,"curve":"stepped"},{"time":0.3333,"x":0,"y":0}],"scale":[{"time":0,"x":1,"y":1,"curve":"stepped"},{"time":0.3333,"x":1,"y":1}]},"jiantou11":{"rotate":[{"time":0,"angle":0,"curve":"stepped"},{"time":0.3667,"angle":0}],"translate":[{"time":0,"x":0,"y":0,"curve":"stepped"},{"time":0.3667,"x":0,"y":0}],"scale":[{"time":0,"x":1,"y":1,"curve":"stepped"},{"time":0.3667,"x":1,"y":1}]},"jiantou12":{"rotate":[{"time":0,"angle":0,"curve":"stepped"},{"time":0.4,"angle":0}],"translate":[{"time":0,"x":0,"y":0,"curve":"stepped"},{"time":0.4,"x":0,"y":0}],"scale":[{"time":0,"x":1,"y":1,"curve":"stepped"},{"time":0.4,"x":1,"y":1}]},"jiantou13":{"rotate":[{"time":0,"angle":0,"curve":"stepped"},{"time":0.4333,"angle":0}],"translate":[{"time":0,"x":0,"y":0,"curve":"stepped"},{"time":0.4333,"x":0,"y":0}],"scale":[{"time":0,"x":1,"y":1,"curve":"stepped"},{"time":0.4333,"x":1,"y":1}]},"jiantou14":{"rotate":[{"time":0,"angle":0,"curve":"stepped"},{"time":0.4667,"angle":0}],"translate":[{"time":0,"x":0,"y":0,"curve":"stepped"},{"time":0.4667,"x":0,"y":0}],"scale":[{"time":0,"x":1,"y":1,"curve":"stepped"},{"time":0.4667,"x":1,"y":1}]},"jiantou15":{"rotate":[{"time":0,"angle":0,"curve":"stepped"},{"time":0.5,"angle":0}],"translate":[{"time":0,"x":0,"y":0,"curve":"stepped"},{"time":0.5,"x":0,"y":0}],"scale":[{"time":0,"x":1,"y":1,"curve":"stepped"},{"time":0.5,"x":1,"y":1}]},"jiantou16":{"rotate":[{"time":0,"angle":0,"curve":"stepped"},{"time":0.5333,"angle":0}],"translate":[{"time":0,"x":0,"y":0,"curve":"stepped"},{"time":0.5333,"x":0,"y":0}],"scale":[{"time":0,"x":1,"y":1,"curve":"stepped"},{"time":0.5333,"x":1,"y":1}]},"jiantou17":{"rotate":[{"time":0,"angle":0,"curve":"stepped"},{"time":0.5667,"angle":0}],"translate":[{"time":0,"x":0,"y":0,"curve":"stepped"},{"time":0.5667,"x":0,"y":0}],"scale":[{"time":0,"x":1,"y":1,"curve":"stepped"},{"time":0.5667,"x":1,"y":1}]},"jiantou18":{"rotate":[{"time":0,"angle":0,"curve":"stepped"},{"time":0.6,"angle":0}],"translate":[{"time":0,"x":0,"y":0,"curve":"stepped"},{"time":0.6,"x":0,"y":0}],"scale":[{"time":0,"x":1,"y":1,"curve":"stepped"},{"time":0.6,"x":1,"y":1}]},"jiantou19":{"rotate":[{"time":0,"angle":0,"curve":"stepped"},{"time":0.6333,"angle":0}],"translate":[{"time":0,"x":0,"y":0,"curve":"stepped"},{"time":0.6333,"x":0,"y":0}],"scale":[{"time":0,"x":1,"y":1,"curve":"stepped"},{"time":0.6333,"x":1,"y":1}]},"jiantou20":{"rotate":[{"time":0,"angle":0,"curve":"stepped"},{"time":0.6667,"angle":0}],"translate":[{"time":0,"x":0,"y":0,"curve":"stepped"},{"time":0.6667,"x":0,"y":0}],"scale":[{"time":0,"x":1,"y":1,"curve":"stepped"},{"time":0.6667,"x":1,"y":1}]},"jiantou21":{"rotate":[{"time":0,"angle":0,"curve":"stepped"},{"time":0.7,"angle":0}],"translate":[{"time":0,"x":0,"y":0,"curve":"stepped"},{"time":0.7,"x":0,"y":0}],"scale":[{"time":0,"x":1,"y":1,"curve":"stepped"},{"time":0.7,"x":1,"y":1}]},"jiantou22":{"rotate":[{"time":0,"angle":0,"curve":"stepped"},{"time":0.7333,"angle":0}],"translate":[{"time":0,"x":0,"y":0,"curve":"stepped"},{"time":0.7333,"x":0,"y":0}],"scale":[{"time":0,"x":1,"y":1,"curve":"stepped"},{"time":0.7333,"x":1,"y":1}]},"jiantou23":{"rotate":[{"time":0,"angle":0,"curve":"stepped"},{"time":0.7333,"angle":0}],"translate":[{"time":0,"x":0,"y":0,"curve":"stepped"},{"time":0.7333,"x":0,"y":0}],"scale":[{"time":0,"x":1,"y":1,"curve":"stepped"},{"time":0.7333,"x":1,"y":1}]},"jiantou24":{"rotate":[{"time":0,"angle":0,"curve":"stepped"},{"time":0.7667,"angle":0}],"translate":[{"time":0,"x":0,"y":0,"curve":"stepped"},{"time":0.7667,"x":0,"y":0}],"scale":[{"time":0,"x":1,"y":1,"curve":"stepped"},{"time":0.7667,"x":1,"y":1}]},"jiantou25":{"rotate":[{"time":0,"angle":0,"curve":"stepped"},{"time":0.8,"angle":0}],"translate":[{"time":0,"x":0,"y":0,"curve":"stepped"},{"time":0.8,"x":0,"y":0}],"scale":[{"time":0,"x":1,"y":1,"curve":"stepped"},{"time":0.8,"x":1,"y":1}]},"jiantou26":{"rotate":[{"time":0,"angle":0,"curve":"stepped"},{"time":0.8333,"angle":0}],"translate":[{"time":0,"x":0,"y":0,"curve":"stepped"},{"time":0.8333,"x":0,"y":0}],"scale":[{"time":0,"x":1,"y":1,"curve":"stepped"},{"time":0.8333,"x":1,"y":1}]},"jiantou27":{"rotate":[{"time":0,"angle":0,"curve":"stepped"},{"time":0.8667,"angle":0}],"translate":[{"time":0,"x":0,"y":0,"curve":"stepped"},{"time":0.8667,"x":0,"y":0}],"scale":[{"time":0,"x":1,"y":1,"curve":"stepped"},{"time":0.8667,"x":1,"y":1}]},"jiantou28":{"rotate":[{"time":0,"angle":0,"curve":"stepped"},{"time":0.9,"angle":0}],"translate":[{"time":0,"x":0,"y":0,"curve":"stepped"},{"time":0.9,"x":0,"y":0}],"scale":[{"time":0,"x":1,"y":1,"curve":"stepped"},{"time":0.9,"x":1,"y":1}]},"jiantou29":{"rotate":[{"time":0,"angle":0,"curve":"stepped"},{"time":0.9333,"angle":0}],"translate":[{"time":0,"x":0,"y":0,"curve":"stepped"},{"time":0.9333,"x":0,"y":0}],"scale":[{"time":0,"x":1,"y":1,"curve":"stepped"},{"time":0.9333,"x":1,"y":1}]},"jiantoudi":{"rotate":[{"time":0,"angle":0}],"translate":[{"time":0,"x":0,"y":0}],"scale":[{"time":0,"x":1,"y":1}]},"jiantou30":{"rotate":[{"time":0,"angle":0}],"translate":[{"time":0,"x":0,"y":0}],"scale":[{"time":0,"x":1,"y":1}]},"jiantou31":{"rotate":[{"time":0,"angle":0,"curve":"stepped"},{"time":0.0667,"angle":0}],"translate":[{"time":0,"x":0,"y":0,"curve":"stepped"},{"time":0.0667,"x":0,"y":0}],"scale":[{"time":0,"x":1,"y":1,"curve":"stepped"},{"time":0.0667,"x":1,"y":1}]},"jiantou32":{"rotate":[{"time":0,"angle":0,"curve":"stepped"},{"time":0.1,"angle":0}],"translate":[{"time":0,"x":0,"y":0,"curve":"stepped"},{"time":0.1,"x":0,"y":0}],"scale":[{"time":0,"x":1,"y":1,"curve":"stepped"},{"time":0.1,"x":1,"y":1}]},"jiantou33":{"rotate":[{"time":0,"angle":0,"curve":"stepped"},{"time":0.1333,"angle":0}],"translate":[{"time":0,"x":0,"y":0,"curve":"stepped"},{"time":0.1333,"x":0,"y":0}],"scale":[{"time":0,"x":1,"y":1,"curve":"stepped"},{"time":0.1333,"x":1,"y":1}]},"jiantou34":{"rotate":[{"time":0,"angle":0,"curve":"stepped"},{"time":0.1667,"angle":0}],"translate":[{"time":0,"x":0,"y":0,"curve":"stepped"},{"time":0.1667,"x":0,"y":0}],"scale":[{"time":0,"x":1,"y":1,"curve":"stepped"},{"time":0.1667,"x":1,"y":1}]},"jiantou35":{"rotate":[{"time":0,"angle":0,"curve":"stepped"},{"time":0.2,"angle":0}],"translate":[{"time":0,"x":0,"y":0,"curve":"stepped"},{"time":0.2,"x":0,"y":0}],"scale":[{"time":0,"x":1,"y":1,"curve":"stepped"},{"time":0.2,"x":1,"y":1}]},"jiantou36":{"rotate":[{"time":0,"angle":0,"curve":"stepped"},{"time":0.2333,"angle":0}],"translate":[{"time":0,"x":0,"y":0,"curve":"stepped"},{"time":0.2333,"x":0,"y":0}],"scale":[{"time":0,"x":1,"y":1,"curve":"stepped"},{"time":0.2333,"x":1,"y":1}]},"jiantou37":{"rotate":[{"time":0,"angle":0,"curve":"stepped"},{"time":0.2667,"angle":0}],"translate":[{"time":0,"x":0,"y":0,"curve":"stepped"},{"time":0.2667,"x":0,"y":0}],"scale":[{"time":0,"x":1,"y":1,"curve":"stepped"},{"time":0.2667,"x":1,"y":1}]},"jiantou38":{"rotate":[{"time":0,"angle":0,"curve":"stepped"},{"time":0.3,"angle":0}],"translate":[{"time":0,"x":0,"y":0,"curve":"stepped"},{"time":0.3,"x":0,"y":0}],"scale":[{"time":0,"x":1,"y":1,"curve":"stepped"},{"time":0.3,"x":1,"y":1}]},"jiantou39":{"rotate":[{"time":0,"angle":0,"curve":"stepped"},{"time":0.3333,"angle":0}],"translate":[{"time":0,"x":0,"y":0,"curve":"stepped"},{"time":0.3333,"x":0,"y":0}],"scale":[{"time":0,"x":1,"y":1,"curve":"stepped"},{"time":0.3333,"x":1,"y":1}]},"jiantou40":{"rotate":[{"time":0,"angle":0,"curve":"stepped"},{"time":0.3667,"angle":0}],"translate":[{"time":0,"x":0,"y":0,"curve":"stepped"},{"time":0.3667,"x":0,"y":0}],"scale":[{"time":0,"x":1,"y":1,"curve":"stepped"},{"time":0.3667,"x":1,"y":1}]},"jiantou41":{"rotate":[{"time":0,"angle":0,"curve":"stepped"},{"time":0.4,"angle":0}],"translate":[{"time":0,"x":0,"y":0,"curve":"stepped"},{"time":0.4,"x":0,"y":0}],"scale":[{"time":0,"x":1,"y":1,"curve":"stepped"},{"time":0.4,"x":1,"y":1}]},"jiantou42":{"rotate":[{"time":0,"angle":0,"curve":"stepped"},{"time":0.4333,"angle":0}],"translate":[{"time":0,"x":0,"y":0,"curve":"stepped"},{"time":0.4333,"x":0,"y":0}],"scale":[{"time":0,"x":1,"y":1,"curve":"stepped"},{"time":0.4333,"x":1,"y":1}]},"jiantou43":{"rotate":[{"time":0,"angle":0,"curve":"stepped"},{"time":0.4667,"angle":0}],"translate":[{"time":0,"x":0,"y":0,"curve":"stepped"},{"time":0.4667,"x":0,"y":0}],"scale":[{"time":0,"x":1,"y":1,"curve":"stepped"},{"time":0.4667,"x":1,"y":1}]},"jiantou44":{"rotate":[{"time":0,"angle":0,"curve":"stepped"},{"time":0.5,"angle":0}],"translate":[{"time":0,"x":0,"y":0,"curve":"stepped"},{"time":0.5,"x":0,"y":0}],"scale":[{"time":0,"x":1,"y":1,"curve":"stepped"},{"time":0.5,"x":1,"y":1}]},"jiantou45":{"rotate":[{"time":0,"angle":0,"curve":"stepped"},{"time":0.5333,"angle":0}],"translate":[{"time":0,"x":0,"y":0,"curve":"stepped"},{"time":0.5333,"x":0,"y":0}],"scale":[{"time":0,"x":1,"y":1,"curve":"stepped"},{"time":0.5333,"x":1,"y":1}]},"jiantou46":{"rotate":[{"time":0,"angle":0,"curve":"stepped"},{"time":0.5667,"angle":0}],"translate":[{"time":0,"x":0,"y":0,"curve":"stepped"},{"time":0.5667,"x":0,"y":0}],"scale":[{"time":0,"x":1,"y":1,"curve":"stepped"},{"time":0.5667,"x":1,"y":1}]},"jiantou47":{"rotate":[{"time":0,"angle":0,"curve":"stepped"},{"time":0.6,"angle":0}],"translate":[{"time":0,"x":0,"y":0,"curve":"stepped"},{"time":0.6,"x":0,"y":0}],"scale":[{"time":0,"x":1,"y":1,"curve":"stepped"},{"time":0.6,"x":1,"y":1}]},"jiantou48":{"rotate":[{"time":0,"angle":0,"curve":"stepped"},{"time":0.6333,"angle":0}],"translate":[{"time":0,"x":0,"y":0,"curve":"stepped"},{"time":0.6333,"x":0,"y":0}],"scale":[{"time":0,"x":1,"y":1,"curve":"stepped"},{"time":0.6333,"x":1,"y":1}]},"jiantou49":{"rotate":[{"time":0,"angle":0,"curve":"stepped"},{"time":0.6667,"angle":0}],"translate":[{"time":0,"x":0,"y":0,"curve":"stepped"},{"time":0.6667,"x":0,"y":0}],"scale":[{"time":0,"x":1,"y":1,"curve":"stepped"},{"time":0.6667,"x":1,"y":1}]},"jiantou50":{"rotate":[{"time":0,"angle":0,"curve":"stepped"},{"time":0.7,"angle":0}],"translate":[{"time":0,"x":0,"y":0,"curve":"stepped"},{"time":0.7,"x":0,"y":0}],"scale":[{"time":0,"x":1,"y":1,"curve":"stepped"},{"time":0.7,"x":1,"y":1}]},"jiantou51":{"rotate":[{"time":0,"angle":0,"curve":"stepped"},{"time":0.7333,"angle":0}],"translate":[{"time":0,"x":0,"y":0,"curve":"stepped"},{"time":0.7333,"x":0,"y":0}],"scale":[{"time":0,"x":1,"y":1,"curve":"stepped"},{"time":0.7333,"x":1,"y":1}]},"jiantou52":{"rotate":[{"time":0,"angle":0,"curve":"stepped"},{"time":0.7333,"angle":0}],"translate":[{"time":0,"x":0,"y":0,"curve":"stepped"},{"time":0.7333,"x":0,"y":0}],"scale":[{"time":0,"x":1,"y":1,"curve":"stepped"},{"time":0.7333,"x":1,"y":1}]},"jiantou53":{"rotate":[{"time":0,"angle":0,"curve":"stepped"},{"time":0.7667,"angle":0}],"translate":[{"time":0,"x":0,"y":0,"curve":"stepped"},{"time":0.7667,"x":0,"y":0}],"scale":[{"time":0,"x":1,"y":1,"curve":"stepped"},{"time":0.7667,"x":1,"y":1}]},"jiantou54":{"rotate":[{"time":0,"angle":0,"curve":"stepped"},{"time":0.8,"angle":0}],"translate":[{"time":0,"x":0,"y":0,"curve":"stepped"},{"time":0.8,"x":0,"y":0}],"scale":[{"time":0,"x":1,"y":1,"curve":"stepped"},{"time":0.8,"x":1,"y":1}]},"jiantou55":{"rotate":[{"time":0,"angle":0,"curve":"stepped"},{"time":0.8333,"angle":0}],"translate":[{"time":0,"x":0,"y":0,"curve":"stepped"},{"time":0.8333,"x":0,"y":0}],"scale":[{"time":0,"x":1,"y":1,"curve":"stepped"},{"time":0.8333,"x":1,"y":1}]},"jiantou56":{"rotate":[{"time":0,"angle":0,"curve":"stepped"},{"time":0.8667,"angle":0}],"translate":[{"time":0,"x":0,"y":0,"curve":"stepped"},{"time":0.8667,"x":0,"y":0}],"scale":[{"time":0,"x":1,"y":1,"curve":"stepped"},{"time":0.8667,"x":1,"y":1}]},"jiantou57":{"rotate":[{"time":0,"angle":0,"curve":"stepped"},{"time":0.9,"angle":0}],"translate":[{"time":0,"x":0,"y":0,"curve":"stepped"},{"time":0.9,"x":0,"y":0}],"scale":[{"time":0,"x":1,"y":1,"curve":"stepped"},{"time":0.9,"x":1,"y":1}]},"jiantou58":{"rotate":[{"time":0,"angle":0,"curve":"stepped"},{"time":0.9333,"angle":0}],"translate":[{"time":0,"x":0,"y":0,"curve":"stepped"},{"time":0.9333,"x":0,"y":0}],"scale":[{"time":0,"x":1,"y":1,"curve":"stepped"},{"time":0.9333,"x":1,"y":1}]},"jiantoudi2":{"rotate":[{"time":0,"angle":0}],"translate":[{"time":0,"x":0,"y":0}],"scale":[{"time":0,"x":1,"y":1}]}}}}}