{"skeleton":{"hash":"FW3Wltiv/ATf0bi07kGoHXrPprU","spine":"3.1.08","width":405.38,"height":507.25,"images":"./images/"},"bones":[{"name":"root"},{"name":"bone3","parent":"root","x":-23.01,"y":-78.55},{"name":"0","parent":"bone3","x":-9.24,"y":115.03,"scaleX":0.73,"scaleY":0.73},{"name":"1","parent":"bone3","x":45.94,"y":77.86,"scaleX":0.806,"scaleY":0.806},{"name":"2","parent":"bone3","x":77.12,"y":131.84,"scaleX":0.504,"scaleY":0.504},{"name":"bone","parent":"root","x":-43.99,"y":-17.83,"rotation":-69.61},{"name":"bone2","parent":"bone","x":-80.28,"y":104.93},{"name":"dong","parent":"bone3","x":-10.45,"y":102.61,"scaleX":0.641,"scaleY":0.641},{"name":"dong2","parent":"bone3","x":44.72,"y":65.44,"scaleX":0.806,"scaleY":0.806},{"name":"dong3","parent":"bone3","x":75.92,"y":119.42,"scaleX":0.504,"scaleY":0.504},{"name":"tx1","parent":"bone2","length":302.19,"x":-3.95,"y":1.45,"scaleX":0.537,"scaleY":0.537,"rotation":159.23},{"name":"tx2","parent":"bone2","length":302.19,"x":-3.95,"y":1.45,"scaleX":0.537,"scaleY":0.537,"rotation":159.23},{"name":"tx3","parent":"bone2","x":-35.8,"y":5.44,"scaleX":1.409,"scaleY":1.409},{"name":"tx4","parent":"bone2","x":-63.9,"y":17.2,"scaleX":1.137,"scaleY":1.137},{"name":"tx5","parent":"bone2","x":-63.8,"y":17.48,"scaleX":0.781,"scaleY":0.645},{"name":"tx6","parent":"bone2","x":-62.53,"y":17.19,"scaleX":0.367,"scaleY":0.466},{"name":"tx7","parent":"bone2","x":-50.26,"y":12.63,"scaleX":0.341,"scaleY":0.433},{"name":"yxks_shouqiang","parent":"bone","length":210.34,"x":122.08,"y":20.15,"rotation":161.47}],"slots":[{"name":"yxks_shouqiang","bone":"yxks_shouqiang","attachment":"yxks_shouqiang"},{"name":"dong","bone":"dong","attachment":"dong"},{"name":"dong2","bone":"dong2","attachment":"dong"},{"name":"dong3","bone":"dong3","attachment":"dong"},{"name":"0","bone":"0","attachment":"0"},{"name":"1","bone":"1","attachment":"0"},{"name":"2","bone":"2","attachment":"0"},{"name":"tx6","bone":"tx6","attachment":"tx3"},{"name":"tx7","bone":"tx7","attachment":"tx3"},{"name":"tx5","bone":"tx5","attachment":"tx3"},{"name":"tx4","bone":"tx4","attachment":"tx3"},{"name":"tx3","bone":"tx3","attachment":"tx2"},{"name":"tx2","bone":"tx2","attachment":"tx1"},{"name":"tx1","bone":"tx1","attachment":"tx1"}],"skins":{"default":{"0":{"0":{"x":8.85,"y":19.25,"rotation":37.39,"width":281,"height":245},"1":{"x":8.85,"y":19.25,"rotation":37.39,"width":295,"height":250},"2":{"x":8.85,"y":19.25,"rotation":37.39,"width":322,"height":266}},"1":{"0":{"x":8.85,"y":19.25,"rotation":37.39,"width":281,"height":245},"1":{"x":8.85,"y":19.25,"rotation":37.39,"width":295,"height":250},"2":{"x":8.85,"y":19.25,"rotation":37.39,"width":322,"height":266}},"2":{"0":{"x":8.85,"y":19.25,"rotation":37.39,"width":281,"height":245},"1":{"x":8.85,"y":19.25,"rotation":37.39,"width":295,"height":250},"2":{"x":8.85,"y":19.25,"rotation":37.39,"width":322,"height":266}},"dong":{"dong":{"x":-9.03,"y":3.37,"width":105,"height":114}},"dong2":{"dong":{"x":-9.03,"y":3.37,"width":105,"height":114}},"dong3":{"dong":{"x":-9.03,"y":3.37,"width":105,"height":114}},"tx1":{"tx1":{"x":144.92,"y":2.32,"rotation":1.15,"width":349,"height":240}},"tx2":{"tx1":{"x":144.92,"y":2.32,"rotation":1.15,"width":349,"height":240}},"tx3":{"tx2":{"x":2.08,"y":8.83,"scaleX":2.003,"scaleY":2.003,"rotation":66.91,"width":138,"height":123}},"tx4":{"tx3":{"x":-1.4,"y":6.44,"scaleX":1.158,"scaleY":1.158,"width":177,"height":156}},"tx5":{"tx3":{"x":-1.4,"y":6.44,"scaleX":1.158,"scaleY":1.158,"width":177,"height":156}},"tx6":{"tx3":{"x":-1.4,"y":6.44,"scaleX":1.158,"scaleY":1.158,"width":177,"height":156}},"tx7":{"tx3":{"x":-1.4,"y":6.44,"scaleX":1.158,"scaleY":1.158,"width":177,"height":156}},"yxks_shouqiang":{"yxks_shouqiang":{"x":75.37,"y":32.62,"rotation":-161.73,"width":223,"height":221}}}},"animations":{"kong":{"slots":{"0":{"attachment":[{"time":0,"name":null},{"time":0.1666,"name":null},{"time":0.4,"name":null},{"time":0.5666,"name":null},{"time":0.6333,"name":"0"},{"time":0.6666,"name":"1"},{"time":0.7,"name":"2"},{"time":0.7333,"name":null},{"time":1.6666,"name":null},{"time":2,"name":null}],"color":[{"time":0,"color":"ffffffff","curve":"stepped"},{"time":0.1666,"color":"ffffffff","curve":"stepped"},{"time":0.4,"color":"ffffffff","curve":"stepped"},{"time":0.5666,"color":"ffffffff","curve":"stepped"},{"time":1.6666,"color":"ffffffff"}]},"1":{"attachment":[{"time":0,"name":null},{"time":0.1666,"name":null},{"time":0.4,"name":null},{"time":0.5666,"name":null},{"time":1.0333,"name":"0"},{"time":1.0666,"name":"1"},{"time":1.1,"name":"2"},{"time":1.1333,"name":null},{"time":1.6666,"name":null},{"time":2,"name":null}],"color":[{"time":0,"color":"ffffffff","curve":"stepped"},{"time":0.1666,"color":"ffffffff","curve":"stepped"},{"time":0.4,"color":"ffffffff","curve":"stepped"},{"time":0.5666,"color":"ffffffff","curve":"stepped"},{"time":1.6666,"color":"ffffffff"}]},"2":{"attachment":[{"time":0,"name":null},{"time":0.1666,"name":null},{"time":0.4,"name":null},{"time":0.5666,"name":null},{"time":1.2,"name":"0"},{"time":1.2333,"name":"1"},{"time":1.2666,"name":"2"},{"time":1.3,"name":null},{"time":1.6666,"name":null},{"time":2,"name":null}],"color":[{"time":0,"color":"ffffffff","curve":"stepped"},{"time":0.1666,"color":"ffffffff","curve":"stepped"},{"time":0.4,"color":"ffffffff","curve":"stepped"},{"time":0.5666,"color":"ffffffff","curve":"stepped"},{"time":1.6666,"color":"ffffffff"}]},"dong":{"attachment":[{"time":0,"name":null},{"time":0.1666,"name":null},{"time":0.4,"name":null},{"time":0.5666,"name":null},{"time":0.6333,"name":"dong"},{"time":1.6666,"name":"dong"},{"time":2,"name":"dong"}],"color":[{"time":0,"color":"ffffffff","curve":"stepped"},{"time":0.1666,"color":"ffffffff","curve":"stepped"},{"time":0.4,"color":"ffffffff","curve":"stepped"},{"time":0.5666,"color":"ffffffff","curve":"stepped"},{"time":1.6666,"color":"ffffffff"}]},"dong2":{"attachment":[{"time":0,"name":null},{"time":0.1666,"name":null},{"time":0.4,"name":null},{"time":0.5666,"name":null},{"time":1.0333,"name":"dong"},{"time":1.6666,"name":"dong"},{"time":2,"name":"dong"}],"color":[{"time":0,"color":"ffffffff","curve":"stepped"},{"time":0.1666,"color":"ffffffff","curve":"stepped"},{"time":0.4,"color":"ffffffff","curve":"stepped"},{"time":0.5666,"color":"ffffffff","curve":"stepped"},{"time":1.6666,"color":"ffffffff"}]},"dong3":{"attachment":[{"time":0,"name":null},{"time":0.1666,"name":null},{"time":0.4,"name":null},{"time":0.5666,"name":null},{"time":1.2,"name":"dong"},{"time":1.6666,"name":"dong"},{"time":2,"name":"dong"}],"color":[{"time":0,"color":"ffffffff","curve":"stepped"},{"time":0.1666,"color":"ffffffff","curve":"stepped"},{"time":0.4,"color":"ffffffff","curve":"stepped"},{"time":0.5666,"color":"ffffffff","curve":"stepped"},{"time":1.6666,"color":"ffffffff"}]},"tx1":{"attachment":[{"time":0,"name":null},{"time":2,"name":null}],"color":[{"time":0,"color":"ffffffff","curve":"stepped"},{"time":2,"color":"ffffffff"}]},"tx2":{"attachment":[{"time":0,"name":null},{"time":2,"name":null}],"color":[{"time":0,"color":"ffffffff","curve":[0.25,0,0.75,1]},{"time":2,"color":"ffffff00"}]},"tx3":{"attachment":[{"time":0,"name":null},{"time":2,"name":null}],"color":[{"time":0,"color":"ffffffff","curve":"stepped"},{"time":2,"color":"ffffffff"}]},"tx4":{"attachment":[{"time":0,"name":null},{"time":2,"name":null}],"color":[{"time":0,"color":"ffffffff","curve":[0.25,0,0.75,1]},{"time":2,"color":"ffffff00"}]},"tx5":{"attachment":[{"time":0,"name":null},{"time":2,"name":null}],"color":[{"time":0,"color":"ffffffff","curve":[0.25,0,0.75,1]},{"time":2,"color":"ffffff00"}]},"tx6":{"attachment":[{"time":0,"name":null},{"time":2,"name":null}],"color":[{"time":0,"color":"ffffffff","curve":[0.25,0,0.75,1]},{"time":2,"color":"ffffff00"}]},"tx7":{"attachment":[{"time":0,"name":null},{"time":2,"name":null}],"color":[{"time":0,"color":"ffffffff","curve":[0.25,0,0.75,1]},{"time":2,"color":"ffffff00"}]},"yxks_shouqiang":{"attachment":[{"time":0,"name":"yxks_shouqiang"},{"time":2,"name":"yxks_shouqiang"}],"color":[{"time":0,"color":"ffffff00","curve":"stepped"},{"time":2,"color":"ffffff00"}]}},"bones":{"0":{"rotate":[{"time":0,"angle":0,"curve":"stepped"},{"time":0.1666,"angle":0,"curve":"stepped"},{"time":0.4,"angle":0,"curve":"stepped"},{"time":0.5666,"angle":0,"curve":"stepped"},{"time":1.6666,"angle":0,"curve":"stepped"},{"time":2,"angle":0}],"translate":[{"time":0,"x":0,"y":0,"curve":"stepped"},{"time":0.1666,"x":0,"y":0,"curve":"stepped"},{"time":0.4,"x":0,"y":0,"curve":"stepped"},{"time":0.5666,"x":0,"y":0,"curve":"stepped"},{"time":1.6666,"x":0,"y":0,"curve":"stepped"},{"time":2,"x":0,"y":0}],"scale":[{"time":0,"x":1,"y":1,"curve":"stepped"},{"time":0.1666,"x":1,"y":1,"curve":"stepped"},{"time":0.4,"x":1,"y":1,"curve":"stepped"},{"time":0.5666,"x":1,"y":1,"curve":"stepped"},{"time":1.6666,"x":1,"y":1,"curve":"stepped"},{"time":2,"x":1,"y":1}]},"1":{"rotate":[{"time":0,"angle":0,"curve":"stepped"},{"time":0.1666,"angle":0,"curve":"stepped"},{"time":0.4,"angle":0,"curve":"stepped"},{"time":0.5666,"angle":0,"curve":"stepped"},{"time":1.6666,"angle":0,"curve":"stepped"},{"time":2,"angle":0}],"translate":[{"time":0,"x":0,"y":0,"curve":"stepped"},{"time":0.1666,"x":0,"y":0,"curve":"stepped"},{"time":0.4,"x":0,"y":0,"curve":"stepped"},{"time":0.5666,"x":0,"y":0,"curve":"stepped"},{"time":1.6666,"x":0,"y":0,"curve":"stepped"},{"time":2,"x":0,"y":0}],"scale":[{"time":0,"x":1,"y":1,"curve":"stepped"},{"time":0.1666,"x":1,"y":1,"curve":"stepped"},{"time":0.4,"x":1,"y":1,"curve":"stepped"},{"time":0.5666,"x":1,"y":1,"curve":"stepped"},{"time":1.6666,"x":1,"y":1,"curve":"stepped"},{"time":2,"x":1,"y":1}]},"2":{"rotate":[{"time":0,"angle":0,"curve":"stepped"},{"time":0.1666,"angle":0,"curve":"stepped"},{"time":0.4,"angle":0,"curve":"stepped"},{"time":0.5666,"angle":0,"curve":"stepped"},{"time":1.6666,"angle":0,"curve":"stepped"},{"time":2,"angle":0}],"translate":[{"time":0,"x":0,"y":0,"curve":"stepped"},{"time":0.1666,"x":0,"y":0,"curve":"stepped"},{"time":0.4,"x":0,"y":0,"curve":"stepped"},{"time":0.5666,"x":0,"y":0,"curve":"stepped"},{"time":1.6666,"x":0,"y":0,"curve":"stepped"},{"time":2,"x":0,"y":0}],"scale":[{"time":0,"x":1,"y":1,"curve":"stepped"},{"time":0.1666,"x":1,"y":1,"curve":"stepped"},{"time":0.4,"x":1,"y":1,"curve":"stepped"},{"time":0.5666,"x":1,"y":1,"curve":"stepped"},{"time":1.6666,"x":1,"y":1,"curve":"stepped"},{"time":2,"x":1,"y":1}]},"dong":{"rotate":[{"time":0,"angle":0,"curve":"stepped"},{"time":0.1666,"angle":0,"curve":"stepped"},{"time":0.4,"angle":0,"curve":"stepped"},{"time":0.5666,"angle":0,"curve":"stepped"},{"time":1.6666,"angle":0,"curve":"stepped"},{"time":2,"angle":0}],"translate":[{"time":0,"x":0,"y":0,"curve":"stepped"},{"time":0.1666,"x":0,"y":0,"curve":"stepped"},{"time":0.4,"x":0,"y":0,"curve":"stepped"},{"time":0.5666,"x":0,"y":0,"curve":"stepped"},{"time":1.6666,"x":0,"y":0,"curve":"stepped"},{"time":2,"x":0,"y":0}],"scale":[{"time":0,"x":1,"y":1,"curve":"stepped"},{"time":0.1666,"x":1,"y":1,"curve":"stepped"},{"time":0.4,"x":1,"y":1,"curve":"stepped"},{"time":0.5666,"x":1,"y":1,"curve":[0.25,0,0.75,1]},{"time":0.6333,"x":0.424,"y":0.424,"curve":[0.25,0,0.75,1]},{"time":0.7666,"x":1.1,"y":1.1},{"time":0.8333,"x":1,"y":1,"curve":"stepped"},{"time":1.6666,"x":1,"y":1,"curve":"stepped"},{"time":2,"x":1,"y":1}]},"dong2":{"rotate":[{"time":0,"angle":0,"curve":"stepped"},{"time":0.1666,"angle":0,"curve":"stepped"},{"time":0.4,"angle":0,"curve":"stepped"},{"time":0.5666,"angle":0,"curve":"stepped"},{"time":1.6666,"angle":0,"curve":"stepped"},{"time":2,"angle":0}],"translate":[{"time":0,"x":0,"y":0,"curve":"stepped"},{"time":0.1666,"x":0,"y":0,"curve":"stepped"},{"time":0.4,"x":0,"y":0,"curve":"stepped"},{"time":0.5666,"x":0,"y":0,"curve":"stepped"},{"time":1.6666,"x":0,"y":0,"curve":"stepped"},{"time":2,"x":0,"y":0}],"scale":[{"time":0,"x":1,"y":1,"curve":"stepped"},{"time":0.1666,"x":1,"y":1,"curve":"stepped"},{"time":0.4,"x":1,"y":1,"curve":"stepped"},{"time":0.5666,"x":1,"y":1,"curve":[0.25,0,0.75,1]},{"time":1.0333,"x":0.424,"y":0.424,"curve":[0.25,0,0.75,1]},{"time":1.1666,"x":1.111,"y":1.111},{"time":1.2333,"x":1,"y":1,"curve":"stepped"},{"time":1.6666,"x":1,"y":1,"curve":"stepped"},{"time":2,"x":1,"y":1}]},"dong3":{"rotate":[{"time":0,"angle":0,"curve":"stepped"},{"time":0.1666,"angle":0,"curve":"stepped"},{"time":0.4,"angle":0,"curve":"stepped"},{"time":0.5666,"angle":0,"curve":"stepped"},{"time":1.6666,"angle":0,"curve":"stepped"},{"time":2,"angle":0}],"translate":[{"time":0,"x":0,"y":0,"curve":"stepped"},{"time":0.1666,"x":0,"y":0,"curve":"stepped"},{"time":0.4,"x":0,"y":0,"curve":"stepped"},{"time":0.5666,"x":0,"y":0,"curve":"stepped"},{"time":1.6666,"x":0,"y":0,"curve":"stepped"},{"time":2,"x":0,"y":0}],"scale":[{"time":0,"x":1,"y":1,"curve":"stepped"},{"time":0.1666,"x":1,"y":1,"curve":"stepped"},{"time":0.4,"x":1,"y":1,"curve":"stepped"},{"time":0.5666,"x":1,"y":1,"curve":[0.25,0,0.75,1]},{"time":1.2,"x":0.424,"y":0.424,"curve":[0.25,0,0.75,1]},{"time":1.3333,"x":1.111,"y":1.111},{"time":1.4,"x":1,"y":1,"curve":"stepped"},{"time":1.6666,"x":1,"y":1,"curve":"stepped"},{"time":2,"x":1,"y":1}]},"tx1":{"rotate":[{"time":0,"angle":0,"curve":"stepped"},{"time":2,"angle":0}],"translate":[{"time":0,"x":0,"y":0,"curve":"stepped"},{"time":2,"x":0,"y":0}],"scale":[{"time":0,"x":1,"y":1,"curve":"stepped"},{"time":2,"x":1,"y":1}]},"tx2":{"rotate":[{"time":0,"angle":0,"curve":"stepped"},{"time":2,"angle":0}],"translate":[{"time":0,"x":0,"y":0,"curve":[0.25,0,0.75,1]},{"time":2,"x":-20.42,"y":4.08}],"scale":[{"time":0,"x":1,"y":1,"curve":[0.25,0,0.75,1]},{"time":2,"x":3.399,"y":0.12}]},"tx3":{"rotate":[{"time":0,"angle":0,"curve":"stepped"},{"time":2,"angle":0}],"translate":[{"time":0,"x":0,"y":0,"curve":"stepped"},{"time":2,"x":0,"y":0}],"scale":[{"time":0,"x":1,"y":1,"curve":"stepped"},{"time":2,"x":1,"y":1}]},"tx4":{"rotate":[{"time":0,"angle":0,"curve":"stepped"},{"time":2,"angle":0}],"translate":[{"time":0,"x":0,"y":0,"curve":[0.25,0,0.75,1]},{"time":2,"x":-42.47,"y":22.26}],"scale":[{"time":0,"x":1,"y":1,"curve":[0.25,0,0.75,1]},{"time":2,"x":1.496,"y":1.496}]},"tx5":{"rotate":[{"time":0,"angle":0,"curve":"stepped"},{"time":2,"angle":0}],"translate":[{"time":0,"x":0,"y":0,"curve":[0.25,0,0.75,1]},{"time":2,"x":-30.74,"y":1.66}],"scale":[{"time":0,"x":1,"y":1,"curve":[0.25,0,0.75,1]},{"time":2,"x":1.496,"y":1.496}]},"tx6":{"rotate":[{"time":0,"angle":0,"curve":"stepped"},{"time":2,"angle":0}],"translate":[{"time":0,"x":0,"y":0,"curve":[0.25,0,0.75,1]},{"time":2,"x":8.81,"y":-5.77}],"scale":[{"time":0,"x":1,"y":1,"curve":[0.25,0,0.75,1]},{"time":2,"x":1.774,"y":1.774}]},"tx7":{"rotate":[{"time":0,"angle":0,"curve":"stepped"},{"time":2,"angle":0}],"translate":[{"time":0,"x":0,"y":0,"curve":[0.25,0,0.75,1]},{"time":2,"x":8.81,"y":-5.77}],"scale":[{"time":0,"x":1,"y":1,"curve":[0.25,0,0.75,1]},{"time":2,"x":1.774,"y":1.774}]},"yxks_shouqiang":{"rotate":[{"time":0,"angle":-34.37,"curve":[0.25,0,0.75,1]},{"time":2,"angle":0}],"translate":[{"time":0,"x":0,"y":0,"curve":"stepped"},{"time":2,"x":0,"y":0}],"scale":[{"time":0,"x":1,"y":1,"curve":"stepped"},{"time":2,"x":1,"y":1}]},"bone3":{"rotate":[{"time":0,"angle":0,"curve":"stepped"},{"time":0.1666,"angle":0,"curve":"stepped"},{"time":0.4,"angle":0,"curve":"stepped"},{"time":0.5666,"angle":0,"curve":"stepped"},{"time":1.6666,"angle":0,"curve":"stepped"},{"time":2,"angle":0}],"translate":[{"time":0,"x":0,"y":0,"curve":"stepped"},{"time":0.1666,"x":0,"y":0,"curve":"stepped"},{"time":0.4,"x":0,"y":0,"curve":"stepped"},{"time":0.5666,"x":0,"y":0,"curve":"stepped"},{"time":1.6666,"x":0,"y":0,"curve":"stepped"},{"time":2,"x":0,"y":0}],"scale":[{"time":0,"x":1,"y":1,"curve":"stepped"},{"time":0.1666,"x":1,"y":1,"curve":"stepped"},{"time":0.4,"x":1,"y":1,"curve":"stepped"},{"time":0.5666,"x":1,"y":1,"curve":"stepped"},{"time":1.6666,"x":1,"y":1,"curve":"stepped"},{"time":2,"x":1,"y":1}]},"bone2":{"rotate":[{"time":0,"angle":0,"curve":"stepped"},{"time":2,"angle":0}],"translate":[{"time":0,"x":0,"y":0,"curve":"stepped"},{"time":2,"x":0,"y":0}],"scale":[{"time":0,"x":1,"y":1,"curve":"stepped"},{"time":2,"x":1,"y":1}]},"bone":{"rotate":[{"time":0,"angle":0,"curve":"stepped"},{"time":2,"angle":0}],"translate":[{"time":0,"x":0,"y":0,"curve":"stepped"},{"time":2,"x":0,"y":0}],"scale":[{"time":0,"x":1,"y":1,"curve":"stepped"},{"time":2,"x":1,"y":1}]}}},"qiang":{"slots":{"0":{"attachment":[{"time":0,"name":null},{"time":2,"name":null}],"color":[{"time":0,"color":"ffffffff"},{"time":2,"color":"ffffff00"}]},"1":{"attachment":[{"time":0,"name":null},{"time":2,"name":null}],"color":[{"time":0,"color":"ffffffff"},{"time":2,"color":"ffffff00"}]},"2":{"attachment":[{"time":0,"name":null},{"time":2,"name":null}],"color":[{"time":0,"color":"ffffffff"},{"time":2,"color":"ffffff00"}]},"dong":{"attachment":[{"time":0,"name":null},{"time":2,"name":"dong"}],"color":[{"time":0,"color":"ffffffff"},{"time":2,"color":"ffffff00"}]},"dong2":{"attachment":[{"time":0,"name":null},{"time":2,"name":"dong"}],"color":[{"time":0,"color":"ffffffff"},{"time":2,"color":"ffffff00"}]},"dong3":{"attachment":[{"time":0,"name":null},{"time":2,"name":"dong"}],"color":[{"time":0,"color":"ffffffff"},{"time":2,"color":"ffffff00"}]},"tx1":{"attachment":[{"time":0,"name":null},{"time":0.1666,"name":null},{"time":0.4,"name":null},{"time":0.5666,"name":null},{"time":0.6,"name":"tx1"},{"time":0.6666,"name":null},{"time":1,"name":"tx1"},{"time":1.0666,"name":null},{"time":1.1666,"name":"tx1"},{"time":1.2333,"name":null},{"time":1.6666,"name":null},{"time":1.8,"name":null},{"time":2,"name":null}],"color":[{"time":0,"color":"ffffffff","curve":"stepped"},{"time":0.1666,"color":"ffffffff","curve":"stepped"},{"time":0.4,"color":"ffffffff","curve":"stepped"},{"time":0.5666,"color":"ffffffff","curve":"stepped"},{"time":0.6,"color":"ffffffff","curve":"stepped"},{"time":1,"color":"ffffffff","curve":"stepped"},{"time":1.1666,"color":"ffffffff","curve":[0.25,0,0.75,1]},{"time":1.6666,"color":"ffffff00"},{"time":1.8,"color":"ffffffff","curve":[0.25,0,0.75,1]},{"time":2,"color":"ffffff00"}]},"tx2":{"attachment":[{"time":0,"name":null},{"time":0.1666,"name":null},{"time":0.4,"name":null},{"time":0.5666,"name":null},{"time":0.6,"name":"tx1"},{"time":0.7666,"name":null},{"time":1,"name":"tx1"},{"time":1.1666,"name":"tx1"},{"time":1.3333,"name":null},{"time":1.6666,"name":null},{"time":1.8,"name":null},{"time":2,"name":null}],"color":[{"time":0,"color":"ffffffff","curve":"stepped"},{"time":0.1666,"color":"ffffffff","curve":"stepped"},{"time":0.4,"color":"ffffffff","curve":"stepped"},{"time":0.5666,"color":"ffffffff","curve":"stepped"},{"time":0.6,"color":"ffffffff","curve":"stepped"},{"time":1,"color":"ffffffff","curve":"stepped"},{"time":1.1666,"color":"ffffffff","curve":[0.25,0,0.75,1]},{"time":1.6666,"color":"ffffff00"},{"time":1.8,"color":"ffffffff","curve":[0.25,0,0.75,1]},{"time":2,"color":"ffffff00"}]},"tx3":{"attachment":[{"time":0,"name":null},{"time":0.1666,"name":null},{"time":0.4,"name":null},{"time":0.5666,"name":null},{"time":0.6,"name":null},{"time":0.6666,"name":"tx2"},{"time":0.8,"name":null},{"time":1.0666,"name":"tx2"},{"time":1.3333,"name":null},{"time":1.6666,"name":null},{"time":1.8,"name":null},{"time":2,"name":null}],"color":[{"time":0,"color":"ffffffff","curve":"stepped"},{"time":0.1666,"color":"ffffffff","curve":"stepped"},{"time":0.4,"color":"ffffffff","curve":"stepped"},{"time":0.5666,"color":"ffffffff","curve":"stepped"},{"time":0.6,"color":"ffffffff","curve":"stepped"},{"time":0.6666,"color":"ffffffff","curve":[0.25,0,0.75,1]},{"time":0.8,"color":"ffffff00","curve":[0.25,0,0.75,1]},{"time":1.0666,"color":"ffffffff","curve":[0.25,0,0.75,1]},{"time":1.1666,"color":"ffffff7f","curve":[0.25,0,0.75,1]},{"time":1.3333,"color":"ffffff00","curve":"stepped"},{"time":1.6666,"color":"ffffff00","curve":"stepped"},{"time":1.8,"color":"ffffff00","curve":"stepped"},{"time":2,"color":"ffffff00"}]},"tx4":{"attachment":[{"time":0,"name":null},{"time":0.1666,"name":null},{"time":0.4,"name":null},{"time":0.5666,"name":null},{"time":0.6,"name":null},{"time":0.6666,"name":"tx3"},{"time":0.9,"name":"tx3"},{"time":1.4,"name":null},{"time":1.6666,"name":null},{"time":2,"name":null}],"color":[{"time":0,"color":"ffffffff","curve":"stepped"},{"time":0.1666,"color":"ffffffff","curve":"stepped"},{"time":0.4,"color":"ffffffff","curve":"stepped"},{"time":0.5666,"color":"ffffffff","curve":"stepped"},{"time":0.6,"color":"ffffffff","curve":"stepped"},{"time":0.6666,"color":"ffffffff","curve":[0.25,0,0.75,1]},{"time":0.9,"color":"ffffff8b","curve":[0.25,0,0.75,1]},{"time":1.4,"color":"ffffff00","curve":"stepped"},{"time":1.6666,"color":"ffffff00","curve":"stepped"},{"time":2,"color":"ffffff00"}]},"tx5":{"attachment":[{"time":0,"name":null},{"time":0.1666,"name":null},{"time":0.4,"name":null},{"time":0.5666,"name":null},{"time":0.6,"name":null},{"time":0.8,"name":"tx3"},{"time":1.0333,"name":"tx3"},{"time":1.5666,"name":null},{"time":1.6666,"name":null},{"time":2,"name":null}],"color":[{"time":0,"color":"ffffffff","curve":"stepped"},{"time":0.1666,"color":"ffffffff","curve":"stepped"},{"time":0.4,"color":"ffffffff","curve":"stepped"},{"time":0.5666,"color":"ffffffff","curve":"stepped"},{"time":0.6,"color":"ffffffff","curve":[0.25,0,0.75,1]},{"time":0.8,"color":"ffffff00","curve":[0.25,0,0.75,1]},{"time":1.0333,"color":"ffffff85","curve":[0.25,0,0.75,1]},{"time":1.5666,"color":"ffffff00","curve":"stepped"},{"time":1.6666,"color":"ffffff00","curve":"stepped"},{"time":2,"color":"ffffff00"}]},"tx6":{"attachment":[{"time":0,"name":null},{"time":0.1666,"name":null},{"time":0.4,"name":null},{"time":0.5666,"name":null},{"time":0.6,"name":null},{"time":0.9,"name":"tx3"},{"time":1.1666,"name":"tx3"},{"time":1.6666,"name":null},{"time":2,"name":null}],"color":[{"time":0,"color":"ffffffff","curve":"stepped"},{"time":0.1666,"color":"ffffffff","curve":"stepped"},{"time":0.4,"color":"ffffffff","curve":"stepped"},{"time":0.5666,"color":"ffffffff","curve":"stepped"},{"time":0.6,"color":"ffffffff","curve":[0.25,0,0.75,1]},{"time":0.9,"color":"ffffff00","curve":[0.25,0,0.75,1]},{"time":1.1666,"color":"ffffff40","curve":[0.25,0,0.75,1]},{"time":1.6666,"color":"ffffff00","curve":"stepped"},{"time":2,"color":"ffffff00"}]},"tx7":{"attachment":[{"time":0,"name":null},{"time":0.1666,"name":null},{"time":0.4,"name":null},{"time":0.5666,"name":null},{"time":0.6,"name":null},{"time":1,"name":"tx3"},{"time":1.2666,"name":"tx3"},{"time":1.6666,"name":null},{"time":2,"name":null}],"color":[{"time":0,"color":"ffffffff","curve":"stepped"},{"time":0.1666,"color":"ffffffff","curve":"stepped"},{"time":0.4,"color":"ffffffff","curve":"stepped"},{"time":0.5666,"color":"ffffffff","curve":"stepped"},{"time":0.6,"color":"ffffffff","curve":[0.25,0,0.75,1]},{"time":1,"color":"ffffff00","curve":[0.25,0,0.75,1]},{"time":1.2666,"color":"ffffff40","curve":[0.25,0,0.75,1]},{"time":1.6666,"color":"ffffff00","curve":"stepped"},{"time":2,"color":"ffffff00"}]},"yxks_shouqiang":{"attachment":[{"time":0,"name":"yxks_shouqiang"},{"time":0.1666,"name":"yxks_shouqiang"},{"time":0.4,"name":"yxks_shouqiang"},{"time":0.5666,"name":"yxks_shouqiang"},{"time":0.6,"name":"yxks_shouqiang"},{"time":0.6333,"name":"yxks_shouqiang"},{"time":0.7,"name":"yxks_shouqiang"},{"time":0.8,"name":"yxks_shouqiang"},{"time":1,"name":"yxks_shouqiang"},{"time":1.0333,"name":"yxks_shouqiang"},{"time":1.1,"name":"yxks_shouqiang"},{"time":1.1666,"name":"yxks_shouqiang"},{"time":1.2,"name":"yxks_shouqiang"},{"time":1.2666,"name":"yxks_shouqiang"},{"time":1.3666,"name":"yxks_shouqiang"},{"time":1.6666,"name":"yxks_shouqiang"},{"time":1.8,"name":"yxks_shouqiang"},{"time":2,"name":"yxks_shouqiang"}],"color":[{"time":0,"color":"ffffff00","curve":[0.25,0,0.75,1]},{"time":0.1666,"color":"ffffffff","curve":"stepped"},{"time":0.4,"color":"ffffffff","curve":"stepped"},{"time":0.5666,"color":"ffffffff","curve":"stepped"},{"time":0.6,"color":"ffffffff","curve":"stepped"},{"time":0.6333,"color":"ffffffff","curve":"stepped"},{"time":0.7,"color":"ffffffff","curve":"stepped"},{"time":0.8,"color":"ffffffff","curve":"stepped"},{"time":1,"color":"ffffffff","curve":"stepped"},{"time":1.0333,"color":"ffffffff","curve":"stepped"},{"time":1.1,"color":"ffffffff","curve":"stepped"},{"time":1.1666,"color":"ffffffff","curve":"stepped"},{"time":1.2,"color":"ffffffff","curve":"stepped"},{"time":1.2666,"color":"ffffffff","curve":"stepped"},{"time":1.3666,"color":"ffffffff","curve":"stepped"},{"time":1.6666,"color":"ffffffff","curve":"stepped"},{"time":1.8,"color":"ffffffff","curve":[0.25,0,0.75,1]},{"time":2,"color":"ffffff00"}]}},"bones":{"0":{"rotate":[{"time":0,"angle":0,"curve":"stepped"},{"time":2,"angle":0}],"translate":[{"time":0,"x":0,"y":0,"curve":"stepped"},{"time":2,"x":0,"y":0}],"scale":[{"time":0,"x":1,"y":1,"curve":"stepped"},{"time":2,"x":1,"y":1}]},"1":{"rotate":[{"time":0,"angle":0,"curve":"stepped"},{"time":2,"angle":0}],"translate":[{"time":0,"x":0,"y":0,"curve":"stepped"},{"time":2,"x":0,"y":0}],"scale":[{"time":0,"x":1,"y":1,"curve":"stepped"},{"time":2,"x":1,"y":1}]},"2":{"rotate":[{"time":0,"angle":0,"curve":"stepped"},{"time":2,"angle":0}],"translate":[{"time":0,"x":0,"y":0,"curve":"stepped"},{"time":2,"x":0,"y":0}],"scale":[{"time":0,"x":1,"y":1,"curve":"stepped"},{"time":2,"x":1,"y":1}]},"dong":{"rotate":[{"time":0,"angle":0,"curve":"stepped"},{"time":2,"angle":0}],"translate":[{"time":0,"x":0,"y":0,"curve":"stepped"},{"time":2,"x":0,"y":0}],"scale":[{"time":0,"x":1,"y":1,"curve":"stepped"},{"time":2,"x":1,"y":1}]},"dong2":{"rotate":[{"time":0,"angle":0,"curve":"stepped"},{"time":2,"angle":0}],"translate":[{"time":0,"x":0,"y":0,"curve":"stepped"},{"time":2,"x":0,"y":0}],"scale":[{"time":0,"x":1,"y":1,"curve":"stepped"},{"time":2,"x":1,"y":1}]},"dong3":{"rotate":[{"time":0,"angle":0,"curve":"stepped"},{"time":2,"angle":0}],"translate":[{"time":0,"x":0,"y":0,"curve":"stepped"},{"time":2,"x":0,"y":0}],"scale":[{"time":0,"x":1,"y":1,"curve":"stepped"},{"time":2,"x":1,"y":1}]},"tx1":{"rotate":[{"time":0,"angle":0,"curve":"stepped"},{"time":0.1666,"angle":0,"curve":"stepped"},{"time":0.4,"angle":0,"curve":"stepped"},{"time":0.5666,"angle":0,"curve":"stepped"},{"time":0.6,"angle":0,"curve":"stepped"},{"time":1,"angle":0,"curve":"stepped"},{"time":1.1666,"angle":0,"curve":"stepped"},{"time":1.6666,"angle":0,"curve":"stepped"},{"time":1.8,"angle":0,"curve":"stepped"},{"time":2,"angle":0}],"translate":[{"time":0,"x":0,"y":0,"curve":"stepped"},{"time":0.1666,"x":0,"y":0,"curve":"stepped"},{"time":0.4,"x":0,"y":0,"curve":"stepped"},{"time":0.5666,"x":0,"y":0,"curve":"stepped"},{"time":0.6,"x":0,"y":0,"curve":"stepped"},{"time":1,"x":0,"y":0,"curve":"stepped"},{"time":1.1666,"x":0,"y":0,"curve":"stepped"},{"time":1.6666,"x":0,"y":0,"curve":"stepped"},{"time":1.8,"x":0,"y":0,"curve":"stepped"},{"time":2,"x":0,"y":0}],"scale":[{"time":0,"x":1,"y":1,"curve":"stepped"},{"time":0.1666,"x":1,"y":1,"curve":"stepped"},{"time":0.4,"x":1,"y":1,"curve":"stepped"},{"time":0.5666,"x":1,"y":1,"curve":"stepped"},{"time":0.6,"x":1,"y":1,"curve":[0.25,0,0.75,1]},{"time":0.6333,"x":1.874,"y":1.874,"curve":[0.25,0,0.75,1]},{"time":1,"x":1,"y":1,"curve":[0.25,0,0.75,1]},{"time":1.0333,"x":1.874,"y":1.874,"curve":[0.25,0,0.75,1]},{"time":1.1666,"x":1,"y":1,"curve":[0.25,0,0.75,1]},{"time":1.2,"x":1.874,"y":1.874,"curve":"stepped"},{"time":1.6666,"x":1.874,"y":1.874,"curve":"stepped"},{"time":1.8,"x":1.874,"y":1.874,"curve":"stepped"},{"time":2,"x":1.874,"y":1.874}]},"tx2":{"rotate":[{"time":0,"angle":0,"curve":"stepped"},{"time":0.1666,"angle":0,"curve":"stepped"},{"time":0.4,"angle":0,"curve":"stepped"},{"time":0.5666,"angle":0,"curve":"stepped"},{"time":0.6,"angle":0,"curve":"stepped"},{"time":1,"angle":0,"curve":"stepped"},{"time":1.1666,"angle":0,"curve":"stepped"},{"time":1.6666,"angle":0,"curve":"stepped"},{"time":1.8,"angle":0,"curve":"stepped"},{"time":2,"angle":0}],"translate":[{"time":0,"x":0,"y":0,"curve":"stepped"},{"time":0.1666,"x":0,"y":0,"curve":"stepped"},{"time":0.4,"x":0,"y":0,"curve":"stepped"},{"time":0.5666,"x":0,"y":0,"curve":"stepped"},{"time":0.6,"x":0,"y":0,"curve":[0.25,0,0.75,1]},{"time":0.7333,"x":-20.42,"y":4.08,"curve":[0.25,0,0.75,1]},{"time":1,"x":0,"y":0,"curve":[0.25,0,0.75,1]},{"time":1.1333,"x":-20.42,"y":4.08,"curve":[0.25,0,0.75,1]},{"time":1.1666,"x":0,"y":0,"curve":[0.25,0,0.75,1]},{"time":1.3,"x":-20.42,"y":4.08,"curve":"stepped"},{"time":1.6666,"x":-20.42,"y":4.08,"curve":"stepped"},{"time":1.8,"x":-20.42,"y":4.08,"curve":"stepped"},{"time":2,"x":-20.42,"y":4.08}],"scale":[{"time":0,"x":1,"y":1,"curve":"stepped"},{"time":0.1666,"x":1,"y":1,"curve":"stepped"},{"time":0.4,"x":1,"y":1,"curve":"stepped"},{"time":0.5666,"x":1,"y":1,"curve":"stepped"},{"time":0.6,"x":1,"y":1,"curve":[0.25,0,0.75,1]},{"time":0.7333,"x":2.138,"y":0.076,"curve":[0.25,0,0.75,1]},{"time":1,"x":1,"y":1,"curve":[0.25,0,0.75,1]},{"time":1.1333,"x":2.138,"y":0.076,"curve":[0.25,0,0.75,1]},{"time":1.1666,"x":1,"y":1,"curve":[0.25,0,0.75,1]},{"time":1.3,"x":2.138,"y":0.076,"curve":[0.25,0,0.75,1]},{"time":1.6666,"x":3.399,"y":0.12},{"time":1.8,"x":2.138,"y":0.076,"curve":[0.25,0,0.75,1]},{"time":2,"x":3.399,"y":0.12}]},"tx3":{"rotate":[{"time":0,"angle":0,"curve":"stepped"},{"time":0.1666,"angle":0,"curve":"stepped"},{"time":0.4,"angle":0,"curve":"stepped"},{"time":0.5666,"angle":0,"curve":"stepped"},{"time":0.6,"angle":0,"curve":"stepped"},{"time":0.6666,"angle":0,"curve":"stepped"},{"time":0.8,"angle":0,"curve":"stepped"},{"time":1.0666,"angle":0,"curve":"stepped"},{"time":1.3333,"angle":0,"curve":"stepped"},{"time":1.6666,"angle":0,"curve":"stepped"},{"time":1.8,"angle":0,"curve":"stepped"},{"time":2,"angle":0}],"translate":[{"time":0,"x":0,"y":0,"curve":"stepped"},{"time":0.1666,"x":0,"y":0,"curve":"stepped"},{"time":0.4,"x":0,"y":0,"curve":"stepped"},{"time":0.5666,"x":0,"y":0,"curve":"stepped"},{"time":0.6,"x":0,"y":0,"curve":"stepped"},{"time":0.6666,"x":0,"y":0,"curve":"stepped"},{"time":0.8,"x":0,"y":0,"curve":"stepped"},{"time":1.0666,"x":0,"y":0,"curve":"stepped"},{"time":1.3333,"x":0,"y":0,"curve":"stepped"},{"time":1.6666,"x":0,"y":0,"curve":"stepped"},{"time":1.8,"x":0,"y":0,"curve":"stepped"},{"time":2,"x":0,"y":0}],"scale":[{"time":0,"x":1,"y":1,"curve":"stepped"},{"time":0.1666,"x":1,"y":1,"curve":"stepped"},{"time":0.4,"x":1,"y":1,"curve":"stepped"},{"time":0.5666,"x":1,"y":1,"curve":"stepped"},{"time":0.6,"x":1,"y":1,"curve":"stepped"},{"time":0.6666,"x":1,"y":1,"curve":[0.25,0,0.75,1]},{"time":0.8,"x":1.397,"y":1.397,"curve":[0.25,0,0.75,1]},{"time":1.0666,"x":1,"y":1,"curve":[0.25,0,0.75,1]},{"time":1.3333,"x":1.397,"y":1.397,"curve":"stepped"},{"time":1.6666,"x":1.397,"y":1.397,"curve":"stepped"},{"time":1.8,"x":1.397,"y":1.397,"curve":"stepped"},{"time":2,"x":1.397,"y":1.397}]},"tx4":{"rotate":[{"time":0,"angle":0,"curve":"stepped"},{"time":0.1666,"angle":0,"curve":"stepped"},{"time":0.4,"angle":0,"curve":"stepped"},{"time":0.5666,"angle":0,"curve":"stepped"},{"time":0.6,"angle":0,"curve":"stepped"},{"time":0.6666,"angle":0,"curve":"stepped"},{"time":0.9,"angle":0,"curve":"stepped"},{"time":1.4,"angle":0,"curve":"stepped"},{"time":1.6666,"angle":0,"curve":"stepped"},{"time":2,"angle":0}],"translate":[{"time":0,"x":0,"y":0,"curve":"stepped"},{"time":0.1666,"x":0,"y":0,"curve":"stepped"},{"time":0.4,"x":0,"y":0,"curve":"stepped"},{"time":0.5666,"x":0,"y":0,"curve":"stepped"},{"time":0.6,"x":0,"y":0,"curve":"stepped"},{"time":0.6666,"x":0,"y":0,"curve":[0.25,0,0.75,1]},{"time":0.9,"x":-19.7,"y":12.53,"curve":[0.25,0,0.75,1]},{"time":1.4,"x":-42.47,"y":22.26,"curve":"stepped"},{"time":1.6666,"x":-42.47,"y":22.26,"curve":"stepped"},{"time":2,"x":-42.47,"y":22.26}],"scale":[{"time":0,"x":1,"y":1,"curve":"stepped"},{"time":0.1666,"x":1,"y":1,"curve":"stepped"},{"time":0.4,"x":1,"y":1,"curve":"stepped"},{"time":0.5666,"x":1,"y":1,"curve":"stepped"},{"time":0.6,"x":1,"y":1,"curve":"stepped"},{"time":0.6666,"x":1,"y":1,"curve":[0.25,0,0.75,1]},{"time":0.9,"x":1.226,"y":1.226,"curve":[0.25,0,0.75,1]},{"time":1.4,"x":1.496,"y":1.496,"curve":"stepped"},{"time":1.6666,"x":1.496,"y":1.496,"curve":"stepped"},{"time":2,"x":1.496,"y":1.496}]},"tx5":{"rotate":[{"time":0,"angle":0,"curve":"stepped"},{"time":0.1666,"angle":0,"curve":"stepped"},{"time":0.4,"angle":0,"curve":"stepped"},{"time":0.5666,"angle":0,"curve":"stepped"},{"time":0.6,"angle":0,"curve":"stepped"},{"time":0.8,"angle":0,"curve":"stepped"},{"time":1.0333,"angle":0,"curve":"stepped"},{"time":1.5666,"angle":0,"curve":"stepped"},{"time":1.6666,"angle":0,"curve":"stepped"},{"time":2,"angle":0}],"translate":[{"time":0,"x":0,"y":0,"curve":"stepped"},{"time":0.1666,"x":0,"y":0,"curve":"stepped"},{"time":0.4,"x":0,"y":0,"curve":"stepped"},{"time":0.5666,"x":0,"y":0,"curve":"stepped"},{"time":0.6,"x":0,"y":0,"curve":"stepped"},{"time":0.8,"x":0,"y":0,"curve":[0.25,0,0.75,1]},{"time":1.0333,"x":-10.25,"y":-3.14,"curve":[0.25,0,0.75,1]},{"time":1.5666,"x":-30.74,"y":1.66,"curve":"stepped"},{"time":1.6666,"x":-30.74,"y":1.66,"curve":"stepped"},{"time":2,"x":-30.74,"y":1.66}],"scale":[{"time":0,"x":1,"y":1,"curve":"stepped"},{"time":0.1666,"x":1,"y":1,"curve":"stepped"},{"time":0.4,"x":1,"y":1,"curve":"stepped"},{"time":0.5666,"x":1,"y":1,"curve":"stepped"},{"time":0.6,"x":1,"y":1,"curve":"stepped"},{"time":0.8,"x":1,"y":1,"curve":[0.25,0,0.75,1]},{"time":1.0333,"x":1.271,"y":1.271,"curve":[0.25,0,0.75,1]},{"time":1.5666,"x":1.496,"y":1.496,"curve":"stepped"},{"time":1.6666,"x":1.496,"y":1.496,"curve":"stepped"},{"time":2,"x":1.496,"y":1.496}]},"tx6":{"rotate":[{"time":0,"angle":0,"curve":"stepped"},{"time":0.1666,"angle":0,"curve":"stepped"},{"time":0.4,"angle":0,"curve":"stepped"},{"time":0.5666,"angle":0,"curve":"stepped"},{"time":0.6,"angle":0,"curve":"stepped"},{"time":0.9,"angle":0,"curve":"stepped"},{"time":1.1666,"angle":0,"curve":"stepped"},{"time":1.6666,"angle":0,"curve":"stepped"},{"time":2,"angle":0}],"translate":[{"time":0,"x":0,"y":0,"curve":"stepped"},{"time":0.1666,"x":0,"y":0,"curve":"stepped"},{"time":0.4,"x":0,"y":0,"curve":"stepped"},{"time":0.5666,"x":0,"y":0,"curve":"stepped"},{"time":0.6,"x":0,"y":0,"curve":[0.25,0,0.75,1]},{"time":0.9,"x":39.39,"y":-15.32,"curve":[0.25,0,0.75,1]},{"time":1.1666,"x":29.32,"y":-11.58,"curve":[0.25,0,0.75,1]},{"time":1.6666,"x":8.81,"y":-5.77,"curve":"stepped"},{"time":2,"x":8.81,"y":-5.77}],"scale":[{"time":0,"x":1,"y":1,"curve":"stepped"},{"time":0.1666,"x":1,"y":1,"curve":"stepped"},{"time":0.4,"x":1,"y":1,"curve":"stepped"},{"time":0.5666,"x":1,"y":1,"curve":"stepped"},{"time":0.6,"x":1,"y":1,"curve":"stepped"},{"time":0.9,"x":1,"y":1,"curve":[0.25,0,0.75,1]},{"time":1.1666,"x":1.271,"y":1.271,"curve":[0.25,0,0.75,1]},{"time":1.6666,"x":1.774,"y":1.774,"curve":"stepped"},{"time":2,"x":1.774,"y":1.774}]},"tx7":{"rotate":[{"time":0,"angle":0,"curve":"stepped"},{"time":0.1666,"angle":0,"curve":"stepped"},{"time":0.4,"angle":0,"curve":"stepped"},{"time":0.5666,"angle":0,"curve":"stepped"},{"time":0.6,"angle":0,"curve":"stepped"},{"time":1,"angle":0,"curve":"stepped"},{"time":1.2666,"angle":0,"curve":"stepped"},{"time":1.6666,"angle":0,"curve":"stepped"},{"time":2,"angle":0}],"translate":[{"time":0,"x":0,"y":0,"curve":"stepped"},{"time":0.1666,"x":0,"y":0,"curve":"stepped"},{"time":0.4,"x":0,"y":0,"curve":"stepped"},{"time":0.5666,"x":0,"y":0,"curve":"stepped"},{"time":0.6,"x":0,"y":0,"curve":[0.25,0,0.75,1]},{"time":1,"x":39.39,"y":-15.32,"curve":[0.25,0,0.75,1]},{"time":1.2666,"x":29.32,"y":-11.58,"curve":[0.25,0,0.75,1]},{"time":1.6666,"x":8.81,"y":-5.77,"curve":"stepped"},{"time":2,"x":8.81,"y":-5.77}],"scale":[{"time":0,"x":1,"y":1,"curve":"stepped"},{"time":0.1666,"x":1,"y":1,"curve":"stepped"},{"time":0.4,"x":1,"y":1,"curve":"stepped"},{"time":0.5666,"x":1,"y":1,"curve":"stepped"},{"time":0.6,"x":1,"y":1,"curve":"stepped"},{"time":1,"x":1,"y":1,"curve":[0.25,0,0.75,1]},{"time":1.2666,"x":1.271,"y":1.271,"curve":[0.25,0,0.75,1]},{"time":1.6666,"x":1.774,"y":1.774,"curve":"stepped"},{"time":2,"x":1.774,"y":1.774}]},"yxks_shouqiang":{"rotate":[{"time":0,"angle":-34.37,"curve":[0.25,0,0.75,1]},{"time":0.1666,"angle":2.27,"curve":[0.25,0,0.75,1]},{"time":0.4,"angle":-2.47,"curve":[0.25,0,0.75,1]},{"time":0.5666,"angle":0,"curve":"stepped"},{"time":0.6,"angle":0,"curve":[0.25,0,0.75,1]},{"time":0.6333,"angle":-5.28,"curve":[0.25,0,0.75,1]},{"time":0.7,"angle":1.53,"curve":[0.25,0,0.75,1]},{"time":0.8,"angle":0,"curve":"stepped"},{"time":1,"angle":0,"curve":[0.25,0,0.75,1]},{"time":1.0333,"angle":-5.28,"curve":[0.25,0,0.75,1]},{"time":1.1,"angle":0,"curve":"stepped"},{"time":1.1666,"angle":0,"curve":[0.25,0,0.75,1]},{"time":1.2,"angle":-5.28,"curve":[0.25,0,0.75,1]},{"time":1.2666,"angle":1.53,"curve":[0.25,0,0.75,1]},{"time":1.3666,"angle":0,"curve":"stepped"},{"time":1.6666,"angle":0,"curve":"stepped"},{"time":1.8,"angle":0,"curve":"stepped"},{"time":2,"angle":0}],"translate":[{"time":0,"x":0,"y":0,"curve":"stepped"},{"time":0.1666,"x":0,"y":0,"curve":"stepped"},{"time":0.4,"x":0,"y":0,"curve":"stepped"},{"time":0.5666,"x":0,"y":0,"curve":"stepped"},{"time":0.6,"x":0,"y":0,"curve":"stepped"},{"time":0.6333,"x":0,"y":0,"curve":"stepped"},{"time":0.7,"x":0,"y":0,"curve":"stepped"},{"time":0.8,"x":0,"y":0,"curve":"stepped"},{"time":1,"x":0,"y":0,"curve":"stepped"},{"time":1.0333,"x":0,"y":0,"curve":"stepped"},{"time":1.1,"x":0,"y":0,"curve":"stepped"},{"time":1.1666,"x":0,"y":0,"curve":"stepped"},{"time":1.2,"x":0,"y":0,"curve":"stepped"},{"time":1.2666,"x":0,"y":0,"curve":"stepped"},{"time":1.3666,"x":0,"y":0,"curve":"stepped"},{"time":1.6666,"x":0,"y":0,"curve":"stepped"},{"time":1.8,"x":0,"y":0,"curve":"stepped"},{"time":2,"x":0,"y":0}],"scale":[{"time":0,"x":1,"y":1,"curve":"stepped"},{"time":0.1666,"x":1,"y":1,"curve":"stepped"},{"time":0.4,"x":1,"y":1,"curve":"stepped"},{"time":0.5666,"x":1,"y":1,"curve":"stepped"},{"time":0.6,"x":1,"y":1,"curve":[0.25,0,0.75,1]},{"time":0.6333,"x":1.503,"y":1,"curve":[0.25,0,0.75,1]},{"time":0.7,"x":1,"y":1,"curve":"stepped"},{"time":0.8,"x":1,"y":1,"curve":"stepped"},{"time":1,"x":1,"y":1,"curve":[0.25,0,0.75,1]},{"time":1.0333,"x":1.503,"y":1,"curve":[0.25,0,0.75,1]},{"time":1.1,"x":1,"y":1,"curve":"stepped"},{"time":1.1666,"x":1,"y":1,"curve":[0.25,0,0.75,1]},{"time":1.2,"x":1.503,"y":1,"curve":[0.25,0,0.75,1]},{"time":1.2666,"x":1,"y":1,"curve":"stepped"},{"time":1.3666,"x":1,"y":1,"curve":"stepped"},{"time":1.6666,"x":1,"y":1,"curve":"stepped"},{"time":1.8,"x":1,"y":1,"curve":"stepped"},{"time":2,"x":1,"y":1}]},"bone3":{"rotate":[{"time":0,"angle":0,"curve":"stepped"},{"time":0.1666,"angle":0,"curve":"stepped"},{"time":0.4,"angle":0,"curve":"stepped"},{"time":0.5666,"angle":0,"curve":"stepped"},{"time":1.6666,"angle":0,"curve":"stepped"},{"time":2,"angle":0}],"translate":[{"time":0,"x":0,"y":0,"curve":"stepped"},{"time":0.1666,"x":0,"y":0,"curve":"stepped"},{"time":0.4,"x":0,"y":0,"curve":"stepped"},{"time":0.5666,"x":0,"y":0,"curve":"stepped"},{"time":1.6666,"x":0,"y":0,"curve":"stepped"},{"time":2,"x":0,"y":0}],"scale":[{"time":0,"x":1,"y":1,"curve":"stepped"},{"time":0.1666,"x":1,"y":1,"curve":"stepped"},{"time":0.4,"x":1,"y":1,"curve":"stepped"},{"time":0.5666,"x":1,"y":1,"curve":"stepped"},{"time":1.6666,"x":1,"y":1,"curve":"stepped"},{"time":2,"x":1,"y":1}]},"bone2":{"rotate":[{"time":0,"angle":0,"curve":"stepped"},{"time":0.1666,"angle":0,"curve":"stepped"},{"time":0.4,"angle":0,"curve":"stepped"},{"time":0.5666,"angle":0,"curve":"stepped"},{"time":0.6,"angle":0,"curve":"stepped"},{"time":1.6666,"angle":0,"curve":"stepped"},{"time":1.8,"angle":0,"curve":"stepped"},{"time":2,"angle":0}],"translate":[{"time":0,"x":0,"y":0,"curve":"stepped"},{"time":0.1666,"x":0,"y":0,"curve":"stepped"},{"time":0.4,"x":0,"y":0,"curve":"stepped"},{"time":0.5666,"x":0,"y":0,"curve":"stepped"},{"time":0.6,"x":0,"y":0,"curve":"stepped"},{"time":1.6666,"x":0,"y":0,"curve":"stepped"},{"time":1.8,"x":0,"y":0,"curve":"stepped"},{"time":2,"x":0,"y":0}],"scale":[{"time":0,"x":1,"y":1,"curve":"stepped"},{"time":0.1666,"x":1,"y":1,"curve":"stepped"},{"time":0.4,"x":1,"y":1,"curve":"stepped"},{"time":0.5666,"x":1,"y":1,"curve":"stepped"},{"time":0.6,"x":1,"y":1,"curve":"stepped"},{"time":1.6666,"x":1,"y":1,"curve":"stepped"},{"time":1.8,"x":1,"y":1,"curve":"stepped"},{"time":2,"x":1,"y":1}]},"bone":{"rotate":[{"time":0,"angle":0,"curve":"stepped"},{"time":0.1666,"angle":0,"curve":"stepped"},{"time":0.4,"angle":0,"curve":"stepped"},{"time":0.5666,"angle":0,"curve":"stepped"},{"time":0.6,"angle":0,"curve":"stepped"},{"time":1.6666,"angle":0,"curve":"stepped"},{"time":1.8,"angle":0,"curve":"stepped"},{"time":2,"angle":0}],"translate":[{"time":0,"x":0,"y":0,"curve":"stepped"},{"time":0.1666,"x":0,"y":0,"curve":"stepped"},{"time":0.4,"x":0,"y":0,"curve":"stepped"},{"time":0.5666,"x":0,"y":0,"curve":"stepped"},{"time":0.6,"x":0,"y":0,"curve":"stepped"},{"time":1.6666,"x":0,"y":0,"curve":"stepped"},{"time":1.8,"x":0,"y":0,"curve":"stepped"},{"time":2,"x":0,"y":0}],"scale":[{"time":0,"x":1,"y":1,"curve":"stepped"},{"time":0.1666,"x":1,"y":1,"curve":"stepped"},{"time":0.4,"x":1,"y":1,"curve":"stepped"},{"time":0.5666,"x":1,"y":1,"curve":"stepped"},{"time":0.6,"x":1,"y":1,"curve":"stepped"},{"time":1.6666,"x":1,"y":1,"curve":"stepped"},{"time":1.8,"x":1,"y":1,"curve":"stepped"},{"time":2,"x":1,"y":1}]}}}}}