{
	"skeleton": {
		"hash": "p+vnBU6GogDq4KN95ETLpoYHEqI",
		"spine": "3.1.08",
		"width": 748,
		"height": 325,
		"images": "./images/"
	},
	"bones": [{
		"name": "root"
	}, {
		"name": "bone",
		"parent": "root"
	}, {
		"name": "hua1",
		"parent": "bone",
		"length": 38.2,
		"x": -276.72,
		"y": 81.61,
		"rotation": 145.3
	}, {
		"name": "hua2",
		"parent": "bone",
		"length": 38.78,
		"x": -113.64,
		"y": 121.47,
		"rotation": 52.59
	}, {
		"name": "hua3",
		"parent": "bone",
		"length": 38,
		"x": 32.53,
		"y": 131.13,
		"rotation": -44.36
	}, {
		"name": "hua4",
		"parent": "bone",
		"length": 30.16,
		"x": 146.08,
		"y": 68.92,
		"rotation": -32.74
	}, {
		"name": "wenzi",
		"parent": "root",
		"length": 85.79,
		"x": 1.14,
		"y": 50.84,
		"rotation": 91.75
	}, {
		"name": "shanguang",
		"parent": "wenzi",
		"x": 66.82,
		"y": -100.07,
		"scaleX": 1.754,
		"scaleY": 1.754
	}, {
		"name": "shanguang2",
		"parent": "wenzi",
		"x": 27.8,
		"y": 30.87,
		"scaleX": 0.956,
		"scaleY": 0.956,
		"rotation": -30.19
	}, {
		"name": "shanguang3",
		"parent": "wenzi",
		"x": 71.08,
		"y": 90.83,
		"scaleX": 1.25,
		"scaleY": 1.25
	}, {
		"name": "tengman",
		"parent": "bone",
		"x": -23.47,
		"y": 71.5
	}, {
		"name": "wenzi_sitaosantiao",
		"parent": "wenzi",
		"x": 51.55,
		"y": -3.33
	}, {
		"name": "wenzi_sitaosantiao2",
		"parent": "wenzi",
		"x": 51.55,
		"y": -3.33
	}, {
		"name": "ye1",
		"parent": "bone",
		"length": 38.97,
		"x": 256.45,
		"y": 115.83,
		"rotation": 60.72
	}, {
		"name": "ye2",
		"parent": "bone",
		"length": 65.51,
		"x": -262.39,
		"y": 72.81,
		"rotation": -60.05
	}, {
		"name": "ye3",
		"parent": "bone",
		"length": 68.24,
		"x": -205.63,
		"y": 72.81,
		"rotation": 52.72
	}, {
		"name": "ye4",
		"parent": "bone",
		"length": 61.8,
		"x": -129.12,
		"y": 106.13,
		"rotation": -75.55
	}, {
		"name": "ye5",
		"parent": "bone",
		"length": 63.84,
		"x": -8.8,
		"y": 143.14,
		"rotation": 20.36
	}, {
		"name": "ye6",
		"parent": "bone",
		"length": 45.86,
		"x": -14.96,
		"y": 65.87,
		"rotation": -65.44
	}, {
		"name": "ye7",
		"parent": "bone",
		"length": 45.19,
		"x": 33.23,
		"y": 54.92,
		"rotation": 41.26
	}, {
		"name": "ye9",
		"parent": "bone",
		"length": 34.29,
		"x": -351.24,
		"y": 107.36,
		"rotation": 59.74
	}, {
		"name": "ye11",
		"parent": "bone",
		"length": 41.43,
		"x": 164.26,
		"y": 60.21,
		"rotation": -57.69
	}, {
		"name": "ye12",
		"parent": "bone",
		"length": 29.66,
		"x": 72.11,
		"y": -102.52,
		"rotation": -69.68
	}, {
		"name": "yzpl1",
		"parent": "bone",
		"x": 188.19,
		"y": -76.8
	}, {
		"name": "yzpl2",
		"parent": "bone",
		"x": -291.88,
		"y": -29.9
	}],
	"slots": [{
		"name": "tengman",
		"bone": "tengman",
		"attachment": "tengman"
	}, {
		"name": "ye1",
		"bone": "ye1",
		"attachment": "ye1"
	}, {
		"name": "ye11",
		"bone": "ye11",
		"attachment": "ye11"
	}, {
		"name": "ye12",
		"bone": "ye12",
		"attachment": "ye12"
	}, {
		"name": "ye2",
		"bone": "ye2",
		"attachment": "ye2"
	}, {
		"name": "ye3",
		"bone": "ye3",
		"attachment": "ye3"
	}, {
		"name": "ye4",
		"bone": "ye4",
		"attachment": "ye4"
	}, {
		"name": "ye5",
		"bone": "ye5",
		"attachment": "ye5"
	}, {
		"name": "ye6",
		"bone": "ye6",
		"attachment": "ye6"
	}, {
		"name": "ye7",
		"bone": "ye7",
		"attachment": "ye7"
	}, {
		"name": "ye9",
		"bone": "ye9",
		"attachment": "ye9"
	}, {
		"name": "hua1",
		"bone": "hua1",
		"attachment": "hua1"
	}, {
		"name": "hua2",
		"bone": "hua2",
		"attachment": "hua2"
	}, {
		"name": "hua3",
		"bone": "hua3",
		"attachment": "hua3"
	}, {
		"name": "hua4",
		"bone": "hua4",
		"attachment": "hua4"
	}, {
		"name": "wenzi_sitaosantiao2",
		"bone": "wenzi_sitaosantiao2",
		"attachment": "wenzi_sitaosantiao"
	}, {
		"name": "wenzi_sitaosantiao",
		"bone": "wenzi_sitaosantiao",
		"attachment": "wenzi_sitaosantiao",
		"blend": "additive"
	}, {
		"name": "shanguang",
		"bone": "shanguang",
		"attachment": "shanguang",
		"blend": "additive"
	}, {
		"name": "shanguang3",
		"bone": "shanguang3",
		"attachment": "shanguang",
		"blend": "additive"
	}, {
		"name": "shanguang2",
		"bone": "shanguang2",
		"attachment": "shanguang",
		"blend": "additive"
	}, {
		"name": "yzpl1",
		"bone": "yzpl1",
		"attachment": "yzpl1"
	}, {
		"name": "yzpl2",
		"bone": "yzpl2",
		"attachment": "yzpl2"
	}],
	"skins": {
		"default": {
			"hua1": {
				"hua1": {
					"x": 9.27,
					"y": 1.39,
					"rotation": -145.3,
					"width": 54,
					"height": 56
				}
			},
			"hua2": {
				"hua2": {
					"x": 12.16,
					"y": -1.89,
					"rotation": -52.59,
					"width": 57,
					"height": 57
				}
			},
			"hua3": {
				"hua3": {
					"x": 11.1,
					"y": -0.45,
					"rotation": 44.36,
					"width": 51,
					"height": 48
				}
			},
			"hua4": {
				"hua4": {
					"x": 5.64,
					"y": 1.37,
					"rotation": 32.74,
					"width": 55,
					"height": 52
				}
			},
			"shanguang": {
				"shanguang": {
					"x": -0.39,
					"y": -1.29,
					"scaleX": 0.819,
					"scaleY": 0.819,
					"rotation": -91.75,
					"width": 100,
					"height": 102
				}
			},
			"shanguang2": {
				"shanguang": {
					"x": -0.39,
					"y": -1.29,
					"scaleX": 0.819,
					"scaleY": 0.819,
					"rotation": -91.75,
					"width": 100,
					"height": 102
				}
			},
			"shanguang3": {
				"shanguang": {
					"x": -0.39,
					"y": -1.29,
					"scaleX": 0.819,
					"scaleY": 0.819,
					"rotation": -91.75,
					"width": 100,
					"height": 102
				}
			},
			"tengman": {
				"tengman": {
					"x": 21.41,
					"y": -59.86,
					"width": 748,
					"height": 271
				}
			},
			"wenzi_sitaosantiao": {
				"wenzi_sitaosantiao": {
					"x": -3.48,
					"y": -0.65,
					"rotation": -91.75,
					"width": 321,
					"height": 88
				}
			},
			"wenzi_sitaosantiao2": {
				"wenzi_sitaosantiao": {
					"x": -3.48,
					"y": -0.65,
					"rotation": -91.75,
					"width": 321,
					"height": 88
				}
			},
			"ye1": {
				"ye1": {
					"x": 19.21,
					"y": -0.2,
					"rotation": -60.72,
					"width": 23,
					"height": 35
				}
			},
			"ye11": {
				"ye11": {
					"x": 19.73,
					"y": 0.14,
					"rotation": 57.69,
					"width": 27,
					"height": 37
				}
			},
			"ye12": {
				"ye12": {
					"x": 13.25,
					"y": -0.65,
					"rotation": 69.68,
					"width": 18,
					"height": 33
				}
			},
			"ye2": {
				"ye2": {
					"x": 32.33,
					"y": -0.56,
					"rotation": 60.05,
					"width": 41,
					"height": 64
				}
			},
			"ye3": {
				"ye3": {
					"x": 34.72,
					"y": 0.7,
					"rotation": -52.72,
					"width": 47,
					"height": 56
				}
			},
			"ye4": {
				"ye4": {
					"x": 31.75,
					"y": 1.63,
					"rotation": 75.55,
					"width": 30,
					"height": 61
				}
			},
			"ye5": {
				"ye5": {
					"x": 32.81,
					"y": 0.08,
					"rotation": -20.36,
					"width": 62,
					"height": 34
				}
			},
			"ye6": {
				"ye6": {
					"x": 23.63,
					"y": -1.24,
					"rotation": 65.44,
					"width": 27,
					"height": 44
				}
			},
			"ye7": {
				"ye7": {
					"x": 24.19,
					"y": -0.97,
					"rotation": -41.26,
					"width": 38,
					"height": 32
				}
			},
			"ye9": {
				"ye9": {
					"x": 14.72,
					"y": -0.29,
					"rotation": -59.74,
					"width": 23,
					"height": 35
				}
			},
			"yzpl1": {
				"yzpl1": {
					"x": 0.7,
					"y": -2.7,
					"width": 38,
					"height": 65
				}
			},
			"yzpl2": {
				"yzpl2": {
					"x": 0.47,
					"y": -3.25,
					"width": 32,
					"height": 25
				}
			}
		}
	},
	"animations": {
		"animation": {
			"slots": {
				"hua1": {
					"attachment": [{
						"time": 0,
						"name": null
					}, {
						"time": 0.0666,
						"name": null
					}, {
						"time": 0.4333,
						"name": "hua1"
					}, {
						"time": 0.6333,
						"name": "hua1"
					}, {
						"time": 0.9,
						"name": "hua1"
					}],
					"color": [{
						"time": 0,
						"color": "ffffffff",
						"curve": "stepped"
					}, {
						"time": 0.0666,
						"color": "ffffffff",
						"curve": [0.25, 0, 0.75, 1]
					}, {
						"time": 0.4333,
						"color": "ffffff00",
						"curve": [0.25, 0, 0.75, 1]
					}, {
						"time": 0.6333,
						"color": "ffffffff",
						"curve": "stepped"
					}, {
						"time": 0.9,
						"color": "ffffffff",
						"curve": "stepped"
					}, {
						"time": 2.6666,
						"color": "ffffffff",
						"curve": [0.338, 0.35, 0.674, 0.69]
					}, {
						"time": 3.0333,
						"color": "ffffff00"
					}]
				},
				"hua2": {
					"attachment": [{
						"time": 0,
						"name": null
					}, {
						"time": 0.0666,
						"name": null
					}, {
						"time": 0.5666,
						"name": "hua2"
					}, {
						"time": 0.8,
						"name": "hua2"
					}, {
						"time": 1.0666,
						"name": "hua2"
					}],
					"color": [{
						"time": 0,
						"color": "ffffffff",
						"curve": "stepped"
					}, {
						"time": 0.0666,
						"color": "ffffffff",
						"curve": [0.25, 0, 0.75, 1]
					}, {
						"time": 0.5666,
						"color": "ffffff00",
						"curve": [0.25, 0, 0.75, 1]
					}, {
						"time": 0.8,
						"color": "ffffffff",
						"curve": "stepped"
					}, {
						"time": 1.0666,
						"color": "ffffffff",
						"curve": "stepped"
					}, {
						"time": 2.6666,
						"color": "ffffffff",
						"curve": [0.337, 0.35, 0.673, 0.69]
					}, {
						"time": 3.0333,
						"color": "ffffff00"
					}]
				},
				"hua3": {
					"attachment": [{
						"time": 0,
						"name": null
					}, {
						"time": 0.0666,
						"name": null
					}, {
						"time": 0.2333,
						"name": "hua3"
					}, {
						"time": 0.5,
						"name": "hua3"
					}, {
						"time": 0.7666,
						"name": "hua3"
					}],
					"color": [{
						"time": 0,
						"color": "ffffffff",
						"curve": "stepped"
					}, {
						"time": 0.0666,
						"color": "ffffffff",
						"curve": [0.25, 0, 0.75, 1]
					}, {
						"time": 0.2333,
						"color": "ffffff00",
						"curve": [0.25, 0, 0.75, 1]
					}, {
						"time": 0.5,
						"color": "ffffffff",
						"curve": "stepped"
					}, {
						"time": 0.7666,
						"color": "ffffffff",
						"curve": "stepped"
					}, {
						"time": 2.6666,
						"color": "ffffffff",
						"curve": [0.339, 0.35, 0.674, 0.69]
					}, {
						"time": 3.0333,
						"color": "ffffff00"
					}]
				},
				"hua4": {
					"attachment": [{
						"time": 0,
						"name": null
					}, {
						"time": 0.0666,
						"name": null
					}, {
						"time": 0.4333,
						"name": "hua4"
					}, {
						"time": 0.6666,
						"name": "hua4"
					}, {
						"time": 0.8666,
						"name": "hua4"
					}, {
						"time": 1.0333,
						"name": "hua4"
					}],
					"color": [{
						"time": 0,
						"color": "ffffffff",
						"curve": "stepped"
					}, {
						"time": 0.0666,
						"color": "ffffffff",
						"curve": [0.25, 0, 0.75, 1]
					}, {
						"time": 0.4333,
						"color": "ffffff00",
						"curve": [0.25, 0, 0.75, 1]
					}, {
						"time": 0.6666,
						"color": "ffffffff",
						"curve": "stepped"
					}, {
						"time": 0.8666,
						"color": "ffffffff",
						"curve": "stepped"
					}, {
						"time": 1.0333,
						"color": "ffffffff",
						"curve": "stepped"
					}, {
						"time": 2.6666,
						"color": "ffffffff",
						"curve": [0.338, 0.35, 0.673, 0.69]
					}, {
						"time": 3.0333,
						"color": "ffffff00"
					}]
				},
				"shanguang": {
					"attachment": [{
						"time": 0,
						"name": "shanguang"
					}, {
						"time": 1.3333,
						"name": "shanguang"
					}, {
						"time": 2.6666,
						"name": "shanguang"
					}, {
						"time": 2.7,
						"name": "shanguang"
					}],
					"color": [{
						"time": 0,
						"color": "ffffff00",
						"curve": "stepped"
					}, {
						"time": 1.3333,
						"color": "ffffff00"
					}, {
						"time": 2,
						"color": "ffffffff"
					}, {
						"time": 2.6666,
						"color": "ffffff00",
						"curve": "stepped"
					}, {
						"time": 2.7,
						"color": "ffffff00",
						"curve": "stepped"
					}, {
						"time": 3.0333,
						"color": "ffffff00"
					}]
				},
				"shanguang2": {
					"attachment": [{
						"time": 0,
						"name": "shanguang"
					}, {
						"time": 1.3333,
						"name": "shanguang"
					}, {
						"time": 1.6666,
						"name": "shanguang"
					}, {
						"time": 2.6666,
						"name": "shanguang"
					}, {
						"time": 2.7,
						"name": "shanguang"
					}, {
						"time": 3.0333,
						"name": "shanguang"
					}],
					"color": [{
						"time": 0,
						"color": "ffffff00",
						"curve": [0.25, 0, 0.75, 1]
					}, {
						"time": 1.3333,
						"color": "ffffff7f"
					}, {
						"time": 1.6666,
						"color": "ffffff00"
					}, {
						"time": 2.3333,
						"color": "ffffffff"
					}, {
						"time": 2.6666,
						"color": "ffffff7f",
						"curve": "stepped"
					}, {
						"time": 2.7,
						"color": "ffffff7f"
					}, {
						"time": 3.0333,
						"color": "ffffff00"
					}]
				},
				"shanguang3": {
					"attachment": [{
						"time": 0,
						"name": "shanguang"
					}, {
						"time": 1.3333,
						"name": "shanguang"
					}, {
						"time": 1.9666,
						"name": "shanguang"
					}, {
						"time": 2.0333,
						"name": "shanguang"
					}, {
						"time": 2.6666,
						"name": "shanguang"
					}, {
						"time": 2.7,
						"name": "shanguang"
					}],
					"color": [{
						"time": 0,
						"color": "ffffff00",
						"curve": [0.25, 0, 0.75, 1]
					}, {
						"time": 1.3333,
						"color": "ffffffff"
					}, {
						"time": 1.9666,
						"color": "ffffff00",
						"curve": "stepped"
					}, {
						"time": 2.0333,
						"color": "ffffff00"
					}, {
						"time": 2.6666,
						"color": "ffffffff",
						"curve": "stepped"
					}, {
						"time": 2.7,
						"color": "ffffffff"
					}, {
						"time": 3.0333,
						"color": "ffffff00"
					}]
				},
				"tengman": {
					"attachment": [{
						"time": 0,
						"name": "tengman"
					}, {
						"time": 0.0333,
						"name": "tengman"
					}, {
						"time": 0.2,
						"name": "tengman"
					}],
					"color": [{
						"time": 0,
						"color": "ffffff00",
						"curve": "stepped"
					}, {
						"time": 0.0333,
						"color": "ffffff00",
						"curve": [0.25, 0, 0.75, 1]
					}, {
						"time": 0.2,
						"color": "ffffffff",
						"curve": "stepped"
					}, {
						"time": 2.6666,
						"color": "ffffffff",
						"curve": [0.341, 0.36, 0.676, 0.7]
					}, {
						"time": 3.0333,
						"color": "ffffff00"
					}]
				},
				"wenzi_sitaosantiao": {
					"attachment": [{
						"time": 0,
						"name": null
					}, {
						"time": 0.1333,
						"name": "wenzi_sitaosantiao"
					}, {
						"time": 0.6666,
						"name": "wenzi_sitaosantiao"
					}, {
						"time": 1.3333,
						"name": "wenzi_sitaosantiao"
					}],
					"color": [{
						"time": 0,
						"color": "ffffffff",
						"curve": "stepped"
					}, {
						"time": 0.1333,
						"color": "ffffffff",
						"curve": [0.25, 0, 0.75, 1]
					}, {
						"time": 0.3333,
						"color": "ffffff00",
						"curve": "stepped"
					}, {
						"time": 0.6666,
						"color": "ffffff00",
						"curve": [0.25, 0, 0.75, 1]
					}, {
						"time": 1,
						"color": "ffffffc7",
						"curve": [0.25, 0, 0.75, 1]
					}, {
						"time": 1.3333,
						"color": "ffffff00",
						"curve": "stepped"
					}, {
						"time": 2.6666,
						"color": "ffffff00",
						"curve": "stepped"
					}, {
						"time": 3.0333,
						"color": "ffffff00"
					}]
				},
				"wenzi_sitaosantiao2": {
					"attachment": [{
						"time": 0,
						"name": "wenzi_sitaosantiao"
					}, {
						"time": 0.1,
						"name": "wenzi_sitaosantiao"
					}, {
						"time": 0.5,
						"name": "wenzi_sitaosantiao"
					}],
					"color": [{
						"time": 0,
						"color": "ffffffff",
						"curve": "stepped"
					}, {
						"time": 0.1,
						"color": "ffffffff",
						"curve": "stepped"
					}, {
						"time": 0.2,
						"color": "ffffffff",
						"curve": "stepped"
					}, {
						"time": 0.3,
						"color": "ffffffff",
						"curve": "stepped"
					}, {
						"time": 0.4,
						"color": "ffffffff",
						"curve": "stepped"
					}, {
						"time": 0.5,
						"color": "ffffffff",
						"curve": "stepped"
					}, {
						"time": 2.6666,
						"color": "ffffffff",
						"curve": [0.34, 0.36, 0.675, 0.69]
					}, {
						"time": 3.0333,
						"color": "ffffff00"
					}]
				},
				"ye1": {
					"attachment": [{
						"time": 0,
						"name": "ye1"
					}, {
						"time": 0.0666,
						"name": "ye1"
					}, {
						"time": 0.3666,
						"name": "ye1"
					}, {
						"time": 0.6666,
						"name": "ye1"
					}, {
						"time": 0.9666,
						"name": "ye1"
					}],
					"color": [{
						"time": 0,
						"color": "ffffff00",
						"curve": "stepped"
					}, {
						"time": 0.0666,
						"color": "ffffff00",
						"curve": [0.25, 0, 0.75, 1]
					}, {
						"time": 0.3666,
						"color": "ffffffff",
						"curve": "stepped"
					}, {
						"time": 0.6666,
						"color": "ffffffff",
						"curve": "stepped"
					}, {
						"time": 0.9666,
						"color": "ffffffff",
						"curve": "stepped"
					}, {
						"time": 2.6666,
						"color": "ffffffff",
						"curve": [0.338, 0.35, 0.673, 0.69]
					}, {
						"time": 3.0333,
						"color": "ffffff00"
					}]
				},
				"ye2": {
					"attachment": [{
						"time": 0,
						"name": null
					}, {
						"time": 0.0666,
						"name": null
					}, {
						"time": 0.2333,
						"name": "ye2"
					}, {
						"time": 0.4666,
						"name": "ye2"
					}, {
						"time": 0.6333,
						"name": "ye2"
					}],
					"color": [{
						"time": 0,
						"color": "ffffffff",
						"curve": "stepped"
					}, {
						"time": 0.0666,
						"color": "ffffffff",
						"curve": [0.25, 0, 0.75, 1]
					}, {
						"time": 0.2333,
						"color": "ffffff00",
						"curve": [0.25, 0, 0.75, 1]
					}, {
						"time": 0.4666,
						"color": "ffffffff",
						"curve": "stepped"
					}, {
						"time": 0.6333,
						"color": "ffffffff",
						"curve": "stepped"
					}, {
						"time": 2.6666,
						"color": "ffffffff",
						"curve": [0.34, 0.35, 0.675, 0.69]
					}, {
						"time": 3.0333,
						"color": "ffffff00"
					}]
				},
				"ye3": {
					"attachment": [{
						"time": 0,
						"name": null
					}, {
						"time": 0.0666,
						"name": null
					}, {
						"time": 0.3666,
						"name": "ye3"
					}, {
						"time": 0.6,
						"name": "ye3"
					}, {
						"time": 0.8,
						"name": "ye3"
					}],
					"color": [{
						"time": 0,
						"color": "ffffffff",
						"curve": "stepped"
					}, {
						"time": 0.0666,
						"color": "ffffffff",
						"curve": [0.25, 0, 0.75, 1]
					}, {
						"time": 0.3666,
						"color": "ffffff00",
						"curve": [0.25, 0, 0.75, 1]
					}, {
						"time": 0.6,
						"color": "ffffffff",
						"curve": "stepped"
					}, {
						"time": 0.8,
						"color": "ffffffff",
						"curve": "stepped"
					}, {
						"time": 2.6666,
						"color": "ffffffff",
						"curve": [0.339, 0.35, 0.674, 0.69]
					}, {
						"time": 3.0333,
						"color": "ffffff00"
					}]
				},
				"ye4": {
					"attachment": [{
						"time": 0,
						"name": null
					}, {
						"time": 0.0666,
						"name": null
					}, {
						"time": 0.3,
						"name": "ye4"
					}, {
						"time": 0.5666,
						"name": "ye4"
					}, {
						"time": 0.8333,
						"name": "ye4"
					}],
					"color": [{
						"time": 0,
						"color": "ffffffff",
						"curve": "stepped"
					}, {
						"time": 0.0666,
						"color": "ffffffff",
						"curve": [0.25, 0, 0.75, 1]
					}, {
						"time": 0.3,
						"color": "ffffff00",
						"curve": [0.25, 0, 0.75, 1]
					}, {
						"time": 0.5666,
						"color": "ffffffff",
						"curve": "stepped"
					}, {
						"time": 0.8333,
						"color": "ffffffff",
						"curve": "stepped"
					}, {
						"time": 2.6666,
						"color": "ffffffff",
						"curve": [0.339, 0.35, 0.674, 0.69]
					}, {
						"time": 3.0333,
						"color": "ffffff00"
					}]
				},
				"ye5": {
					"attachment": [{
						"time": 0,
						"name": null
					}, {
						"time": 0.0666,
						"name": null
					}, {
						"time": 0.4666,
						"name": "ye5"
					}, {
						"time": 0.7333,
						"name": "ye5"
					}, {
						"time": 0.9666,
						"name": "ye5"
					}],
					"color": [{
						"time": 0,
						"color": "ffffffff",
						"curve": "stepped"
					}, {
						"time": 0.0666,
						"color": "ffffffff",
						"curve": [0.25, 0, 0.75, 1]
					}, {
						"time": 0.4666,
						"color": "ffffff00",
						"curve": [0.25, 0, 0.75, 1]
					}, {
						"time": 0.7333,
						"color": "ffffffff",
						"curve": "stepped"
					}, {
						"time": 0.9666,
						"color": "ffffffff",
						"curve": "stepped"
					}, {
						"time": 2.6666,
						"color": "ffffffff",
						"curve": [0.338, 0.35, 0.673, 0.69]
					}, {
						"time": 3.0333,
						"color": "ffffff00"
					}]
				},
				"ye6": {
					"attachment": [{
						"time": 0,
						"name": null
					}, {
						"time": 0.0666,
						"name": null
					}, {
						"time": 0.2666,
						"name": "ye6"
					}, {
						"time": 0.5333,
						"name": "ye6"
					}, {
						"time": 0.8,
						"name": "ye6"
					}],
					"color": [{
						"time": 0,
						"color": "ffffffff",
						"curve": "stepped"
					}, {
						"time": 0.0666,
						"color": "ffffffff",
						"curve": [0.25, 0, 0.75, 1]
					}, {
						"time": 0.2666,
						"color": "ffffff00",
						"curve": [0.25, 0, 0.75, 1]
					}, {
						"time": 0.5333,
						"color": "ffffffff",
						"curve": "stepped"
					}, {
						"time": 0.8,
						"color": "ffffffff",
						"curve": "stepped"
					}, {
						"time": 2.6666,
						"color": "ffffffff",
						"curve": [0.339, 0.35, 0.674, 0.69]
					}, {
						"time": 3.0333,
						"color": "ffffff00"
					}]
				},
				"ye7": {
					"attachment": [{
						"time": 0,
						"name": null
					}, {
						"time": 0.0666,
						"name": null
					}, {
						"time": 0.4,
						"name": "ye7"
					}, {
						"time": 0.7,
						"name": "ye7"
					}, {
						"time": 0.9666,
						"name": "ye7"
					}],
					"color": [{
						"time": 0,
						"color": "ffffffff",
						"curve": "stepped"
					}, {
						"time": 0.0666,
						"color": "ffffffff",
						"curve": [0.25, 0, 0.75, 1]
					}, {
						"time": 0.4,
						"color": "ffffff00",
						"curve": [0.25, 0, 0.75, 1]
					}, {
						"time": 0.7,
						"color": "ffffffff",
						"curve": "stepped"
					}, {
						"time": 0.9666,
						"color": "ffffffff",
						"curve": "stepped"
					}, {
						"time": 2.6666,
						"color": "ffffffff",
						"curve": [0.338, 0.35, 0.673, 0.69]
					}, {
						"time": 3.0333,
						"color": "ffffff00"
					}]
				},
				"ye9": {
					"attachment": [{
						"time": 0,
						"name": null
					}, {
						"time": 0.0666,
						"name": null
					}, {
						"time": 0.2,
						"name": "ye9"
					}, {
						"time": 0.3666,
						"name": "ye9"
					}, {
						"time": 0.5,
						"name": "ye9"
					}, {
						"time": 0.6333,
						"name": "ye9"
					}],
					"color": [{
						"time": 0,
						"color": "ffffffff",
						"curve": "stepped"
					}, {
						"time": 0.0666,
						"color": "ffffffff",
						"curve": [0.25, 0, 0.75, 1]
					}, {
						"time": 0.2,
						"color": "ffffff00",
						"curve": [0.25, 0, 0.75, 1]
					}, {
						"time": 0.3666,
						"color": "ffffffff",
						"curve": "stepped"
					}, {
						"time": 0.5,
						"color": "ffffffff",
						"curve": "stepped"
					}, {
						"time": 0.6333,
						"color": "ffffffff",
						"curve": "stepped"
					}, {
						"time": 2.6666,
						"color": "ffffffff",
						"curve": [0.34, 0.35, 0.675, 0.69]
					}, {
						"time": 3.0333,
						"color": "ffffff00"
					}]
				},
				"ye11": {
					"attachment": [{
						"time": 0,
						"name": null
					}, {
						"time": 0.0666,
						"name": null
					}, {
						"time": 0.2333,
						"name": "ye11"
					}, {
						"time": 0.4333,
						"name": "ye11"
					}, {
						"time": 0.6333,
						"name": "ye11"
					}],
					"color": [{
						"time": 0,
						"color": "ffffffff",
						"curve": "stepped"
					}, {
						"time": 0.0666,
						"color": "ffffffff",
						"curve": [0.25, 0, 0.75, 1]
					}, {
						"time": 0.2333,
						"color": "ffffff00",
						"curve": [0.25, 0, 0.75, 1]
					}, {
						"time": 0.4333,
						"color": "ffffffff",
						"curve": "stepped"
					}, {
						"time": 0.6333,
						"color": "ffffffff",
						"curve": "stepped"
					}, {
						"time": 2.6666,
						"color": "ffffffff",
						"curve": [0.34, 0.35, 0.675, 0.69]
					}, {
						"time": 3.0333,
						"color": "ffffff00"
					}]
				},
				"ye12": {
					"attachment": [{
						"time": 0,
						"name": null
					}, {
						"time": 0.0666,
						"name": null
					}, {
						"time": 0.4666,
						"name": "ye12"
					}, {
						"time": 0.7,
						"name": "ye12"
					}, {
						"time": 1,
						"name": "ye12"
					}],
					"color": [{
						"time": 0,
						"color": "ffffffff",
						"curve": "stepped"
					}, {
						"time": 0.0666,
						"color": "ffffffff",
						"curve": [0.25, 0, 0.75, 1]
					}, {
						"time": 0.4666,
						"color": "ffffff00",
						"curve": [0.25, 0, 0.75, 1]
					}, {
						"time": 0.7,
						"color": "ffffffff",
						"curve": "stepped"
					}, {
						"time": 1,
						"color": "ffffffff",
						"curve": "stepped"
					}, {
						"time": 2.6666,
						"color": "ffffffff",
						"curve": [0.338, 0.35, 0.673, 0.69]
					}, {
						"time": 3.0333,
						"color": "ffffff00"
					}]
				},
				"yzpl1": {
					"attachment": [{
						"time": 0,
						"name": null
					}, {
						"time": 0.0666,
						"name": null
					}, {
						"time": 0.2333,
						"name": "yzpl1"
					}, {
						"time": 1,
						"name": "yzpl1"
					}],
					"color": [{
						"time": 0,
						"color": "ffffffff",
						"curve": "stepped"
					}, {
						"time": 0.0666,
						"color": "ffffffff",
						"curve": [0.25, 0, 0.75, 1]
					}, {
						"time": 0.2333,
						"color": "ffffff00",
						"curve": [0.25, 0, 0.75, 1]
					}, {
						"time": 0.6,
						"color": "ffffffff",
						"curve": [0.25, 0, 0.75, 1]
					}, {
						"time": 1,
						"color": "ffffff00",
						"curve": "stepped"
					}, {
						"time": 2.6666,
						"color": "ffffff00",
						"curve": "stepped"
					}, {
						"time": 3.0333,
						"color": "ffffff00"
					}]
				},
				"yzpl2": {
					"attachment": [{
						"time": 0,
						"name": null
					}, {
						"time": 0.1666,
						"name": "yzpl2"
					}, {
						"time": 1.5,
						"name": "yzpl2"
					}],
					"color": [{
						"time": 0,
						"color": "ffffffff",
						"curve": [0.25, 0, 0.75, 1]
					}, {
						"time": 0.1666,
						"color": "ffffff00",
						"curve": "stepped"
					}, {
						"time": 0.3333,
						"color": "ffffff00",
						"curve": [0.25, 0, 0.75, 1]
					}, {
						"time": 0.8333,
						"color": "ffffffff",
						"curve": "stepped"
					}, {
						"time": 1.3333,
						"color": "ffffffff",
						"curve": [0.25, 0, 0.75, 1]
					}, {
						"time": 1.5,
						"color": "ffffff00",
						"curve": "stepped"
					}, {
						"time": 2.6666,
						"color": "ffffff00",
						"curve": "stepped"
					}, {
						"time": 3.0333,
						"color": "ffffff00"
					}]
				}
			},
			"bones": {
				"hua1": {
					"rotate": [{
						"time": 0,
						"angle": 0,
						"curve": "stepped"
					}, {
						"time": 0.0666,
						"angle": 0,
						"curve": [0.25, 0, 0.75, 1]
					}, {
						"time": 0.4333,
						"angle": 21.97,
						"curve": [0.25, 0, 0.75, 1]
					}, {
						"time": 0.6333,
						"angle": -8.1,
						"curve": [0.25, 0, 0.75, 1]
					}, {
						"time": 0.9,
						"angle": 0
					}],
					"translate": [{
						"time": 0,
						"x": 0,
						"y": 0,
						"curve": "stepped"
					}, {
						"time": 0.0666,
						"x": 0,
						"y": 0,
						"curve": "stepped"
					}, {
						"time": 0.4333,
						"x": 0,
						"y": 0,
						"curve": "stepped"
					}, {
						"time": 0.6333,
						"x": 0,
						"y": 0,
						"curve": "stepped"
					}, {
						"time": 0.9,
						"x": 0,
						"y": 0
					}],
					"scale": [{
						"time": 0,
						"x": 1,
						"y": 1,
						"curve": "stepped"
					}, {
						"time": 0.0666,
						"x": 1,
						"y": 1,
						"curve": [0.25, 0, 0.75, 1]
					}, {
						"time": 0.4333,
						"x": 0.457,
						"y": 0.457,
						"curve": [0.25, 0, 0.75, 1]
					}, {
						"time": 0.6333,
						"x": 1,
						"y": 1,
						"curve": "stepped"
					}, {
						"time": 0.9,
						"x": 1,
						"y": 1
					}]
				},
				"hua2": {
					"rotate": [{
						"time": 0,
						"angle": 0,
						"curve": "stepped"
					}, {
						"time": 0.0666,
						"angle": 0,
						"curve": [0.25, 0, 0.75, 1]
					}, {
						"time": 0.5666,
						"angle": 7.22,
						"curve": [0.25, 0, 0.75, 1]
					}, {
						"time": 0.8,
						"angle": -5.38,
						"curve": [0.25, 0, 0.75, 1]
					}, {
						"time": 1.0666,
						"angle": 0
					}],
					"translate": [{
						"time": 0,
						"x": 0,
						"y": 0,
						"curve": "stepped"
					}, {
						"time": 0.0666,
						"x": 0,
						"y": 0,
						"curve": "stepped"
					}, {
						"time": 0.5666,
						"x": 0,
						"y": 0,
						"curve": "stepped"
					}, {
						"time": 0.8,
						"x": 0,
						"y": 0,
						"curve": "stepped"
					}, {
						"time": 1.0666,
						"x": 0,
						"y": 0
					}],
					"scale": [{
						"time": 0,
						"x": 1,
						"y": 1,
						"curve": "stepped"
					}, {
						"time": 0.0666,
						"x": 1,
						"y": 1,
						"curve": [0.25, 0, 0.75, 1]
					}, {
						"time": 0.5666,
						"x": 0.65,
						"y": 0.65,
						"curve": [0.25, 0, 0.75, 1]
					}, {
						"time": 0.8,
						"x": 1,
						"y": 1,
						"curve": "stepped"
					}, {
						"time": 1.0666,
						"x": 1,
						"y": 1
					}]
				},
				"hua3": {
					"rotate": [{
						"time": 0,
						"angle": 0,
						"curve": "stepped"
					}, {
						"time": 0.0666,
						"angle": 0,
						"curve": [0.25, 0, 0.75, 1]
					}, {
						"time": 0.2333,
						"angle": -24.73,
						"curve": [0.25, 0, 0.75, 1]
					}, {
						"time": 0.5,
						"angle": 16.9,
						"curve": [0.25, 0, 0.75, 1]
					}, {
						"time": 0.7666,
						"angle": 0
					}],
					"translate": [{
						"time": 0,
						"x": 0,
						"y": 0,
						"curve": "stepped"
					}, {
						"time": 0.0666,
						"x": 0,
						"y": 0,
						"curve": "stepped"
					}, {
						"time": 0.2333,
						"x": 0,
						"y": 0,
						"curve": "stepped"
					}, {
						"time": 0.5,
						"x": 0,
						"y": 0,
						"curve": "stepped"
					}, {
						"time": 0.7666,
						"x": 0,
						"y": 0
					}],
					"scale": [{
						"time": 0,
						"x": 1,
						"y": 1,
						"curve": "stepped"
					}, {
						"time": 0.0666,
						"x": 1,
						"y": 1,
						"curve": [0.25, 0, 0.75, 1]
					}, {
						"time": 0.2333,
						"x": 0.712,
						"y": 0.712,
						"curve": [0.25, 0, 0.75, 1]
					}, {
						"time": 0.5,
						"x": 1,
						"y": 1,
						"curve": "stepped"
					}, {
						"time": 0.7666,
						"x": 1,
						"y": 1
					}]
				},
				"hua4": {
					"rotate": [{
						"time": 0,
						"angle": 0,
						"curve": "stepped"
					}, {
						"time": 0.0666,
						"angle": 0,
						"curve": [0.25, 0, 0.75, 1]
					}, {
						"time": 0.4333,
						"angle": 15.91,
						"curve": [0.25, 0, 0.75, 1]
					}, {
						"time": 0.6666,
						"angle": -20.8,
						"curve": [0.25, 0, 0.75, 1]
					}, {
						"time": 0.8666,
						"angle": 6.21,
						"curve": [0.25, 0, 0.75, 1]
					}, {
						"time": 1.0333,
						"angle": 0
					}],
					"translate": [{
						"time": 0,
						"x": 0,
						"y": 0,
						"curve": "stepped"
					}, {
						"time": 0.0666,
						"x": 0,
						"y": 0,
						"curve": "stepped"
					}, {
						"time": 0.4333,
						"x": 0,
						"y": 0,
						"curve": "stepped"
					}, {
						"time": 0.6666,
						"x": 0,
						"y": 0,
						"curve": "stepped"
					}, {
						"time": 0.8666,
						"x": 0,
						"y": 0,
						"curve": "stepped"
					}, {
						"time": 1.0333,
						"x": 0,
						"y": 0
					}],
					"scale": [{
						"time": 0,
						"x": 1,
						"y": 1,
						"curve": "stepped"
					}, {
						"time": 0.0666,
						"x": 1,
						"y": 1,
						"curve": [0.25, 0, 0.75, 1]
					}, {
						"time": 0.4333,
						"x": 0.618,
						"y": 0.618,
						"curve": [0.25, 0, 0.75, 1]
					}, {
						"time": 0.6666,
						"x": 1,
						"y": 1,
						"curve": "stepped"
					}, {
						"time": 0.8666,
						"x": 1,
						"y": 1,
						"curve": "stepped"
					}, {
						"time": 1.0333,
						"x": 1,
						"y": 1
					}]
				},
				"shanguang": {
					"rotate": [{
						"time": 0,
						"angle": 0,
						"curve": "stepped"
					}, {
						"time": 1.3333,
						"angle": 0
					}, {
						"time": 2,
						"angle": 70.67
					}, {
						"time": 2.6666,
						"angle": 81.53
					}, {
						"time": 2.7,
						"angle": 0
					}],
					"translate": [{
						"time": 0,
						"x": 0,
						"y": 0,
						"curve": "stepped"
					}, {
						"time": 1.3333,
						"x": 0,
						"y": 0,
						"curve": "stepped"
					}, {
						"time": 2.6666,
						"x": 0,
						"y": 0,
						"curve": "stepped"
					}, {
						"time": 2.7,
						"x": 0,
						"y": 0
					}],
					"scale": [{
						"time": 0,
						"x": 0.467,
						"y": 0.467,
						"curve": "stepped"
					}, {
						"time": 1.3333,
						"x": 0.467,
						"y": 0.467
					}, {
						"time": 2,
						"x": 1.001,
						"y": 1.001
					}, {
						"time": 2.6666,
						"x": 0.467,
						"y": 0.467,
						"curve": "stepped"
					}, {
						"time": 2.7,
						"x": 0.467,
						"y": 0.467
					}]
				},
				"shanguang2": {
					"rotate": [{
						"time": 0,
						"angle": 0,
						"curve": [0.25, 0, 0.75, 1]
					}, {
						"time": 1.3333,
						"angle": 76.1
					}, {
						"time": 1.6666,
						"angle": 0
					}, {
						"time": 2.3333,
						"angle": 70.67
					}, {
						"time": 2.6666,
						"angle": 76.1,
						"curve": "stepped"
					}, {
						"time": 2.7,
						"angle": 76.1
					}, {
						"time": 3.0333,
						"angle": 0
					}],
					"translate": [{
						"time": 0,
						"x": 0,
						"y": 0,
						"curve": "stepped"
					}, {
						"time": 1.3333,
						"x": 0,
						"y": 0,
						"curve": "stepped"
					}, {
						"time": 1.6666,
						"x": 0,
						"y": 0,
						"curve": "stepped"
					}, {
						"time": 2.6666,
						"x": 0,
						"y": 0,
						"curve": "stepped"
					}, {
						"time": 2.7,
						"x": 0,
						"y": 0,
						"curve": "stepped"
					}, {
						"time": 3.0333,
						"x": 0,
						"y": 0
					}],
					"scale": [{
						"time": 0,
						"x": 0.467,
						"y": 0.467,
						"curve": [0.25, 0, 0.75, 1]
					}, {
						"time": 1.3333,
						"x": 0.734,
						"y": 0.734
					}, {
						"time": 1.6666,
						"x": 0.467,
						"y": 0.467
					}, {
						"time": 2.3333,
						"x": 1.001,
						"y": 1.001
					}, {
						"time": 2.6666,
						"x": 0.734,
						"y": 0.734,
						"curve": "stepped"
					}, {
						"time": 2.7,
						"x": 0.734,
						"y": 0.734
					}, {
						"time": 3.0333,
						"x": 0.467,
						"y": 0.467
					}]
				},
				"shanguang3": {
					"rotate": [{
						"time": 0,
						"angle": 0,
						"curve": "stepped"
					}, {
						"time": 1.3333,
						"angle": 0
					}, {
						"time": 1.9666,
						"angle": 81.53
					}, {
						"time": 2.0333,
						"angle": -152.45
					}, {
						"time": 2.6666,
						"angle": 0,
						"curve": "stepped"
					}, {
						"time": 2.7,
						"angle": 0
					}],
					"translate": [{
						"time": 0,
						"x": 0,
						"y": 0,
						"curve": "stepped"
					}, {
						"time": 1.3333,
						"x": 0,
						"y": 0,
						"curve": "stepped"
					}, {
						"time": 1.9666,
						"x": 0,
						"y": 0,
						"curve": "stepped"
					}, {
						"time": 2.0333,
						"x": 0,
						"y": 0,
						"curve": "stepped"
					}, {
						"time": 2.6666,
						"x": 0,
						"y": 0,
						"curve": "stepped"
					}, {
						"time": 2.7,
						"x": 0,
						"y": 0
					}],
					"scale": [{
						"time": 0,
						"x": 0.467,
						"y": 0.467,
						"curve": [0.25, 0, 0.75, 1]
					}, {
						"time": 1.3333,
						"x": 0.947,
						"y": 0.947
					}, {
						"time": 1.9666,
						"x": 0.467,
						"y": 0.467,
						"curve": "stepped"
					}, {
						"time": 2.0333,
						"x": 0.467,
						"y": 0.467
					}, {
						"time": 2.6666,
						"x": 0.947,
						"y": 0.947,
						"curve": "stepped"
					}, {
						"time": 2.7,
						"x": 0.947,
						"y": 0.947
					}]
				},
				"tengman": {
					"rotate": [{
						"time": 0,
						"angle": 0,
						"curve": "stepped"
					}, {
						"time": 0.0333,
						"angle": 0,
						"curve": "stepped"
					}, {
						"time": 0.2,
						"angle": 0
					}],
					"translate": [{
						"time": 0,
						"x": 0,
						"y": 0,
						"curve": "stepped"
					}, {
						"time": 0.0333,
						"x": 0,
						"y": 0,
						"curve": "stepped"
					}, {
						"time": 0.2,
						"x": 0,
						"y": 0
					}],
					"scale": [{
						"time": 0,
						"x": 0.892,
						"y": 0.892,
						"curve": "stepped"
					}, {
						"time": 0.0333,
						"x": 0.892,
						"y": 0.892,
						"curve": [0.25, 0, 0.75, 1]
					}, {
						"time": 0.2,
						"x": 1,
						"y": 1
					}]
				},
				"wenzi_sitaosantiao2": {
					"rotate": [{
						"time": 0,
						"angle": 0,
						"curve": "stepped"
					}, {
						"time": 0.1,
						"angle": 0,
						"curve": "stepped"
					}, {
						"time": 0.2,
						"angle": 0,
						"curve": "stepped"
					}, {
						"time": 0.3,
						"angle": 0,
						"curve": "stepped"
					}, {
						"time": 0.4,
						"angle": 0,
						"curve": "stepped"
					}, {
						"time": 0.5,
						"angle": 0
					}],
					"translate": [{
						"time": 0,
						"x": 0,
						"y": 0,
						"curve": "stepped"
					}, {
						"time": 0.1,
						"x": 0,
						"y": 0,
						"curve": "stepped"
					}, {
						"time": 0.2,
						"x": 0,
						"y": 0,
						"curve": "stepped"
					}, {
						"time": 0.3,
						"x": 0,
						"y": 0,
						"curve": "stepped"
					}, {
						"time": 0.4,
						"x": 0,
						"y": 0,
						"curve": "stepped"
					}, {
						"time": 0.5,
						"x": 0,
						"y": 0
					}],
					"scale": [{
						"time": 0,
						"x": 0.356,
						"y": 0.356,
						"curve": [0.25, 0, 0.75, 1]
					}, {
						"time": 0.1,
						"x": 1.315,
						"y": 1.809,
						"curve": [0.25, 0, 0.75, 1]
					}, {
						"time": 0.2,
						"x": 1.008,
						"y": 0.804,
						"curve": [0.25, 0, 0.75, 1]
					}, {
						"time": 0.3,
						"x": 0.953,
						"y": 1.137,
						"curve": [0.25, 0, 0.75, 1]
					}, {
						"time": 0.4,
						"x": 1.06,
						"y": 0.972,
						"curve": [0.25, 0, 0.75, 1]
					}, {
						"time": 0.5,
						"x": 1,
						"y": 1
					}]
				},
				"wenzi_sitaosantiao": {
					"rotate": [{
						"time": 0,
						"angle": 0,
						"curve": "stepped"
					}, {
						"time": 0.1333,
						"angle": 0,
						"curve": "stepped"
					}, {
						"time": 0.3333,
						"angle": 0,
						"curve": "stepped"
					}, {
						"time": 0.6666,
						"angle": 0,
						"curve": "stepped"
					}, {
						"time": 1.3333,
						"angle": 0
					}],
					"translate": [{
						"time": 0,
						"x": 0,
						"y": 0,
						"curve": "stepped"
					}, {
						"time": 0.1333,
						"x": 0,
						"y": 0,
						"curve": "stepped"
					}, {
						"time": 0.3333,
						"x": 0,
						"y": 0,
						"curve": "stepped"
					}, {
						"time": 0.6666,
						"x": 0,
						"y": 0,
						"curve": "stepped"
					}, {
						"time": 1.3333,
						"x": 0,
						"y": 0
					}],
					"scale": [{
						"time": 0,
						"x": 0.356,
						"y": 0.356,
						"curve": [0.25, 0, 0.75, 1]
					}, {
						"time": 0.1333,
						"x": 1.315,
						"y": 1.809,
						"curve": [0.25, 0, 0.75, 1]
					}, {
						"time": 0.3333,
						"x": 1,
						"y": 1,
						"curve": "stepped"
					}, {
						"time": 0.6666,
						"x": 1,
						"y": 1,
						"curve": "stepped"
					}, {
						"time": 1.3333,
						"x": 1,
						"y": 1
					}]
				},
				"ye1": {
					"rotate": [{
						"time": 0,
						"angle": 0,
						"curve": "stepped"
					}, {
						"time": 0.0666,
						"angle": 0,
						"curve": [0.25, 0, 0.75, 1]
					}, {
						"time": 0.3666,
						"angle": 14.15,
						"curve": [0.25, 0, 0.75, 1]
					}, {
						"time": 0.6666,
						"angle": -3.85,
						"curve": [0.25, 0, 0.75, 1]
					}, {
						"time": 0.9666,
						"angle": 0
					}],
					"translate": [{
						"time": 0,
						"x": 0,
						"y": 0,
						"curve": "stepped"
					}, {
						"time": 0.0666,
						"x": 0,
						"y": 0,
						"curve": "stepped"
					}, {
						"time": 0.3666,
						"x": 0,
						"y": 0,
						"curve": "stepped"
					}, {
						"time": 0.6666,
						"x": 0,
						"y": 0,
						"curve": "stepped"
					}, {
						"time": 0.9666,
						"x": 0,
						"y": 0
					}],
					"scale": [{
						"time": 0,
						"x": 1,
						"y": 1,
						"curve": "stepped"
					}, {
						"time": 0.0666,
						"x": 1,
						"y": 1,
						"curve": [0.25, 0, 0.75, 1]
					}, {
						"time": 0.3666,
						"x": 0.73,
						"y": 0.73,
						"curve": [0.25, 0, 0.75, 1]
					}, {
						"time": 0.6666,
						"x": 1,
						"y": 1,
						"curve": "stepped"
					}, {
						"time": 0.9666,
						"x": 1,
						"y": 1
					}]
				},
				"ye2": {
					"rotate": [{
						"time": 0,
						"angle": 0,
						"curve": "stepped"
					}, {
						"time": 0.0666,
						"angle": 0,
						"curve": [0.25, 0, 0.75, 1]
					}, {
						"time": 0.2333,
						"angle": -16.6,
						"curve": [0.25, 0, 0.75, 1]
					}, {
						"time": 0.4666,
						"angle": 5.7,
						"curve": [0.25, 0, 0.75, 1]
					}, {
						"time": 0.6333,
						"angle": 0
					}],
					"translate": [{
						"time": 0,
						"x": 0,
						"y": 0,
						"curve": "stepped"
					}, {
						"time": 0.0666,
						"x": 0,
						"y": 0,
						"curve": "stepped"
					}, {
						"time": 0.2333,
						"x": 0,
						"y": 0,
						"curve": "stepped"
					}, {
						"time": 0.4666,
						"x": 0,
						"y": 0,
						"curve": "stepped"
					}, {
						"time": 0.6333,
						"x": 0,
						"y": 0
					}],
					"scale": [{
						"time": 0,
						"x": 1,
						"y": 1,
						"curve": "stepped"
					}, {
						"time": 0.0666,
						"x": 1,
						"y": 1,
						"curve": [0.25, 0, 0.75, 1]
					}, {
						"time": 0.2333,
						"x": 0.848,
						"y": 0.848,
						"curve": [0.25, 0, 0.75, 1]
					}, {
						"time": 0.4666,
						"x": 1,
						"y": 1,
						"curve": "stepped"
					}, {
						"time": 0.6333,
						"x": 1,
						"y": 1
					}]
				},
				"ye3": {
					"rotate": [{
						"time": 0,
						"angle": 0,
						"curve": "stepped"
					}, {
						"time": 0.0666,
						"angle": 0,
						"curve": [0.25, 0, 0.75, 1]
					}, {
						"time": 0.3666,
						"angle": 30.48,
						"curve": [0.25, 0, 0.75, 1]
					}, {
						"time": 0.6,
						"angle": -9.35,
						"curve": [0.25, 0, 0.75, 1]
					}, {
						"time": 0.8,
						"angle": 0
					}],
					"translate": [{
						"time": 0,
						"x": 0,
						"y": 0,
						"curve": "stepped"
					}, {
						"time": 0.0666,
						"x": 0,
						"y": 0,
						"curve": "stepped"
					}, {
						"time": 0.3666,
						"x": 0,
						"y": 0,
						"curve": "stepped"
					}, {
						"time": 0.6,
						"x": 0,
						"y": 0,
						"curve": "stepped"
					}, {
						"time": 0.8,
						"x": 0,
						"y": 0
					}],
					"scale": [{
						"time": 0,
						"x": 1,
						"y": 1,
						"curve": "stepped"
					}, {
						"time": 0.0666,
						"x": 1,
						"y": 1,
						"curve": [0.25, 0, 0.75, 1]
					}, {
						"time": 0.3666,
						"x": 0.591,
						"y": 0.591,
						"curve": [0.25, 0, 0.75, 1]
					}, {
						"time": 0.6,
						"x": 1,
						"y": 1,
						"curve": "stepped"
					}, {
						"time": 0.8,
						"x": 1,
						"y": 1
					}]
				},
				"ye4": {
					"rotate": [{
						"time": 0,
						"angle": 0,
						"curve": "stepped"
					}, {
						"time": 0.0666,
						"angle": 0,
						"curve": [0.25, 0, 0.75, 1]
					}, {
						"time": 0.3,
						"angle": -12.66,
						"curve": [0.25, 0, 0.75, 1]
					}, {
						"time": 0.5666,
						"angle": 2.96,
						"curve": [0.25, 0, 0.75, 1]
					}, {
						"time": 0.8333,
						"angle": 0
					}],
					"translate": [{
						"time": 0,
						"x": 0,
						"y": 0,
						"curve": "stepped"
					}, {
						"time": 0.0666,
						"x": 0,
						"y": 0,
						"curve": "stepped"
					}, {
						"time": 0.3,
						"x": 0,
						"y": 0,
						"curve": "stepped"
					}, {
						"time": 0.5666,
						"x": 0,
						"y": 0,
						"curve": "stepped"
					}, {
						"time": 0.8333,
						"x": 0,
						"y": 0
					}],
					"scale": [{
						"time": 0,
						"x": 1,
						"y": 1,
						"curve": "stepped"
					}, {
						"time": 0.0666,
						"x": 1,
						"y": 1,
						"curve": [0.25, 0, 0.75, 1]
					}, {
						"time": 0.3,
						"x": 0.695,
						"y": 0.695,
						"curve": [0.25, 0, 0.75, 1]
					}, {
						"time": 0.5666,
						"x": 1,
						"y": 1,
						"curve": "stepped"
					}, {
						"time": 0.8333,
						"x": 1,
						"y": 1
					}]
				},
				"ye5": {
					"rotate": [{
						"time": 0,
						"angle": 0,
						"curve": "stepped"
					}, {
						"time": 0.0666,
						"angle": 0,
						"curve": [0.25, 0, 0.75, 1]
					}, {
						"time": 0.4666,
						"angle": 19.31,
						"curve": [0.25, 0, 0.75, 1]
					}, {
						"time": 0.7333,
						"angle": -4.12,
						"curve": [0.25, 0, 0.75, 1]
					}, {
						"time": 0.9666,
						"angle": 0
					}],
					"translate": [{
						"time": 0,
						"x": 0,
						"y": 0,
						"curve": "stepped"
					}, {
						"time": 0.0666,
						"x": 0,
						"y": 0,
						"curve": "stepped"
					}, {
						"time": 0.4666,
						"x": 0,
						"y": 0,
						"curve": "stepped"
					}, {
						"time": 0.7333,
						"x": 0,
						"y": 0,
						"curve": "stepped"
					}, {
						"time": 0.9666,
						"x": 0,
						"y": 0
					}],
					"scale": [{
						"time": 0,
						"x": 1,
						"y": 1,
						"curve": "stepped"
					}, {
						"time": 0.0666,
						"x": 1,
						"y": 1,
						"curve": [0.25, 0, 0.75, 1]
					}, {
						"time": 0.4666,
						"x": 0.662,
						"y": 0.662,
						"curve": [0.25, 0, 0.75, 1]
					}, {
						"time": 0.7333,
						"x": 1,
						"y": 1,
						"curve": "stepped"
					}, {
						"time": 0.9666,
						"x": 1,
						"y": 1
					}]
				},
				"ye6": {
					"rotate": [{
						"time": 0,
						"angle": 0,
						"curve": "stepped"
					}, {
						"time": 0.0666,
						"angle": 0,
						"curve": [0.25, 0, 0.75, 1]
					}, {
						"time": 0.2666,
						"angle": 10.67,
						"curve": [0.25, 0, 0.75, 1]
					}, {
						"time": 0.5333,
						"angle": -8.06,
						"curve": [0.25, 0, 0.75, 1]
					}, {
						"time": 0.8,
						"angle": 0
					}],
					"translate": [{
						"time": 0,
						"x": 0,
						"y": 0,
						"curve": "stepped"
					}, {
						"time": 0.0666,
						"x": 0,
						"y": 0,
						"curve": "stepped"
					}, {
						"time": 0.2666,
						"x": 0,
						"y": 0,
						"curve": "stepped"
					}, {
						"time": 0.5333,
						"x": 0,
						"y": 0,
						"curve": "stepped"
					}, {
						"time": 0.8,
						"x": 0,
						"y": 0
					}],
					"scale": [{
						"time": 0,
						"x": 1,
						"y": 1,
						"curve": "stepped"
					}, {
						"time": 0.0666,
						"x": 1,
						"y": 1,
						"curve": [0.25, 0, 0.75, 1]
					}, {
						"time": 0.2666,
						"x": 0.597,
						"y": 0.597,
						"curve": [0.25, 0, 0.75, 1]
					}, {
						"time": 0.5333,
						"x": 1,
						"y": 1,
						"curve": "stepped"
					}, {
						"time": 0.8,
						"x": 1,
						"y": 1
					}]
				},
				"ye7": {
					"rotate": [{
						"time": 0,
						"angle": 0,
						"curve": "stepped"
					}, {
						"time": 0.0666,
						"angle": 0,
						"curve": [0.25, 0, 0.75, 1]
					}, {
						"time": 0.4,
						"angle": 11.21,
						"curve": [0.25, 0, 0.75, 1]
					}, {
						"time": 0.7,
						"angle": -9.13,
						"curve": [0.25, 0, 0.75, 1]
					}, {
						"time": 0.9666,
						"angle": 0
					}],
					"translate": [{
						"time": 0,
						"x": 0,
						"y": 0,
						"curve": "stepped"
					}, {
						"time": 0.0666,
						"x": 0,
						"y": 0,
						"curve": "stepped"
					}, {
						"time": 0.4,
						"x": 0,
						"y": 0,
						"curve": "stepped"
					}, {
						"time": 0.7,
						"x": 0,
						"y": 0,
						"curve": "stepped"
					}, {
						"time": 0.9666,
						"x": 0,
						"y": 0
					}],
					"scale": [{
						"time": 0,
						"x": 1,
						"y": 1,
						"curve": "stepped"
					}, {
						"time": 0.0666,
						"x": 1,
						"y": 1,
						"curve": [0.25, 0, 0.75, 1]
					}, {
						"time": 0.4,
						"x": 0.703,
						"y": 0.703,
						"curve": [0.25, 0, 0.75, 1]
					}, {
						"time": 0.7,
						"x": 1,
						"y": 1,
						"curve": "stepped"
					}, {
						"time": 0.9666,
						"x": 1,
						"y": 1
					}]
				},
				"ye9": {
					"rotate": [{
						"time": 0,
						"angle": 0,
						"curve": "stepped"
					}, {
						"time": 0.0666,
						"angle": 0,
						"curve": [0.25, 0, 0.75, 1]
					}, {
						"time": 0.2,
						"angle": -26.48,
						"curve": [0.25, 0, 0.75, 1]
					}, {
						"time": 0.3666,
						"angle": 31.12,
						"curve": [0.25, 0, 0.75, 1]
					}, {
						"time": 0.5,
						"angle": -4.17,
						"curve": [0.25, 0, 0.75, 1]
					}, {
						"time": 0.6333,
						"angle": 0
					}],
					"translate": [{
						"time": 0,
						"x": 0,
						"y": 0,
						"curve": "stepped"
					}, {
						"time": 0.0666,
						"x": 0,
						"y": 0,
						"curve": "stepped"
					}, {
						"time": 0.2,
						"x": 0,
						"y": 0,
						"curve": "stepped"
					}, {
						"time": 0.3666,
						"x": 0,
						"y": 0,
						"curve": "stepped"
					}, {
						"time": 0.5,
						"x": 0,
						"y": 0,
						"curve": "stepped"
					}, {
						"time": 0.6333,
						"x": 0,
						"y": 0
					}],
					"scale": [{
						"time": 0,
						"x": 1,
						"y": 1,
						"curve": "stepped"
					}, {
						"time": 0.0666,
						"x": 1,
						"y": 1,
						"curve": [0.25, 0, 0.75, 1]
					}, {
						"time": 0.2,
						"x": 0.495,
						"y": 0.495,
						"curve": [0.25, 0, 0.75, 1]
					}, {
						"time": 0.3666,
						"x": 1,
						"y": 1,
						"curve": "stepped"
					}, {
						"time": 0.5,
						"x": 1,
						"y": 1,
						"curve": "stepped"
					}, {
						"time": 0.6333,
						"x": 1,
						"y": 1
					}]
				},
				"ye11": {
					"rotate": [{
						"time": 0,
						"angle": 0,
						"curve": "stepped"
					}, {
						"time": 0.0666,
						"angle": 0,
						"curve": [0.25, 0, 0.75, 1]
					}, {
						"time": 0.2333,
						"angle": -6.75,
						"curve": [0.25, 0, 0.75, 1]
					}, {
						"time": 0.4333,
						"angle": 7.98,
						"curve": [0.25, 0, 0.75, 1]
					}, {
						"time": 0.6333,
						"angle": 0
					}],
					"translate": [{
						"time": 0,
						"x": 0,
						"y": 0,
						"curve": "stepped"
					}, {
						"time": 0.0666,
						"x": 0,
						"y": 0,
						"curve": "stepped"
					}, {
						"time": 0.2333,
						"x": 0,
						"y": 0,
						"curve": "stepped"
					}, {
						"time": 0.4333,
						"x": 0,
						"y": 0,
						"curve": "stepped"
					}, {
						"time": 0.6333,
						"x": 0,
						"y": 0
					}],
					"scale": [{
						"time": 0,
						"x": 1,
						"y": 1,
						"curve": "stepped"
					}, {
						"time": 0.0666,
						"x": 1,
						"y": 1,
						"curve": [0.25, 0, 0.75, 1]
					}, {
						"time": 0.2333,
						"x": 0.847,
						"y": 0.847,
						"curve": [0.25, 0, 0.75, 1]
					}, {
						"time": 0.4333,
						"x": 1,
						"y": 1,
						"curve": "stepped"
					}, {
						"time": 0.6333,
						"x": 1,
						"y": 1
					}]
				},
				"ye12": {
					"rotate": [{
						"time": 0,
						"angle": 0,
						"curve": "stepped"
					}, {
						"time": 0.0666,
						"angle": 0,
						"curve": [0.25, 0, 0.75, 1]
					}, {
						"time": 0.4666,
						"angle": 24.09,
						"curve": [0.25, 0, 0.75, 1]
					}, {
						"time": 0.7,
						"angle": -17.26,
						"curve": [0.25, 0, 0.75, 1]
					}, {
						"time": 1,
						"angle": 0
					}],
					"translate": [{
						"time": 0,
						"x": 0,
						"y": 0,
						"curve": "stepped"
					}, {
						"time": 0.0666,
						"x": 0,
						"y": 0,
						"curve": "stepped"
					}, {
						"time": 0.4666,
						"x": 0,
						"y": 0,
						"curve": "stepped"
					}, {
						"time": 0.7,
						"x": 0,
						"y": 0,
						"curve": "stepped"
					}, {
						"time": 1,
						"x": 0,
						"y": 0
					}],
					"scale": [{
						"time": 0,
						"x": 1,
						"y": 1,
						"curve": "stepped"
					}, {
						"time": 0.0666,
						"x": 1,
						"y": 1,
						"curve": [0.25, 0, 0.75, 1]
					}, {
						"time": 0.4666,
						"x": 0.652,
						"y": 0.652,
						"curve": [0.25, 0, 0.75, 1]
					}, {
						"time": 0.7,
						"x": 1,
						"y": 1,
						"curve": "stepped"
					}, {
						"time": 1,
						"x": 1,
						"y": 1
					}]
				},
				"yzpl1": {
					"rotate": [{
						"time": 0,
						"angle": 0,
						"curve": "stepped"
					}, {
						"time": 0.0666,
						"angle": 0,
						"curve": "stepped"
					}, {
						"time": 0.2333,
						"angle": 0,
						"curve": [0.25, 0, 0.75, 1]
					}, {
						"time": 0.6,
						"angle": -54.29,
						"curve": [0.25, 0, 0.75, 1]
					}, {
						"time": 1,
						"angle": -145.63
					}],
					"translate": [{
						"time": 0,
						"x": 0,
						"y": 0,
						"curve": "stepped"
					}, {
						"time": 0.0666,
						"x": 0,
						"y": 0,
						"curve": [0.25, 0, 0.75, 1]
					}, {
						"time": 0.2333,
						"x": 55.8,
						"y": 165.24,
						"curve": [0.25, 0, 0.75, 1]
					}, {
						"time": 1,
						"x": 40.77,
						"y": 40.77
					}],
					"scale": [{
						"time": 0,
						"x": 1,
						"y": 1,
						"curve": "stepped"
					}, {
						"time": 0.0666,
						"x": 1,
						"y": 1,
						"curve": [0.25, 0, 0.75, 1]
					}, {
						"time": 0.2333,
						"x": 0.725,
						"y": 0.725,
						"curve": [0.25, 0, 0.75, 1]
					}, {
						"time": 1,
						"x": 1,
						"y": 1
					}]
				},
				"yzpl2": {
					"rotate": [{
						"time": 0,
						"angle": 0,
						"curve": "stepped"
					}, {
						"time": 0.1666,
						"angle": 0,
						"curve": [0.25, 0, 0.75, 1]
					}, {
						"time": 0.8333,
						"angle": 82.01,
						"curve": [0.25, 0, 0.75, 1]
					}, {
						"time": 1.5,
						"angle": 0
					}],
					"translate": [{
						"time": 0,
						"x": 0,
						"y": 0,
						"curve": "stepped"
					}, {
						"time": 0.1666,
						"x": 0,
						"y": 0,
						"curve": [0.25, 0, 0.75, 1]
					}, {
						"time": 1.5,
						"x": -70.6,
						"y": -206.64
					}],
					"scale": [{
						"time": 0,
						"x": 1,
						"y": 1,
						"curve": "stepped"
					}, {
						"time": 0.1666,
						"x": 1,
						"y": 1,
						"curve": "stepped"
					}, {
						"time": 1.5,
						"x": 1,
						"y": 1
					}]
				},
				"bone": {
					"rotate": [{
						"time": 0,
						"angle": 0
					}],
					"translate": [{
						"time": 0,
						"x": 0,
						"y": 0
					}],
					"scale": [{
						"time": 0,
						"x": 1,
						"y": 1
					}]
				},
				"wenzi": {
					"rotate": [{
						"time": 0,
						"angle": 0
					}],
					"translate": [{
						"time": 0,
						"x": 0,
						"y": 0
					}],
					"scale": [{
						"time": 0,
						"x": 1,
						"y": 1
					}]
				}
			}
		}
	}
}