{"skeleton":{"hash":"ekvGXx9bumZUZWB6sb6Cy84Xrpg","spine":"3.1.08","width":1334,"height":750,"images":"./images/"},"bones":[{"name":"root"},{"name":"win","parent":"root"},{"name":"shanguang","parent":"win","x":-62.79,"y":-17.42,"scaleX":1.168,"scaleY":1.168},{"name":"shanguang2","parent":"win","x":61.88,"y":29.76,"scaleX":1.23,"scaleY":1.23,"rotation":-19.01},{"name":"shanguang3","parent":"win","x":62.51,"y":61.61,"scaleX":1.015,"scaleY":1.015,"rotation":22.25},{"name":"shanguang4","parent":"win","x":-18.04,"y":-92.5,"scaleX":0.587,"scaleY":0.587,"rotation":-80.28},{"name":"shanguang5","parent":"win","x":-1.45,"y":93.62,"scaleX":1.214,"scaleY":1.214,"rotation":102.04},{"name":"shanguang6","parent":"win","x":-57.35,"y":92.52,"scaleX":1.433,"scaleY":1.433,"rotation":102.04},{"name":"shanguang7","parent":"win","x":-61.98,"y":14.06,"scaleX":0.751,"scaleY":0.751,"rotation":44.3},{"name":"shanguang8","parent":"win","x":-39.47,"y":-91.65,"scaleX":1.153,"scaleY":1.153,"rotation":90.66},{"name":"shanguang9","parent":"win","x":-62.79,"y":44.81,"scaleX":1.137,"scaleY":1.137,"rotation":-37.53},{"name":"shanguang10","parent":"win","x":47.33,"y":91.73,"scaleX":1.208,"scaleY":1.208,"rotation":72.78},{"name":"shanguang11","parent":"win","x":-60.87,"y":-53.46,"scaleX":1.465,"scaleY":1.465,"rotation":-41.14},{"name":"shanguang12","parent":"win","x":-59.74,"y":-89.2,"scaleX":0.73,"scaleY":0.73,"rotation":102.04},{"name":"shanguang13","parent":"win","x":62.82,"y":-25.28,"scaleX":1.382,"scaleY":1.382,"rotation":137.75},{"name":"shanguang14","parent":"win","x":62.64,"y":-48.99,"scaleX":1.01,"scaleY":1.01,"rotation":32.83},{"name":"shanguang15","parent":"win","x":4.98,"y":-91.59,"scaleX":1.561,"scaleY":1.561,"rotation":47.17},{"name":"shanguang16","parent":"win","x":35.14,"y":-92.61,"scaleX":0.839,"scaleY":0.839,"rotation":98.64},{"name":"shanguang17","parent":"win","x":63.16,"y":-73.21,"scaleX":0.608,"scaleY":0.608,"rotation":93.7},{"name":"shanguang18","parent":"win","x":-62.15,"y":67.73,"scaleX":0.47,"scaleY":0.47,"rotation":93.7},{"name":"shanguang19","parent":"win","x":60.43,"y":-91.97,"scaleX":1.259,"scaleY":1.259,"rotation":116.79},{"name":"shanguang20","parent":"win","x":62.82,"y":87.09,"scaleX":0.685,"scaleY":0.685,"rotation":80.08},{"name":"shanguang21","parent":"win","x":62.82,"y":-1.36,"scaleX":0.736,"scaleY":0.736,"rotation":43.46},{"name":"shanguang22","parent":"win","x":-62.02,"y":-74.73,"scaleX":0.512,"scaleY":0.512,"rotation":-19.01},{"name":"shanguang23","parent":"win","x":22.46,"y":93.42,"scaleX":0.608,"scaleY":0.608,"rotation":93.7},{"name":"shanguang24","parent":"win","x":-26.05,"y":92.96,"scaleX":1.946,"scaleY":1.946,"rotation":51.39},{"name":"shanguang25","parent":"win","x":63.28,"y":48.62,"scaleX":0.628,"scaleY":0.628,"rotation":-121.41},{"name":"shanguang26","parent":"win","x":-61.16,"y":1.38,"scaleX":0.608,"scaleY":0.608,"rotation":93.7}],"slots":[{"name":"21张2(","bone":"root","color":"a8a8a8ff"},{"name":"win","bone":"win","attachment":"win"},{"name":"win2","bone":"win","color":"ffffff00","attachment":"win","blend":"additive"},{"name":"shanguang","bone":"shanguang","attachment":"shanguang"},{"name":"shanguang9","bone":"shanguang9","attachment":"shanguang"},{"name":"shanguang7","bone":"shanguang7","attachment":"shanguang"},{"name":"shanguang8","bone":"shanguang8","attachment":"shanguang"},{"name":"shanguang10","bone":"shanguang10","attachment":"shanguang"},{"name":"shanguang13","bone":"shanguang13","attachment":"shanguang"},{"name":"shanguang17","bone":"shanguang17","attachment":"shanguang"},{"name":"shanguang26","bone":"shanguang26","attachment":"shanguang"},{"name":"shanguang23","bone":"shanguang23","attachment":"shanguang"},{"name":"shanguang21","bone":"shanguang21","attachment":"shanguang"},{"name":"shanguang19","bone":"shanguang19","attachment":"shanguang"},{"name":"shanguang20","bone":"shanguang20","attachment":"shanguang"},{"name":"shanguang18","bone":"shanguang18","attachment":"shanguang"},{"name":"shanguang2","bone":"shanguang2","attachment":"shanguang"},{"name":"shanguang22","bone":"shanguang22","attachment":"shanguang"},{"name":"shanguang11","bone":"shanguang11","attachment":"shanguang"},{"name":"shanguang25","bone":"shanguang25","attachment":"shanguang"},{"name":"shanguang3","bone":"shanguang3","attachment":"shanguang"},{"name":"shanguang4","bone":"shanguang4","attachment":"shanguang"},{"name":"shanguang24","bone":"shanguang24","attachment":"shanguang"},{"name":"shanguang14","bone":"shanguang14","attachment":"shanguang"},{"name":"shanguang15","bone":"shanguang15","attachment":"shanguang"},{"name":"shanguang16","bone":"shanguang16","attachment":"shanguang"},{"name":"shanguang5","bone":"shanguang5","attachment":"shanguang"},{"name":"shanguang6","bone":"shanguang6","attachment":"shanguang"},{"name":"shanguang12","bone":"shanguang12","attachment":"shanguang"}],"skins":{"default":{"shanguang":{"shanguang":{"x":0.07,"y":0.33,"scaleX":0.166,"scaleY":0.166,"rotation":40.97,"width":100,"height":102}},"shanguang10":{"shanguang":{"x":0.07,"y":0.33,"scaleX":0.166,"scaleY":0.166,"rotation":40.97,"width":100,"height":102}},"shanguang11":{"shanguang":{"x":0.07,"y":0.33,"scaleX":0.166,"scaleY":0.166,"rotation":40.97,"width":100,"height":102}},"shanguang12":{"shanguang":{"x":0.07,"y":0.33,"scaleX":0.166,"scaleY":0.166,"rotation":40.97,"width":100,"height":102}},"shanguang13":{"shanguang":{"x":0.07,"y":0.33,"scaleX":0.166,"scaleY":0.166,"rotation":40.97,"width":100,"height":102}},"shanguang14":{"shanguang":{"x":0.07,"y":0.33,"scaleX":0.166,"scaleY":0.166,"rotation":40.97,"width":100,"height":102}},"shanguang15":{"shanguang":{"x":0.07,"y":0.33,"scaleX":0.166,"scaleY":0.166,"rotation":40.97,"width":100,"height":102}},"shanguang16":{"shanguang":{"x":0.07,"y":0.33,"scaleX":0.166,"scaleY":0.166,"rotation":40.97,"width":100,"height":102}},"shanguang17":{"shanguang":{"x":0.07,"y":0.33,"scaleX":0.166,"scaleY":0.166,"rotation":40.97,"width":100,"height":102}},"shanguang18":{"shanguang":{"x":0.07,"y":0.33,"scaleX":0.166,"scaleY":0.166,"rotation":40.97,"width":100,"height":102}},"shanguang19":{"shanguang":{"x":0.07,"y":0.33,"scaleX":0.166,"scaleY":0.166,"rotation":40.97,"width":100,"height":102}},"shanguang2":{"shanguang":{"x":0.07,"y":0.33,"scaleX":0.166,"scaleY":0.166,"rotation":40.97,"width":100,"height":102}},"shanguang20":{"shanguang":{"x":0.07,"y":0.33,"scaleX":0.166,"scaleY":0.166,"rotation":40.97,"width":100,"height":102}},"shanguang21":{"shanguang":{"x":0.07,"y":0.33,"scaleX":0.166,"scaleY":0.166,"rotation":40.97,"width":100,"height":102}},"shanguang22":{"shanguang":{"x":0.07,"y":0.33,"scaleX":0.166,"scaleY":0.166,"rotation":40.97,"width":100,"height":102}},"shanguang23":{"shanguang":{"x":0.07,"y":0.33,"scaleX":0.166,"scaleY":0.166,"rotation":40.97,"width":100,"height":102}},"shanguang24":{"shanguang":{"x":0.07,"y":0.33,"scaleX":0.166,"scaleY":0.166,"rotation":40.97,"width":100,"height":102}},"shanguang25":{"shanguang":{"x":0.07,"y":0.33,"scaleX":0.166,"scaleY":0.166,"rotation":40.97,"width":100,"height":102}},"shanguang26":{"shanguang":{"x":0.07,"y":0.33,"scaleX":0.166,"scaleY":0.166,"rotation":40.97,"width":100,"height":102}},"shanguang3":{"shanguang":{"x":0.07,"y":0.33,"scaleX":0.166,"scaleY":0.166,"rotation":40.97,"width":100,"height":102}},"shanguang4":{"shanguang":{"x":0.07,"y":0.33,"scaleX":0.166,"scaleY":0.166,"rotation":40.97,"width":100,"height":102}},"shanguang5":{"shanguang":{"x":0.07,"y":0.33,"scaleX":0.166,"scaleY":0.166,"rotation":40.97,"width":100,"height":102}},"shanguang6":{"shanguang":{"x":0.07,"y":0.33,"scaleX":0.166,"scaleY":0.166,"rotation":40.97,"width":100,"height":102}},"shanguang7":{"shanguang":{"x":0.07,"y":0.33,"scaleX":0.166,"scaleY":0.166,"rotation":40.97,"width":100,"height":102}},"shanguang8":{"shanguang":{"x":0.07,"y":0.33,"scaleX":0.166,"scaleY":0.166,"rotation":40.97,"width":100,"height":102}},"shanguang9":{"shanguang":{"x":0.07,"y":0.33,"scaleX":0.166,"scaleY":0.166,"rotation":40.97,"width":100,"height":102}},"win":{"win":{"width":131,"height":192}},"win2":{"win":{"width":131,"height":192}}}},"animations":{"animation":{"slots":{"shanguang":{"attachment":[{"time":0,"name":"shanguang"},{"time":0.1666,"name":null},{"time":0.8666,"name":"shanguang"},{"time":1.0666,"name":"shanguang"}],"color":[{"time":0,"color":"ffffffff","curve":"stepped"},{"time":0.1666,"color":"ffffffff","curve":"stepped"},{"time":0.8666,"color":"ffffffff","curve":"stepped"},{"time":1.0666,"color":"ffffffff"}]},"shanguang2":{"attachment":[{"time":0,"name":"shanguang"},{"time":0.1666,"name":null},{"time":0.8666,"name":"shanguang"},{"time":1.0666,"name":"shanguang"}],"color":[{"time":0,"color":"ffffffff","curve":"stepped"},{"time":0.1666,"color":"ffffffff","curve":"stepped"},{"time":0.8666,"color":"ffffffff","curve":"stepped"},{"time":1.0666,"color":"ffffffff"}]},"shanguang3":{"attachment":[{"time":0,"name":null},{"time":0.1333,"name":"shanguang"},{"time":0.5666,"name":null}],"color":[{"time":0,"color":"ffffffff","curve":"stepped"},{"time":0.1333,"color":"ffffffff","curve":"stepped"},{"time":0.5666,"color":"ffffffff"}]},"shanguang4":{"attachment":[{"time":0,"name":null},{"time":0.5,"name":"shanguang"},{"time":0.9333,"name":null}],"color":[{"time":0,"color":"ffffffff","curve":"stepped"},{"time":0.5,"color":"ffffffff","curve":"stepped"},{"time":0.9333,"color":"ffffffff"}]},"shanguang5":{"attachment":[{"time":0,"name":null},{"time":0.3,"name":"shanguang"},{"time":0.7333,"name":null}],"color":[{"time":0,"color":"ffffffff","curve":"stepped"},{"time":0.3,"color":"ffffffff","curve":"stepped"},{"time":0.7333,"color":"ffffffff"}]},"shanguang6":{"attachment":[{"time":0,"name":"shanguang"},{"time":0.2,"name":null},{"time":0.8333,"name":"shanguang"},{"time":1.0666,"name":"shanguang"}],"color":[{"time":0,"color":"ffffffff","curve":"stepped"},{"time":0.2,"color":"ffffffff","curve":"stepped"},{"time":0.8333,"color":"ffffffff","curve":"stepped"},{"time":1.0666,"color":"ffffffff"}]},"shanguang7":{"attachment":[{"time":0,"name":null},{"time":0.1666,"name":"shanguang"},{"time":0.6,"name":null}],"color":[{"time":0,"color":"ffffffff","curve":"stepped"},{"time":0.1666,"color":"ffffffff","curve":"stepped"},{"time":0.6,"color":"ffffffff"}]},"shanguang8":{"attachment":[{"time":0,"name":null},{"time":0.3666,"name":"shanguang"},{"time":0.8,"name":null}],"color":[{"time":0,"color":"ffffffff","curve":"stepped"},{"time":0.3666,"color":"ffffffff","curve":"stepped"},{"time":0.8,"color":"ffffffff"}]},"shanguang9":{"attachment":[{"time":0,"name":"shanguang"},{"time":0.3333,"name":"shanguang"},{"time":0.7666,"name":null}],"color":[{"time":0,"color":"ffffffff","curve":"stepped"},{"time":0.3333,"color":"ffffffff","curve":"stepped"},{"time":0.7666,"color":"ffffffff"}]},"shanguang10":{"attachment":[{"time":0,"name":"shanguang"},{"time":0.2,"name":null},{"time":0.8333,"name":"shanguang"},{"time":1.0666,"name":"shanguang"}],"color":[{"time":0,"color":"ffffffff","curve":"stepped"},{"time":0.2,"color":"ffffffff","curve":"stepped"},{"time":0.8333,"color":"ffffffff","curve":"stepped"},{"time":1.0666,"color":"ffffffff"}]},"shanguang11":{"attachment":[{"time":0,"name":"shanguang"},{"time":0.2,"name":null},{"time":0.8333,"name":"shanguang"},{"time":1.0666,"name":"shanguang"}],"color":[{"time":0,"color":"ffffffff","curve":"stepped"},{"time":0.2,"color":"ffffffff","curve":"stepped"},{"time":0.8333,"color":"ffffffff","curve":"stepped"},{"time":1.0666,"color":"ffffffff"}]},"shanguang12":{"attachment":[{"time":0,"name":null},{"time":0.0666,"name":"shanguang"},{"time":0.6,"name":null}],"color":[{"time":0,"color":"ffffffff","curve":"stepped"},{"time":0.0666,"color":"ffffffff","curve":"stepped"},{"time":0.6,"color":"ffffffff"}]},"shanguang13":{"attachment":[{"time":0,"name":null},{"time":0.4666,"name":"shanguang"},{"time":0.9333,"name":null}],"color":[{"time":0,"color":"ffffffff","curve":"stepped"},{"time":0.4666,"color":"ffffffff","curve":"stepped"},{"time":0.9333,"color":"ffffffff"}]},"shanguang14":{"attachment":[{"time":0,"name":null},{"time":0.1333,"name":"shanguang"},{"time":0.5666,"name":null}],"color":[{"time":0,"color":"ffffffff","curve":"stepped"},{"time":0.1333,"color":"ffffffff","curve":"stepped"},{"time":0.5666,"color":"ffffffff"}]},"shanguang15":{"attachment":[{"time":0,"name":null},{"time":0.4333,"name":"shanguang"},{"time":0.8666,"name":null}],"color":[{"time":0,"color":"ffffffff","curve":"stepped"},{"time":0.4333,"color":"ffffffff","curve":"stepped"},{"time":0.8666,"color":"ffffffff"}]},"shanguang16":{"attachment":[{"time":0,"name":"shanguang"},{"time":0.2,"name":null},{"time":0.8333,"name":"shanguang"},{"time":1.0666,"name":"shanguang"}],"color":[{"time":0,"color":"ffffffff","curve":"stepped"},{"time":0.2,"color":"ffffffff","curve":"stepped"},{"time":0.8333,"color":"ffffffff","curve":"stepped"},{"time":1.0666,"color":"ffffffff"}]},"shanguang17":{"attachment":[{"time":0,"name":null},{"time":0.2,"name":"shanguang"},{"time":0.6666,"name":null}],"color":[{"time":0,"color":"ffffffff","curve":"stepped"},{"time":0.2,"color":"ffffffff","curve":"stepped"},{"time":0.6666,"color":"ffffffff"}]},"shanguang18":{"attachment":[{"time":0,"name":null},{"time":0.4,"name":"shanguang"},{"time":0.8666,"name":null}],"color":[{"time":0,"color":"ffffffff","curve":"stepped"},{"time":0.4,"color":"ffffffff","curve":"stepped"},{"time":0.8666,"color":"ffffffff"}]},"shanguang19":{"attachment":[{"time":0,"name":"shanguang"},{"time":0.2,"name":null},{"time":0.8,"name":"shanguang"},{"time":1.0666,"name":"shanguang"}],"color":[{"time":0,"color":"ffffffff","curve":"stepped"},{"time":0.2,"color":"ffffffff","curve":"stepped"},{"time":0.8,"color":"ffffffff","curve":"stepped"},{"time":1.0666,"color":"ffffffff"}]},"shanguang20":{"attachment":[{"time":0,"name":"shanguang"},{"time":0.2,"name":null},{"time":0.8,"name":"shanguang"},{"time":1.0666,"name":"shanguang"}],"color":[{"time":0,"color":"ffffffff","curve":"stepped"},{"time":0.2,"color":"ffffffff","curve":"stepped"},{"time":0.8,"color":"ffffffff","curve":"stepped"},{"time":1.0666,"color":"ffffffff"}]},"shanguang21":{"attachment":[{"time":0,"name":null},{"time":0.2,"name":"shanguang"},{"time":0.6666,"name":null}],"color":[{"time":0,"color":"ffffffff","curve":"stepped"},{"time":0.2,"color":"ffffffff","curve":"stepped"},{"time":0.6666,"color":"ffffffff"}]},"shanguang22":{"attachment":[{"time":0,"name":"shanguang"},{"time":0.1666,"name":null},{"time":0.8666,"name":"shanguang"},{"time":1.0666,"name":"shanguang"}],"color":[{"time":0,"color":"ffffffff","curve":"stepped"},{"time":0.1666,"color":"ffffffff","curve":"stepped"},{"time":0.8666,"color":"ffffffff","curve":"stepped"},{"time":1.0666,"color":"ffffffff"}]},"shanguang23":{"attachment":[{"time":0,"name":null},{"time":0.2,"name":"shanguang"},{"time":0.6666,"name":null}],"color":[{"time":0,"color":"ffffffff","curve":"stepped"},{"time":0.2,"color":"ffffffff","curve":"stepped"},{"time":0.6666,"color":"ffffffff"}]},"shanguang24":{"attachment":[{"time":0,"name":null},{"time":0.5,"name":"shanguang"},{"time":0.9333,"name":null}],"color":[{"time":0,"color":"ffffffff","curve":"stepped"},{"time":0.5,"color":"ffffffff","curve":"stepped"},{"time":0.9333,"color":"ffffffff"}]},"shanguang25":{"attachment":[{"time":0,"name":"shanguang"},{"time":0.2333,"name":null},{"time":0.8,"name":"shanguang"},{"time":1.0666,"name":"shanguang"}],"color":[{"time":0,"color":"ffffffff","curve":"stepped"},{"time":0.2333,"color":"ffffffff","curve":"stepped"},{"time":0.8,"color":"ffffffff","curve":"stepped"},{"time":1.0666,"color":"ffffffff"}]},"shanguang26":{"attachment":[{"time":0,"name":null},{"time":0.2,"name":"shanguang"},{"time":0.6666,"name":null}],"color":[{"time":0,"color":"ffffffff","curve":"stepped"},{"time":0.2,"color":"ffffffff","curve":"stepped"},{"time":0.6666,"color":"ffffffff"}]},"win":{"attachment":[{"time":0,"name":"win"},{"time":1.0666,"name":"win"}],"color":[{"time":0,"color":"ffffffff","curve":"stepped"},{"time":1.0666,"color":"ffffffff"}]},"win2":{"attachment":[{"time":0,"name":"win"},{"time":1.0666,"name":"win"}],"color":[{"time":0,"color":"ffffff00","curve":"stepped"},{"time":0.1666,"color":"ffffff00","curve":[0.25,0,0.75,1]},{"time":0.2666,"color":"ffffffff","curve":[0.25,0,0.75,1]},{"time":0.3666,"color":"ffffff00","curve":"stepped"},{"time":0.6666,"color":"ffffff00","curve":[0.25,0,0.75,1]},{"time":0.7666,"color":"ffffffff","curve":[0.25,0,0.75,1]},{"time":0.8666,"color":"ffffff00","curve":"stepped"},{"time":1.0666,"color":"ffffff00"}]}},"bones":{"shanguang":{"rotate":[{"time":0,"angle":0,"curve":"stepped"},{"time":0.1666,"angle":0,"curve":"stepped"},{"time":0.8666,"angle":0,"curve":"stepped"},{"time":1.0666,"angle":0}],"translate":[{"time":0,"x":0,"y":0,"curve":"stepped"},{"time":0.1666,"x":0,"y":0,"curve":"stepped"},{"time":0.8666,"x":0,"y":0,"curve":"stepped"},{"time":1.0666,"x":0,"y":0}],"scale":[{"time":0,"x":1.195,"y":1.195,"curve":[0.25,0,0.75,1]},{"time":0.1666,"x":1.41,"y":1.41,"curve":[0.25,0,0.75,1]},{"time":0.8666,"x":0.922,"y":0.922,"curve":[0.25,0,0.75,1]},{"time":1.0666,"x":1.195,"y":1.195}]},"shanguang2":{"rotate":[{"time":0,"angle":0,"curve":"stepped"},{"time":0.1666,"angle":0,"curve":"stepped"},{"time":0.8666,"angle":0,"curve":"stepped"},{"time":1.0666,"angle":0}],"translate":[{"time":0,"x":0,"y":0,"curve":"stepped"},{"time":0.1666,"x":0,"y":0,"curve":"stepped"},{"time":0.8666,"x":0,"y":0,"curve":"stepped"},{"time":1.0666,"x":0,"y":0}],"scale":[{"time":0,"x":1.195,"y":1.195,"curve":[0.25,0,0.75,1]},{"time":0.1666,"x":0.922,"y":0.922,"curve":"stepped"},{"time":0.8666,"x":0.922,"y":0.922,"curve":[0.25,0,0.75,1]},{"time":1.0666,"x":1.195,"y":1.195}]},"shanguang3":{"rotate":[{"time":0,"angle":0,"curve":"stepped"},{"time":0.1333,"angle":0,"curve":"stepped"},{"time":0.5666,"angle":0}],"translate":[{"time":0,"x":0,"y":0,"curve":"stepped"},{"time":0.1333,"x":0,"y":0,"curve":"stepped"},{"time":0.5666,"x":0,"y":0}],"scale":[{"time":0,"x":0.922,"y":0.922,"curve":"stepped"},{"time":0.1333,"x":0.922,"y":0.922,"curve":[0.25,0,0.75,1]},{"time":0.5666,"x":1.41,"y":1.41}]},"shanguang4":{"rotate":[{"time":0,"angle":0,"curve":"stepped"},{"time":0.5,"angle":0,"curve":"stepped"},{"time":0.9333,"angle":0}],"translate":[{"time":0,"x":0,"y":0,"curve":"stepped"},{"time":0.5,"x":0,"y":0,"curve":"stepped"},{"time":0.9333,"x":0,"y":0}],"scale":[{"time":0,"x":0.922,"y":0.922,"curve":"stepped"},{"time":0.5,"x":0.922,"y":0.922,"curve":[0.25,0,0.75,1]},{"time":0.9333,"x":1.41,"y":1.41}]},"shanguang5":{"rotate":[{"time":0,"angle":0,"curve":"stepped"},{"time":0.3,"angle":0,"curve":"stepped"},{"time":0.7333,"angle":0}],"translate":[{"time":0,"x":0,"y":0,"curve":"stepped"},{"time":0.3,"x":0,"y":0,"curve":"stepped"},{"time":0.7333,"x":0,"y":0}],"scale":[{"time":0,"x":0.922,"y":0.922,"curve":"stepped"},{"time":0.3,"x":0.922,"y":0.922,"curve":[0.25,0,0.75,1]},{"time":0.7333,"x":1.41,"y":1.41}]},"shanguang6":{"rotate":[{"time":0,"angle":0,"curve":"stepped"},{"time":0.2,"angle":0,"curve":"stepped"},{"time":0.8333,"angle":0,"curve":"stepped"},{"time":1.0666,"angle":0}],"translate":[{"time":0,"x":0,"y":0,"curve":"stepped"},{"time":0.2,"x":0,"y":0,"curve":"stepped"},{"time":0.8333,"x":0,"y":0,"curve":"stepped"},{"time":1.0666,"x":0,"y":0}],"scale":[{"time":0,"x":1.191,"y":1.191,"curve":[0.25,0,0.75,1]},{"time":0.2,"x":1.41,"y":1.41,"curve":[0.25,0,0.75,1]},{"time":0.8333,"x":0.922,"y":0.922,"curve":[0.25,0,0.75,1]},{"time":1.0666,"x":1.191,"y":1.191}]},"shanguang7":{"rotate":[{"time":0,"angle":0,"curve":"stepped"},{"time":0.1666,"angle":0,"curve":"stepped"},{"time":0.6,"angle":0}],"translate":[{"time":0,"x":0,"y":0,"curve":"stepped"},{"time":0.1666,"x":0,"y":0,"curve":"stepped"},{"time":0.6,"x":0,"y":0}],"scale":[{"time":0,"x":0.922,"y":0.922,"curve":"stepped"},{"time":0.1666,"x":0.922,"y":0.922,"curve":[0.25,0,0.75,1]},{"time":0.6,"x":1.41,"y":1.41}]},"shanguang8":{"rotate":[{"time":0,"angle":0,"curve":"stepped"},{"time":0.3666,"angle":0,"curve":"stepped"},{"time":0.8,"angle":0}],"translate":[{"time":0,"x":0,"y":0,"curve":"stepped"},{"time":0.3666,"x":0,"y":0,"curve":"stepped"},{"time":0.8,"x":0,"y":0}],"scale":[{"time":0,"x":0.922,"y":0.922,"curve":"stepped"},{"time":0.3666,"x":0.922,"y":0.922,"curve":[0.25,0,0.75,1]},{"time":0.8,"x":1.41,"y":1.41}]},"shanguang9":{"rotate":[{"time":0,"angle":0,"curve":"stepped"},{"time":0.3333,"angle":0,"curve":"stepped"},{"time":0.7666,"angle":0}],"translate":[{"time":0,"x":0,"y":0,"curve":"stepped"},{"time":0.3333,"x":0,"y":0,"curve":"stepped"},{"time":0.7666,"x":0,"y":0}],"scale":[{"time":0,"x":0.922,"y":0.922,"curve":"stepped"},{"time":0.3333,"x":0.922,"y":0.922,"curve":[0.25,0,0.75,1]},{"time":0.7666,"x":1.41,"y":1.41}]},"shanguang10":{"rotate":[{"time":0,"angle":0,"curve":"stepped"},{"time":0.2,"angle":0,"curve":"stepped"},{"time":0.8333,"angle":0,"curve":"stepped"},{"time":1.0666,"angle":0}],"translate":[{"time":0,"x":0,"y":0,"curve":"stepped"},{"time":0.2,"x":0,"y":0,"curve":"stepped"},{"time":0.8333,"x":0,"y":0,"curve":"stepped"},{"time":1.0666,"x":0,"y":0}],"scale":[{"time":0,"x":1.191,"y":1.191,"curve":[0.25,0,0.75,1]},{"time":0.2,"x":0.922,"y":0.922,"curve":"stepped"},{"time":0.8333,"x":0.922,"y":0.922,"curve":[0.25,0,0.75,1]},{"time":1.0666,"x":1.191,"y":1.191}]},"shanguang11":{"rotate":[{"time":0,"angle":0,"curve":"stepped"},{"time":0.2,"angle":0,"curve":"stepped"},{"time":0.8333,"angle":0,"curve":"stepped"},{"time":1.0666,"angle":0}],"translate":[{"time":0,"x":0,"y":0,"curve":"stepped"},{"time":0.2,"x":0,"y":0,"curve":"stepped"},{"time":0.8333,"x":0,"y":0,"curve":"stepped"},{"time":1.0666,"x":0,"y":0}],"scale":[{"time":0,"x":1.191,"y":1.191,"curve":[0.25,0,0.75,1]},{"time":0.2,"x":0.922,"y":0.922,"curve":"stepped"},{"time":0.8333,"x":0.922,"y":0.922,"curve":[0.25,0,0.75,1]},{"time":1.0666,"x":1.191,"y":1.191}]},"shanguang12":{"rotate":[{"time":0,"angle":0,"curve":"stepped"},{"time":0.0666,"angle":0,"curve":"stepped"},{"time":0.6,"angle":0}],"translate":[{"time":0,"x":0,"y":0,"curve":"stepped"},{"time":0.0666,"x":0,"y":0,"curve":"stepped"},{"time":0.6,"x":0,"y":0}],"scale":[{"time":0,"x":0.922,"y":0.922,"curve":"stepped"},{"time":0.0666,"x":0.922,"y":0.922,"curve":[0.25,0,0.75,1]},{"time":0.6,"x":1.41,"y":1.41}]},"shanguang13":{"rotate":[{"time":0,"angle":0,"curve":"stepped"},{"time":0.4666,"angle":0,"curve":"stepped"},{"time":0.9333,"angle":0}],"translate":[{"time":0,"x":0,"y":0,"curve":"stepped"},{"time":0.4666,"x":0,"y":0,"curve":"stepped"},{"time":0.9333,"x":0,"y":0}],"scale":[{"time":0,"x":0.922,"y":0.922,"curve":"stepped"},{"time":0.4666,"x":0.922,"y":0.922,"curve":[0.25,0,0.75,1]},{"time":0.9333,"x":1.41,"y":1.41}]},"shanguang14":{"rotate":[{"time":0,"angle":0,"curve":"stepped"},{"time":0.1333,"angle":0,"curve":"stepped"},{"time":0.5666,"angle":0}],"translate":[{"time":0,"x":0,"y":0,"curve":"stepped"},{"time":0.1333,"x":0,"y":0,"curve":"stepped"},{"time":0.5666,"x":0,"y":0}],"scale":[{"time":0,"x":0.922,"y":0.922,"curve":"stepped"},{"time":0.1333,"x":0.922,"y":0.922,"curve":[0.25,0,0.75,1]},{"time":0.5666,"x":1.41,"y":1.41}]},"shanguang15":{"rotate":[{"time":0,"angle":0,"curve":"stepped"},{"time":0.4333,"angle":0,"curve":"stepped"},{"time":0.8666,"angle":0}],"translate":[{"time":0,"x":0,"y":0,"curve":"stepped"},{"time":0.4333,"x":0,"y":0,"curve":"stepped"},{"time":0.8666,"x":0,"y":0}],"scale":[{"time":0,"x":0.922,"y":0.922,"curve":"stepped"},{"time":0.4333,"x":0.922,"y":0.922,"curve":[0.25,0,0.75,1]},{"time":0.8666,"x":1.186,"y":1.186}]},"shanguang16":{"rotate":[{"time":0,"angle":0,"curve":"stepped"},{"time":0.2,"angle":0,"curve":"stepped"},{"time":0.8333,"angle":0,"curve":"stepped"},{"time":1.0666,"angle":0}],"translate":[{"time":0,"x":0,"y":0,"curve":"stepped"},{"time":0.2,"x":0,"y":0,"curve":"stepped"},{"time":0.8333,"x":0,"y":0,"curve":"stepped"},{"time":1.0666,"x":0,"y":0}],"scale":[{"time":0,"x":1.191,"y":1.191,"curve":[0.25,0,0.75,1]},{"time":0.2,"x":0.922,"y":0.922,"curve":"stepped"},{"time":0.8333,"x":0.922,"y":0.922,"curve":[0.25,0,0.75,1]},{"time":1.0666,"x":1.191,"y":1.191}]},"shanguang17":{"rotate":[{"time":0,"angle":0,"curve":"stepped"},{"time":0.2,"angle":0,"curve":"stepped"},{"time":0.6666,"angle":0}],"translate":[{"time":0,"x":0,"y":0,"curve":"stepped"},{"time":0.2,"x":0,"y":0,"curve":"stepped"},{"time":0.6666,"x":0,"y":0}],"scale":[{"time":0,"x":0.922,"y":0.922,"curve":"stepped"},{"time":0.2,"x":0.922,"y":0.922,"curve":[0.25,0,0.75,1]},{"time":0.6666,"x":1.41,"y":1.41}]},"shanguang18":{"rotate":[{"time":0,"angle":0,"curve":"stepped"},{"time":0.4,"angle":0,"curve":"stepped"},{"time":0.8666,"angle":0}],"translate":[{"time":0,"x":0,"y":0,"curve":"stepped"},{"time":0.4,"x":0,"y":0,"curve":"stepped"},{"time":0.8666,"x":0,"y":0}],"scale":[{"time":0,"x":0.922,"y":0.922,"curve":"stepped"},{"time":0.4,"x":0.922,"y":0.922,"curve":[0.25,0,0.75,1]},{"time":0.8666,"x":1.41,"y":1.41}]},"shanguang19":{"rotate":[{"time":0,"angle":0,"curve":"stepped"},{"time":0.2,"angle":0,"curve":"stepped"},{"time":0.8,"angle":0,"curve":"stepped"},{"time":1.0666,"angle":0}],"translate":[{"time":0,"x":0,"y":0,"curve":"stepped"},{"time":0.2,"x":0,"y":0,"curve":"stepped"},{"time":0.8,"x":0,"y":0,"curve":"stepped"},{"time":1.0666,"x":0,"y":0}],"scale":[{"time":0,"x":1.212,"y":1.212,"curve":[0.25,0,0.75,1]},{"time":0.2,"x":0.922,"y":0.922,"curve":"stepped"},{"time":0.8,"x":0.922,"y":0.922,"curve":[0.25,0,0.75,1]},{"time":1.0666,"x":1.212,"y":1.212}]},"shanguang20":{"rotate":[{"time":0,"angle":0,"curve":"stepped"},{"time":0.2,"angle":0,"curve":"stepped"},{"time":0.8,"angle":0,"curve":"stepped"},{"time":1.0666,"angle":0}],"translate":[{"time":0,"x":0,"y":0,"curve":"stepped"},{"time":0.2,"x":0,"y":0,"curve":"stepped"},{"time":0.8,"x":0,"y":0,"curve":"stepped"},{"time":1.0666,"x":0,"y":0}],"scale":[{"time":0,"x":1.212,"y":1.212,"curve":[0.25,0,0.75,1]},{"time":0.2,"x":0.922,"y":0.922,"curve":"stepped"},{"time":0.8,"x":0.922,"y":0.922,"curve":[0.25,0,0.75,1]},{"time":1.0666,"x":1.212,"y":1.212}]},"shanguang21":{"rotate":[{"time":0,"angle":0,"curve":"stepped"},{"time":0.2,"angle":0,"curve":"stepped"},{"time":0.6666,"angle":0}],"translate":[{"time":0,"x":0,"y":0,"curve":"stepped"},{"time":0.2,"x":0,"y":0,"curve":"stepped"},{"time":0.6666,"x":0,"y":0}],"scale":[{"time":0,"x":0.922,"y":0.922,"curve":"stepped"},{"time":0.2,"x":0.922,"y":0.922,"curve":[0.25,0,0.75,1]},{"time":0.6666,"x":1.41,"y":1.41}]},"shanguang22":{"rotate":[{"time":0,"angle":0,"curve":"stepped"},{"time":0.1666,"angle":0,"curve":"stepped"},{"time":0.8666,"angle":0,"curve":"stepped"},{"time":1.0666,"angle":0}],"translate":[{"time":0,"x":0,"y":0,"curve":"stepped"},{"time":0.1666,"x":0,"y":0,"curve":"stepped"},{"time":0.8666,"x":0,"y":0,"curve":"stepped"},{"time":1.0666,"x":0,"y":0}],"scale":[{"time":0,"x":1.195,"y":1.195,"curve":[0.25,0,0.75,1]},{"time":0.1666,"x":0.922,"y":0.922,"curve":"stepped"},{"time":0.8666,"x":0.922,"y":0.922,"curve":[0.25,0,0.75,1]},{"time":1.0666,"x":1.195,"y":1.195}]},"shanguang23":{"rotate":[{"time":0,"angle":0,"curve":"stepped"},{"time":0.2,"angle":0,"curve":"stepped"},{"time":0.6666,"angle":0}],"translate":[{"time":0,"x":0,"y":0,"curve":"stepped"},{"time":0.2,"x":0,"y":0,"curve":"stepped"},{"time":0.6666,"x":0,"y":0}],"scale":[{"time":0,"x":0.922,"y":0.922,"curve":"stepped"},{"time":0.2,"x":0.922,"y":0.922,"curve":[0.25,0,0.75,1]},{"time":0.6666,"x":1.41,"y":1.41}]},"shanguang24":{"rotate":[{"time":0,"angle":0,"curve":"stepped"},{"time":0.5,"angle":0,"curve":"stepped"},{"time":0.9333,"angle":0}],"translate":[{"time":0,"x":0,"y":0,"curve":"stepped"},{"time":0.5,"x":0,"y":0,"curve":"stepped"},{"time":0.9333,"x":0,"y":0}],"scale":[{"time":0,"x":0.922,"y":0.922,"curve":"stepped"},{"time":0.5,"x":0.922,"y":0.922,"curve":[0.25,0,0.75,1]},{"time":0.9333,"x":1.41,"y":1.41}]},"shanguang25":{"rotate":[{"time":0,"angle":0,"curve":"stepped"},{"time":0.2333,"angle":0,"curve":"stepped"},{"time":0.8,"angle":0,"curve":"stepped"},{"time":1.0666,"angle":0}],"translate":[{"time":0,"x":0,"y":0,"curve":"stepped"},{"time":0.2333,"x":0,"y":0,"curve":"stepped"},{"time":0.8,"x":0,"y":0,"curve":"stepped"},{"time":1.0666,"x":0,"y":0}],"scale":[{"time":0,"x":1.191,"y":1.191,"curve":[0.25,0,0.75,1]},{"time":0.2333,"x":0.922,"y":0.922,"curve":"stepped"},{"time":0.8,"x":0.922,"y":0.922,"curve":[0.25,0,0.75,1]},{"time":1.0666,"x":1.191,"y":1.191}]},"shanguang26":{"rotate":[{"time":0,"angle":0,"curve":"stepped"},{"time":0.2,"angle":0,"curve":"stepped"},{"time":0.6666,"angle":0}],"translate":[{"time":0,"x":0,"y":0,"curve":"stepped"},{"time":0.2,"x":0,"y":0,"curve":"stepped"},{"time":0.6666,"x":0,"y":0}],"scale":[{"time":0,"x":0.922,"y":0.922,"curve":"stepped"},{"time":0.2,"x":0.922,"y":0.922,"curve":[0.25,0,0.75,1]},{"time":0.6666,"x":1.41,"y":1.41}]},"win":{"rotate":[{"time":0,"angle":0,"curve":"stepped"},{"time":1.0666,"angle":0}],"translate":[{"time":0,"x":0,"y":0,"curve":"stepped"},{"time":1.0666,"x":0,"y":0}],"scale":[{"time":0,"x":1,"y":1,"curve":"stepped"},{"time":1.0666,"x":1,"y":1}]}}}}}