{"skeleton":{"hash":"NvUEhKpciGWtYZtvPbTYmxtF7iE","spine":"3.1.08","width":721.11,"height":394,"images":"./images/"},"bones":[{"name":"root"},{"name":"bone","parent":"root"},{"name":"yxks_shouqiang2","parent":"bone","x":29.09,"y":82.02,"rotation":155.48},{"name":"bone2","parent":"yxks_shouqiang2","x":131.23,"y":52,"rotation":-155.48},{"name":"yxks_shouqiang3","parent":"bone","x":-7.12,"y":83.97,"scaleX":-1,"rotation":-155.67},{"name":"bone3","parent":"yxks_shouqiang3","x":131.23,"y":52,"rotation":-155.48},{"name":"tx1","parent":"bone2","length":302.19,"x":-3.95,"y":1.45,"scaleX":0.537,"scaleY":0.537,"rotation":159.23},{"name":"tx2","parent":"bone2","length":302.19,"x":-3.95,"y":1.45,"scaleX":0.537,"scaleY":0.537,"rotation":159.23},{"name":"tx3","parent":"bone2","x":-42.63,"y":13.43,"scaleX":1.409,"scaleY":1.409},{"name":"tx4","parent":"bone2","x":-32.88,"y":41.46,"scaleX":1.137,"scaleY":1.137},{"name":"tx5","parent":"bone2","x":-32.88,"y":41.46,"scaleX":0.781,"scaleY":0.645},{"name":"tx6","parent":"bone2","x":-32.88,"y":2.57,"scaleX":0.367,"scaleY":0.466},{"name":"tx7","parent":"bone3","length":302.19,"x":-3.95,"y":1.45,"scaleX":0.537,"scaleY":0.537,"rotation":159.23},{"name":"tx8","parent":"bone3","length":302.19,"x":-3.95,"y":1.45,"scaleX":0.537,"scaleY":0.537,"rotation":159.23},{"name":"tx9","parent":"bone3","x":-42.63,"y":13.43,"scaleX":1.409,"scaleY":1.409},{"name":"tx10","parent":"bone3","x":-32.88,"y":41.46,"scaleX":1.137,"scaleY":1.137},{"name":"tx11","parent":"bone3","x":-32.88,"y":41.46,"scaleX":0.781,"scaleY":0.645},{"name":"tx12","parent":"bone3","x":-32.88,"y":2.57,"scaleX":0.367,"scaleY":0.466},{"name":"yxks_kaishi","parent":"bone","x":7.02,"y":-44.14,"scaleX":1.059,"scaleY":1.059},{"name":"yxks_kaishi2","parent":"bone","x":7.02,"y":-44.14,"scaleX":1.059,"scaleY":1.059},{"name":"yxks_shouqiang","parent":"yxks_shouqiang2","length":210.34,"x":-72.66,"y":56.92},{"name":"yxks_shouqiang4","parent":"yxks_shouqiang3","length":210.34,"x":-77.33,"y":54.79},{"name":"yxks_zidanke1","parent":"bone","x":161.13,"y":-61.79,"scaleX":0.7,"scaleY":0.7},{"name":"yxks_zidanke3","parent":"bone","x":-147.22,"y":-70.85,"scaleX":0.803,"scaleY":0.803}],"slots":[{"name":"tx6","bone":"tx6","attachment":"tx3"},{"name":"tx12","bone":"tx12","attachment":"tx3"},{"name":"tx5","bone":"tx5","attachment":"tx3"},{"name":"tx11","bone":"tx11","attachment":"tx3"},{"name":"tx4","bone":"tx4","attachment":"tx3"},{"name":"tx10","bone":"tx10","attachment":"tx3"},{"name":"tx3","bone":"tx3","attachment":"tx2"},{"name":"tx9","bone":"tx9","attachment":"tx2"},{"name":"yxks_zidanke1","bone":"yxks_zidanke1","attachment":"yxks_zidanke1"},{"name":"yxks_shouqiang","bone":"yxks_shouqiang","attachment":"yxks_shouqiang"},{"name":"yxks_shouqiang2","bone":"yxks_shouqiang4","attachment":"yxks_shouqiang"},{"name":"yxks_kaishi","bone":"yxks_kaishi","attachment":"yxks_kaishi"},{"name":"yxks_kaishi2","bone":"yxks_kaishi","color":"ffffff00","blend":"additive"},{"name":"yxks_kaishi4","bone":"yxks_kaishi2","attachment":"yxks_kaishi","blend":"additive"},{"name":"tx2","bone":"tx2","attachment":"tx1"},{"name":"tx8","bone":"tx8","attachment":"tx1"},{"name":"tx1","bone":"tx1","attachment":"tx1"},{"name":"tx7","bone":"tx7","attachment":"tx1"},{"name":"yxks_zidanke3","bone":"yxks_zidanke3","attachment":"yxks_zidanke2"}],"skins":{"default":{"tx1":{"tx1":{"x":144.92,"y":2.32,"rotation":1.15,"width":349,"height":240}},"tx10":{"tx3":{"x":-1.4,"y":6.44,"scaleX":1.158,"scaleY":1.158,"width":177,"height":156}},"tx11":{"tx3":{"x":-1.4,"y":6.44,"scaleX":1.158,"scaleY":1.158,"width":177,"height":156}},"tx12":{"tx3":{"x":-1.4,"y":6.44,"scaleX":1.158,"scaleY":1.158,"width":177,"height":156}},"tx2":{"tx1":{"x":144.92,"y":2.32,"rotation":1.15,"width":349,"height":240}},"tx3":{"tx2":{"scaleX":2.003,"scaleY":2.003,"width":138,"height":123}},"tx4":{"tx3":{"x":-1.4,"y":6.44,"scaleX":1.158,"scaleY":1.158,"width":177,"height":156}},"tx5":{"tx3":{"x":-1.4,"y":6.44,"scaleX":1.158,"scaleY":1.158,"width":177,"height":156}},"tx6":{"tx3":{"x":-1.4,"y":6.44,"scaleX":1.158,"scaleY":1.158,"width":177,"height":156}},"tx7":{"tx1":{"x":144.92,"y":2.32,"rotation":1.15,"width":349,"height":240}},"tx8":{"tx1":{"x":144.92,"y":2.32,"rotation":1.15,"width":349,"height":240}},"tx9":{"tx2":{"scaleX":2.003,"scaleY":2.003,"width":138,"height":123}},"yxks_kaishi":{"yxks_kaishi":{"x":3.45,"y":7.1,"width":184,"height":99},"yxks_kaishi1_00000":{"width":300,"height":161}},"yxks_kaishi2":{"yxks_kaishi":{"x":1.86,"y":5.51,"width":184,"height":99}},"yxks_kaishi4":{"yxks_kaishi":{"x":1.86,"y":5.51,"width":184,"height":99}},"yxks_shouqiang":{"yxks_shouqiang":{"x":72.54,"y":39.06,"rotation":-155.48,"width":223,"height":221}},"yxks_shouqiang2":{"yxks_shouqiang":{"x":72.54,"y":39.06,"rotation":-155.48,"width":223,"height":221}},"yxks_zidanke1":{"yxks_zidanke1":{"x":2.71,"y":-4.67,"width":56,"height":50}},"yxks_zidanke3":{"yxks_zidanke2":{"x":0.57,"y":-4,"width":48,"height":37}}}},"animations":{"animation":{"slots":{"tx1":{"attachment":[{"time":0,"name":null},{"time":0.7,"name":"tx1"},{"time":0.7666,"name":null},{"time":1.7666,"name":null}],"color":[{"time":0,"color":"ffffffff","curve":"stepped"},{"time":0.7,"color":"ffffffff","curve":"stepped"},{"time":1.4666,"color":"ffffffff","curve":[0.376,0.61,0.717,1]},{"time":1.7666,"color":"ffffff00"}]},"tx2":{"attachment":[{"time":0,"name":null},{"time":0.7,"name":"tx1"},{"time":0.8666,"name":null},{"time":1.7666,"name":null}],"color":[{"time":0,"color":"ffffffff","curve":"stepped"},{"time":0.7,"color":"ffffffff","curve":"stepped"},{"time":1.4666,"color":"ffffffff","curve":[0.376,0.61,0.717,1]},{"time":1.7666,"color":"ffffff00"}]},"tx3":{"attachment":[{"time":0,"name":null},{"time":0.7666,"name":"tx2"},{"time":1.1,"name":null},{"time":1.7666,"name":null}],"color":[{"time":0,"color":"ffffffff","curve":"stepped"},{"time":0.7666,"color":"ffffffff","curve":[0.25,0,0.75,1]},{"time":0.8666,"color":"ffffff7f","curve":[0.25,0,0.75,1]},{"time":1.1,"color":"ffffff00","curve":"stepped"},{"time":1.4666,"color":"ffffff00","curve":"stepped"},{"time":1.7666,"color":"ffffff00"}]},"tx4":{"attachment":[{"time":0,"name":null},{"time":0.7666,"name":"tx3"},{"time":0.9666,"name":"tx3"},{"time":1.3666,"name":null},{"time":1.7666,"name":null}],"color":[{"time":0,"color":"ffffffff","curve":"stepped"},{"time":0.7666,"color":"ffffffff","curve":[0.25,0,0.75,1]},{"time":0.9666,"color":"ffffff8b","curve":[0.25,0,0.75,1]},{"time":1.3666,"color":"ffffff00","curve":"stepped"},{"time":1.4666,"color":"ffffff00","curve":"stepped"},{"time":1.7666,"color":"ffffff00"}]},"tx5":{"attachment":[{"time":0,"name":null},{"time":0.9333,"name":"tx3"},{"time":1.1666,"name":"tx3"},{"time":1.6,"name":null},{"time":1.7666,"name":null}],"color":[{"time":0,"color":"ffffffff","curve":"stepped"},{"time":0.9333,"color":"ffffffff","curve":[0.25,0,0.75,1]},{"time":1.1666,"color":"ffffff85","curve":[0.243,0,0.654,0.62]},{"time":1.4666,"color":"ffffff21","curve":[0.382,0.58,0.732,1]},{"time":1.6,"color":"ffffff00","curve":"stepped"},{"time":1.7666,"color":"ffffff00"}]},"tx6":{"attachment":[{"time":0,"name":null},{"time":1.0333,"name":"tx3"},{"time":1.2666,"name":"tx3"},{"time":1.7666,"name":null}],"color":[{"time":0,"color":"ffffffff","curve":"stepped"},{"time":1.0333,"color":"ffffffff","curve":[0.25,0,0.75,1]},{"time":1.2666,"color":"ffffff40","curve":[0.25,0,0.625,0.5]},{"time":1.4666,"color":"ffffff20","curve":[0.375,0.5,0.75,1]},{"time":1.7666,"color":"ffffff00"}]},"tx7":{"attachment":[{"time":0,"name":null},{"time":0.7,"name":"tx1"},{"time":0.7666,"name":null},{"time":1.7666,"name":null}],"color":[{"time":0,"color":"ffffffff","curve":"stepped"},{"time":0.7,"color":"ffffffff","curve":"stepped"},{"time":1.4666,"color":"ffffffff","curve":[0.376,0.61,0.717,1]},{"time":1.7666,"color":"ffffff00"}]},"tx8":{"attachment":[{"time":0,"name":null},{"time":0.7,"name":"tx1"},{"time":0.8666,"name":null},{"time":1.7666,"name":null}],"color":[{"time":0,"color":"ffffffff","curve":"stepped"},{"time":0.7,"color":"ffffffff","curve":"stepped"},{"time":1.4666,"color":"ffffffff","curve":[0.376,0.61,0.717,1]},{"time":1.7666,"color":"ffffff00"}]},"tx9":{"attachment":[{"time":0,"name":null},{"time":0.7666,"name":"tx2"},{"time":1.1,"name":null},{"time":1.7666,"name":null}],"color":[{"time":0,"color":"ffffffff","curve":"stepped"},{"time":0.7666,"color":"ffffffff","curve":[0.25,0,0.75,1]},{"time":0.8666,"color":"ffffff7f","curve":[0.25,0,0.75,1]},{"time":1.1,"color":"ffffff00","curve":"stepped"},{"time":1.4666,"color":"ffffff00","curve":"stepped"},{"time":1.7666,"color":"ffffff00"}]},"tx10":{"attachment":[{"time":0,"name":null},{"time":0.7666,"name":"tx3"},{"time":0.9666,"name":"tx3"},{"time":1.3666,"name":null},{"time":1.7666,"name":null}],"color":[{"time":0,"color":"ffffffff","curve":"stepped"},{"time":0.7666,"color":"ffffffff","curve":[0.25,0,0.75,1]},{"time":0.9666,"color":"ffffff8b","curve":[0.25,0,0.75,1]},{"time":1.3666,"color":"ffffff00","curve":"stepped"},{"time":1.4666,"color":"ffffff00","curve":"stepped"},{"time":1.7666,"color":"ffffff00"}]},"tx11":{"attachment":[{"time":0,"name":null},{"time":0.9333,"name":"tx3"},{"time":1.1666,"name":"tx3"},{"time":1.6,"name":null},{"time":1.7666,"name":null}],"color":[{"time":0,"color":"ffffffff","curve":"stepped"},{"time":0.9333,"color":"ffffffff","curve":[0.25,0,0.75,1]},{"time":1.1666,"color":"ffffff85","curve":[0.243,0,0.654,0.62]},{"time":1.4666,"color":"ffffff21","curve":[0.382,0.58,0.732,1]},{"time":1.6,"color":"ffffff00","curve":"stepped"},{"time":1.7666,"color":"ffffff00"}]},"tx12":{"attachment":[{"time":0,"name":null},{"time":1.0333,"name":"tx3"},{"time":1.2666,"name":"tx3"},{"time":1.7666,"name":null}],"color":[{"time":0,"color":"ffffffff","curve":"stepped"},{"time":1.0333,"color":"ffffffff","curve":[0.25,0,0.75,1]},{"time":1.2666,"color":"ffffff40","curve":[0.25,0,0.625,0.5]},{"time":1.4666,"color":"ffffff20","curve":[0.375,0.5,0.75,1]},{"time":1.7666,"color":"ffffff00"}]},"yxks_kaishi":{"attachment":[{"time":0,"name":"yxks_kaishi"},{"time":0.1,"name":"yxks_kaishi"},{"time":0.2,"name":"yxks_kaishi"},{"time":0.3,"name":"yxks_kaishi"},{"time":0.4,"name":"yxks_kaishi"},{"time":0.6,"name":"yxks_kaishi"},{"time":0.7,"name":"yxks_kaishi"},{"time":0.7333,"name":"yxks_kaishi1_00000"},{"time":0.7666,"name":"yxks_kaishi1_00000"},{"time":0.8666,"name":"yxks_kaishi"},{"time":0.9333,"name":"yxks_kaishi"},{"time":1.7666,"name":"yxks_kaishi"}],"color":[{"time":0,"color":"ffffffff","curve":"stepped"},{"time":0.1,"color":"ffffffff","curve":"stepped"},{"time":0.2,"color":"ffffffff","curve":"stepped"},{"time":0.3,"color":"ffffffff","curve":"stepped"},{"time":0.4,"color":"ffffffff","curve":"stepped"},{"time":0.6,"color":"ffffffff","curve":"stepped"},{"time":0.7,"color":"ffffffff","curve":"stepped"},{"time":0.7666,"color":"ffffffff","curve":"stepped"},{"time":0.8666,"color":"ffffffff","curve":"stepped"},{"time":0.9333,"color":"ffffffff","curve":"stepped"},{"time":1.4666,"color":"ffffffff","curve":[0.381,0.58,0.727,1]},{"time":1.7666,"color":"ffffff00"}]},"yxks_kaishi2":{"attachment":[{"time":0,"name":"yxks_kaishi"},{"time":0.1,"name":"yxks_kaishi"},{"time":0.2,"name":"yxks_kaishi"},{"time":0.3,"name":"yxks_kaishi"},{"time":0.4,"name":"yxks_kaishi"},{"time":0.6,"name":"yxks_kaishi"},{"time":0.7,"name":null},{"time":0.7666,"name":null},{"time":0.8666,"name":null},{"time":0.9333,"name":null},{"time":1.7666,"name":null}],"color":[{"time":0,"color":"ffffff00","curve":"stepped"},{"time":0.1,"color":"ffffff00","curve":[0.25,0,0.75,1]},{"time":0.3,"color":"ffffffff","curve":"stepped"},{"time":0.4,"color":"ffffffff","curve":[0.25,0,0.75,1]},{"time":0.6,"color":"ffffff00","curve":"stepped"},{"time":0.7,"color":"ffffff00","curve":"stepped"},{"time":0.8666,"color":"ffffff00","curve":"stepped"},{"time":0.9333,"color":"ffffff00","curve":"stepped"},{"time":1.4666,"color":"ffffff00","curve":"stepped"},{"time":1.7666,"color":"ffffff00"}]},"yxks_kaishi4":{"attachment":[{"time":0,"name":null},{"time":0.7,"name":null},{"time":0.7666,"name":null},{"time":0.8666,"name":"yxks_kaishi"},{"time":1.7666,"name":"yxks_kaishi"}],"color":[{"time":0,"color":"ffffffff","curve":"stepped"},{"time":0.7,"color":"ffffffff","curve":[0.25,0,0.75,1]},{"time":0.7666,"color":"ffffff5d","curve":[0.25,0,0.75,1]},{"time":0.8666,"color":"ffffff00","curve":"stepped"},{"time":1.4666,"color":"ffffff00","curve":"stepped"},{"time":1.7666,"color":"ffffff00"}]},"yxks_shouqiang":{"attachment":[{"time":0,"name":null},{"time":0.1333,"name":"yxks_shouqiang"},{"time":0.2333,"name":"yxks_shouqiang"},{"time":0.3333,"name":"yxks_shouqiang"},{"time":0.4333,"name":"yxks_shouqiang"},{"time":0.5333,"name":"yxks_shouqiang"},{"time":0.7,"name":"yxks_shouqiang"},{"time":0.7333,"name":"yxks_shouqiang"},{"time":0.8,"name":"yxks_shouqiang"},{"time":0.9666,"name":"yxks_shouqiang"},{"time":1.7666,"name":"yxks_shouqiang"}],"color":[{"time":0,"color":"ffffffff","curve":"stepped"},{"time":0.1333,"color":"ffffffff","curve":"stepped"},{"time":0.2333,"color":"ffffffff","curve":"stepped"},{"time":0.3333,"color":"ffffffff","curve":"stepped"},{"time":0.4333,"color":"ffffffff","curve":"stepped"},{"time":0.5333,"color":"ffffffff","curve":"stepped"},{"time":0.7,"color":"ffffffff","curve":"stepped"},{"time":0.7333,"color":"ffffffff","curve":"stepped"},{"time":0.8,"color":"ffffffff","curve":"stepped"},{"time":0.9666,"color":"ffffffff","curve":"stepped"},{"time":1.4666,"color":"ffffffff","curve":[0.381,0.58,0.729,1]},{"time":1.7666,"color":"ffffff00"}]},"yxks_shouqiang2":{"attachment":[{"time":0,"name":null},{"time":0.1333,"name":"yxks_shouqiang"},{"time":0.2333,"name":"yxks_shouqiang"},{"time":0.3333,"name":"yxks_shouqiang"},{"time":0.4333,"name":"yxks_shouqiang"},{"time":0.5333,"name":"yxks_shouqiang"},{"time":0.7,"name":"yxks_shouqiang"},{"time":0.7333,"name":"yxks_shouqiang"},{"time":0.8,"name":"yxks_shouqiang"},{"time":0.9666,"name":"yxks_shouqiang"},{"time":1.7666,"name":"yxks_shouqiang"}],"color":[{"time":0,"color":"ffffffff","curve":"stepped"},{"time":0.1333,"color":"ffffffff","curve":"stepped"},{"time":0.2333,"color":"ffffffff","curve":"stepped"},{"time":0.3333,"color":"ffffffff","curve":"stepped"},{"time":0.4333,"color":"ffffffff","curve":"stepped"},{"time":0.5333,"color":"ffffffff","curve":"stepped"},{"time":0.7,"color":"ffffffff","curve":"stepped"},{"time":0.7333,"color":"ffffffff","curve":"stepped"},{"time":0.8,"color":"ffffffff","curve":"stepped"},{"time":0.9666,"color":"ffffffff","curve":"stepped"},{"time":1.4666,"color":"ffffffff","curve":[0.381,0.58,0.729,1]},{"time":1.7666,"color":"ffffff00"}]},"yxks_zidanke1":{"attachment":[{"time":0,"name":null},{"time":0.7333,"name":"yxks_zidanke1"},{"time":0.8666,"name":"yxks_zidanke1"},{"time":1,"name":"yxks_zidanke1"},{"time":1.1333,"name":"yxks_zidanke1"},{"time":1.2333,"name":"yxks_zidanke1"},{"time":1.3333,"name":"yxks_zidanke1"},{"time":1.4333,"name":"yxks_zidanke1"},{"time":1.5333,"name":"yxks_zidanke1"},{"time":1.7666,"name":"yxks_zidanke1"}],"color":[{"time":0,"color":"ffffffff","curve":"stepped"},{"time":0.7333,"color":"ffffffff","curve":"stepped"},{"time":0.8666,"color":"ffffffff","curve":"stepped"},{"time":1,"color":"ffffffff","curve":"stepped"},{"time":1.1333,"color":"ffffffff","curve":"stepped"},{"time":1.2333,"color":"ffffffff","curve":"stepped"},{"time":1.3333,"color":"ffffffff","curve":"stepped"},{"time":1.4333,"color":"ffffffff","curve":"stepped"},{"time":1.4666,"color":"ffffffff","curve":"stepped"},{"time":1.5333,"color":"ffffffff","curve":[0.25,0,0.75,1]},{"time":1.7666,"color":"ffffff00"}]},"yxks_zidanke3":{"attachment":[{"time":0,"name":null},{"time":0.8666,"name":"yxks_zidanke2"},{"time":1.7666,"name":"yxks_zidanke2"}],"color":[{"time":0,"color":"ffffffff","curve":"stepped"},{"time":0.8666,"color":"ffffffff","curve":"stepped"},{"time":1,"color":"ffffffff","curve":"stepped"},{"time":1.1333,"color":"ffffffff","curve":"stepped"},{"time":1.2666,"color":"ffffffff","curve":"stepped"},{"time":1.3666,"color":"ffffffff","curve":"stepped"},{"time":1.4666,"color":"ffffffff","curve":[0.25,0,0.75,1]},{"time":1.7666,"color":"ffffff00"}]}},"bones":{"tx1":{"rotate":[{"time":0,"angle":0,"curve":"stepped"},{"time":0.7,"angle":0,"curve":"stepped"},{"time":1.7666,"angle":0}],"translate":[{"time":0,"x":0,"y":0,"curve":"stepped"},{"time":0.7,"x":0,"y":0,"curve":"stepped"},{"time":1.7666,"x":0,"y":0}],"scale":[{"time":0,"x":1,"y":1,"curve":"stepped"},{"time":0.7,"x":1,"y":1,"curve":[0.25,0,0.75,1]},{"time":0.7333,"x":1.874,"y":1.874,"curve":"stepped"},{"time":1.7666,"x":1.874,"y":1.874}]},"tx2":{"rotate":[{"time":0,"angle":0,"curve":"stepped"},{"time":0.7,"angle":0,"curve":"stepped"},{"time":1.7666,"angle":0}],"translate":[{"time":0,"x":0,"y":0,"curve":"stepped"},{"time":0.7,"x":0,"y":0,"curve":[0.25,0,0.75,1]},{"time":0.8333,"x":-20.42,"y":4.08,"curve":"stepped"},{"time":1.7666,"x":-20.42,"y":4.08}],"scale":[{"time":0,"x":1,"y":1,"curve":"stepped"},{"time":0.7,"x":1,"y":1,"curve":[0.25,0,0.75,1]},{"time":0.8333,"x":3.399,"y":0.12,"curve":"stepped"},{"time":1.7666,"x":3.399,"y":0.12}]},"tx3":{"rotate":[{"time":0,"angle":0,"curve":"stepped"},{"time":0.7666,"angle":0,"curve":"stepped"},{"time":1.1,"angle":0,"curve":"stepped"},{"time":1.7666,"angle":0}],"translate":[{"time":0,"x":0,"y":0,"curve":"stepped"},{"time":0.7666,"x":0,"y":0,"curve":"stepped"},{"time":1.1,"x":0,"y":0,"curve":"stepped"},{"time":1.7666,"x":0,"y":0}],"scale":[{"time":0,"x":1,"y":1,"curve":"stepped"},{"time":0.7666,"x":1,"y":1,"curve":[0.25,0,0.75,1]},{"time":1.1,"x":1.397,"y":1.397,"curve":"stepped"},{"time":1.7666,"x":1.397,"y":1.397}]},"tx4":{"rotate":[{"time":0,"angle":0,"curve":"stepped"},{"time":0.7666,"angle":0,"curve":"stepped"},{"time":0.9666,"angle":0,"curve":"stepped"},{"time":1.3666,"angle":0,"curve":"stepped"},{"time":1.7666,"angle":0}],"translate":[{"time":0,"x":0,"y":0,"curve":"stepped"},{"time":0.7666,"x":0,"y":0,"curve":[0.25,0,0.75,1]},{"time":0.9666,"x":-2.04,"y":23.75,"curve":[0.25,0,0.75,1]},{"time":1.3666,"x":-4.48,"y":52.26,"curve":"stepped"},{"time":1.7666,"x":-4.48,"y":52.26}],"scale":[{"time":0,"x":1,"y":1,"curve":"stepped"},{"time":0.7666,"x":1,"y":1,"curve":[0.25,0,0.75,1]},{"time":0.9666,"x":1.226,"y":1.226,"curve":[0.25,0,0.75,1]},{"time":1.3666,"x":1.496,"y":1.496,"curve":"stepped"},{"time":1.7666,"x":1.496,"y":1.496}]},"tx5":{"rotate":[{"time":0,"angle":0,"curve":"stepped"},{"time":0.9333,"angle":0,"curve":"stepped"},{"time":1.1666,"angle":0,"curve":"stepped"},{"time":1.6,"angle":0,"curve":"stepped"},{"time":1.7666,"angle":0}],"translate":[{"time":0,"x":0,"y":0,"curve":"stepped"},{"time":0.9333,"x":0,"y":0,"curve":[0.25,0,0.75,1]},{"time":1.1666,"x":-1.22,"y":14.25,"curve":[0.25,0,0.75,1]},{"time":1.6,"x":-4.48,"y":52.26,"curve":"stepped"},{"time":1.7666,"x":-4.48,"y":52.26}],"scale":[{"time":0,"x":1,"y":1,"curve":"stepped"},{"time":0.9333,"x":1,"y":1,"curve":[0.25,0,0.75,1]},{"time":1.1666,"x":1.271,"y":1.271,"curve":[0.25,0,0.75,1]},{"time":1.6,"x":1.496,"y":1.496,"curve":"stepped"},{"time":1.7666,"x":1.496,"y":1.496}]},"tx6":{"rotate":[{"time":0,"angle":0,"curve":"stepped"},{"time":1.0333,"angle":0,"curve":"stepped"},{"time":1.2666,"angle":0,"curve":"stepped"},{"time":1.7666,"angle":0}],"translate":[{"time":0,"x":0,"y":0,"curve":"stepped"},{"time":1.0333,"x":0,"y":0,"curve":[0.25,0,0.75,1]},{"time":1.2666,"x":-1.22,"y":14.25,"curve":[0.25,0,0.75,1]},{"time":1.7666,"x":-4.48,"y":52.26}],"scale":[{"time":0,"x":1,"y":1,"curve":"stepped"},{"time":1.0333,"x":1,"y":1,"curve":[0.25,0,0.75,1]},{"time":1.2666,"x":1.271,"y":1.271,"curve":[0.25,0,0.75,1]},{"time":1.7666,"x":1.496,"y":1.496}]},"tx7":{"rotate":[{"time":0,"angle":0,"curve":"stepped"},{"time":0.7,"angle":0,"curve":"stepped"},{"time":1.7666,"angle":0}],"translate":[{"time":0,"x":0,"y":0,"curve":"stepped"},{"time":0.7,"x":0,"y":0,"curve":"stepped"},{"time":1.7666,"x":0,"y":0}],"scale":[{"time":0,"x":1,"y":1,"curve":"stepped"},{"time":0.7,"x":1,"y":1,"curve":[0.25,0,0.75,1]},{"time":0.7333,"x":1.874,"y":1.874,"curve":"stepped"},{"time":1.7666,"x":1.874,"y":1.874}]},"tx8":{"rotate":[{"time":0,"angle":0,"curve":"stepped"},{"time":0.7,"angle":0,"curve":"stepped"},{"time":1.7666,"angle":0}],"translate":[{"time":0,"x":0,"y":0,"curve":"stepped"},{"time":0.7,"x":0,"y":0,"curve":[0.25,0,0.75,1]},{"time":0.8333,"x":-20.42,"y":4.08,"curve":"stepped"},{"time":1.7666,"x":-20.42,"y":4.08}],"scale":[{"time":0,"x":1,"y":1,"curve":"stepped"},{"time":0.7,"x":1,"y":1,"curve":[0.25,0,0.75,1]},{"time":0.8333,"x":3.399,"y":0.12,"curve":"stepped"},{"time":1.7666,"x":3.399,"y":0.12}]},"tx9":{"rotate":[{"time":0,"angle":0,"curve":"stepped"},{"time":0.7666,"angle":0,"curve":"stepped"},{"time":1.1,"angle":0,"curve":"stepped"},{"time":1.7666,"angle":0}],"translate":[{"time":0,"x":0,"y":0,"curve":"stepped"},{"time":0.7666,"x":0,"y":0,"curve":"stepped"},{"time":1.1,"x":0,"y":0,"curve":"stepped"},{"time":1.7666,"x":0,"y":0}],"scale":[{"time":0,"x":1,"y":1,"curve":"stepped"},{"time":0.7666,"x":1,"y":1,"curve":[0.25,0,0.75,1]},{"time":1.1,"x":1.397,"y":1.397,"curve":"stepped"},{"time":1.7666,"x":1.397,"y":1.397}]},"tx10":{"rotate":[{"time":0,"angle":0,"curve":"stepped"},{"time":0.7666,"angle":0,"curve":"stepped"},{"time":0.9666,"angle":0,"curve":"stepped"},{"time":1.3666,"angle":0,"curve":"stepped"},{"time":1.7666,"angle":0}],"translate":[{"time":0,"x":0,"y":0,"curve":"stepped"},{"time":0.7666,"x":0,"y":0,"curve":[0.25,0,0.75,1]},{"time":0.9666,"x":-2.04,"y":23.75,"curve":[0.25,0,0.75,1]},{"time":1.3666,"x":-4.48,"y":52.26,"curve":"stepped"},{"time":1.7666,"x":-4.48,"y":52.26}],"scale":[{"time":0,"x":1,"y":1,"curve":"stepped"},{"time":0.7666,"x":1,"y":1,"curve":[0.25,0,0.75,1]},{"time":0.9666,"x":1.226,"y":1.226,"curve":[0.25,0,0.75,1]},{"time":1.3666,"x":1.496,"y":1.496,"curve":"stepped"},{"time":1.7666,"x":1.496,"y":1.496}]},"tx11":{"rotate":[{"time":0,"angle":0,"curve":"stepped"},{"time":0.9333,"angle":0,"curve":"stepped"},{"time":1.1666,"angle":0,"curve":"stepped"},{"time":1.6,"angle":0,"curve":"stepped"},{"time":1.7666,"angle":0}],"translate":[{"time":0,"x":0,"y":0,"curve":"stepped"},{"time":0.9333,"x":0,"y":0,"curve":[0.25,0,0.75,1]},{"time":1.1666,"x":-1.22,"y":14.25,"curve":[0.25,0,0.75,1]},{"time":1.6,"x":-4.48,"y":52.26,"curve":"stepped"},{"time":1.7666,"x":-4.48,"y":52.26}],"scale":[{"time":0,"x":1,"y":1,"curve":"stepped"},{"time":0.9333,"x":1,"y":1,"curve":[0.25,0,0.75,1]},{"time":1.1666,"x":1.271,"y":1.271,"curve":[0.25,0,0.75,1]},{"time":1.6,"x":1.496,"y":1.496,"curve":"stepped"},{"time":1.7666,"x":1.496,"y":1.496}]},"tx12":{"rotate":[{"time":0,"angle":0,"curve":"stepped"},{"time":1.0333,"angle":0,"curve":"stepped"},{"time":1.2666,"angle":0,"curve":"stepped"},{"time":1.7666,"angle":0}],"translate":[{"time":0,"x":0,"y":0,"curve":"stepped"},{"time":1.0333,"x":0,"y":0,"curve":[0.25,0,0.75,1]},{"time":1.2666,"x":-1.22,"y":14.25,"curve":[0.25,0,0.75,1]},{"time":1.7666,"x":-4.48,"y":52.26}],"scale":[{"time":0,"x":1,"y":1,"curve":"stepped"},{"time":1.0333,"x":1,"y":1,"curve":[0.25,0,0.75,1]},{"time":1.2666,"x":1.271,"y":1.271,"curve":[0.25,0,0.75,1]},{"time":1.7666,"x":1.496,"y":1.496}]},"yxks_kaishi":{"rotate":[{"time":0,"angle":0,"curve":"stepped"},{"time":0.1,"angle":0,"curve":"stepped"},{"time":0.2,"angle":0,"curve":"stepped"},{"time":0.3,"angle":0,"curve":"stepped"},{"time":0.4,"angle":0,"curve":"stepped"},{"time":0.6,"angle":0,"curve":"stepped"},{"time":0.7,"angle":0,"curve":"stepped"},{"time":0.8666,"angle":0,"curve":"stepped"},{"time":0.9333,"angle":0,"curve":"stepped"},{"time":1.7666,"angle":0}],"translate":[{"time":0,"x":0,"y":0,"curve":"stepped"},{"time":0.1,"x":0,"y":0,"curve":"stepped"},{"time":0.2,"x":0,"y":0,"curve":"stepped"},{"time":0.3,"x":0,"y":0,"curve":"stepped"},{"time":0.4,"x":0,"y":0,"curve":"stepped"},{"time":0.6,"x":0,"y":0,"curve":"stepped"},{"time":0.7,"x":0,"y":0,"curve":"stepped"},{"time":0.8666,"x":0,"y":0,"curve":"stepped"},{"time":0.9333,"x":0,"y":0,"curve":"stepped"},{"time":1.7666,"x":0,"y":0}],"scale":[{"time":0,"x":0.345,"y":0.345,"curve":[0.25,0,0.75,1]},{"time":0.1,"x":1.648,"y":1.648,"curve":[0.25,0,0.75,1]},{"time":0.2,"x":0.845,"y":0.845,"curve":[0.25,0,0.75,1]},{"time":0.3,"x":1.159,"y":1.159,"curve":[0.25,0,0.75,1]},{"time":0.4,"x":1,"y":1,"curve":"stepped"},{"time":0.6,"x":1,"y":1,"curve":"stepped"},{"time":0.7,"x":1,"y":1,"curve":[0.25,0,0.75,1]},{"time":0.7666,"x":2.285,"y":2.285,"curve":[0.25,0,0.75,1]},{"time":0.8666,"x":0.94,"y":0.94,"curve":[0.25,0,0.75,1]},{"time":0.9333,"x":1,"y":1,"curve":"stepped"},{"time":1.7666,"x":1,"y":1}]},"yxks_kaishi2":{"rotate":[{"time":0,"angle":0,"curve":"stepped"},{"time":0.7,"angle":0,"curve":"stepped"},{"time":0.7666,"angle":0,"curve":"stepped"},{"time":0.8666,"angle":0,"curve":"stepped"},{"time":1.7666,"angle":0}],"translate":[{"time":0,"x":0,"y":0,"curve":"stepped"},{"time":0.7,"x":0,"y":0,"curve":"stepped"},{"time":0.7666,"x":0,"y":0,"curve":"stepped"},{"time":0.8666,"x":0,"y":0,"curve":"stepped"},{"time":1.7666,"x":0,"y":0}],"scale":[{"time":0,"x":1,"y":1,"curve":"stepped"},{"time":0.7,"x":1,"y":1,"curve":[0.25,0,0.75,1]},{"time":0.7666,"x":2.294,"y":2.294,"curve":[0.25,0,0.75,1]},{"time":0.8666,"x":1,"y":1,"curve":"stepped"},{"time":1.7666,"x":1,"y":1}]},"yxks_shouqiang":{"rotate":[{"time":0,"angle":0,"curve":[0.25,0,0.75,1]},{"time":0.1333,"angle":-42.64,"curve":[0.25,0,0.75,1]},{"time":0.2333,"angle":10.84,"curve":[0.25,0,0.75,1]},{"time":0.3333,"angle":-6.81,"curve":[0.25,0,0.75,1]},{"time":0.4333,"angle":2.21,"curve":[0.25,0,0.75,1]},{"time":0.5333,"angle":0,"curve":"stepped"},{"time":0.7,"angle":0,"curve":[0.25,0,0.75,1]},{"time":0.7333,"angle":-19.9,"curve":[0.25,0,0.75,1]},{"time":0.8,"angle":4.69,"curve":[0.25,0,0.75,1]},{"time":0.9666,"angle":0,"curve":"stepped"},{"time":1.7666,"angle":0}],"translate":[{"time":0,"x":0,"y":0,"curve":[0.25,0,0.75,1]},{"time":0.1333,"x":45.61,"y":0,"curve":[0.25,0,0.75,1]},{"time":0.2333,"x":0,"y":0,"curve":"stepped"},{"time":0.3333,"x":0,"y":0,"curve":"stepped"},{"time":0.4333,"x":0,"y":0,"curve":"stepped"},{"time":0.5333,"x":0,"y":0,"curve":"stepped"},{"time":0.7,"x":0,"y":0,"curve":"stepped"},{"time":0.7333,"x":0,"y":0,"curve":"stepped"},{"time":0.8,"x":0,"y":0,"curve":"stepped"},{"time":0.9666,"x":0,"y":0,"curve":"stepped"},{"time":1.7666,"x":0,"y":0}],"scale":[{"time":0,"x":1,"y":1,"curve":[0.25,0,0.75,1]},{"time":0.1333,"x":0.344,"y":0.492,"curve":[0.25,0,0.75,1]},{"time":0.2333,"x":1,"y":1,"curve":"stepped"},{"time":0.3333,"x":1,"y":1,"curve":"stepped"},{"time":0.4333,"x":1,"y":1,"curve":"stepped"},{"time":0.5333,"x":1,"y":1,"curve":"stepped"},{"time":0.7,"x":1,"y":1,"curve":[0.25,0,0.75,1]},{"time":0.7333,"x":1.457,"y":1,"curve":[0.25,0,0.75,1]},{"time":0.8,"x":1,"y":1,"curve":"stepped"},{"time":0.9666,"x":1,"y":1,"curve":"stepped"},{"time":1.7666,"x":1,"y":1}]},"yxks_shouqiang4":{"rotate":[{"time":0,"angle":0,"curve":[0.25,0,0.75,1]},{"time":0.1333,"angle":-56.98,"curve":[0.25,0,0.75,1]},{"time":0.2333,"angle":10.84,"curve":[0.25,0,0.75,1]},{"time":0.3333,"angle":-6.81,"curve":[0.25,0,0.75,1]},{"time":0.4333,"angle":2.21,"curve":[0.25,0,0.75,1]},{"time":0.5333,"angle":0,"curve":"stepped"},{"time":0.7,"angle":0,"curve":[0.25,0,0.75,1]},{"time":0.7333,"angle":-19.9,"curve":[0.25,0,0.75,1]},{"time":0.8,"angle":4.69,"curve":[0.25,0,0.75,1]},{"time":0.9666,"angle":0,"curve":"stepped"},{"time":1.7666,"angle":0}],"translate":[{"time":0,"x":0,"y":0,"curve":[0.25,0,0.75,1]},{"time":0.1333,"x":45.61,"y":0,"curve":[0.25,0,0.75,1]},{"time":0.2333,"x":0,"y":0,"curve":"stepped"},{"time":0.3333,"x":0,"y":0,"curve":"stepped"},{"time":0.4333,"x":0,"y":0,"curve":"stepped"},{"time":0.5333,"x":0,"y":0,"curve":"stepped"},{"time":0.7,"x":0,"y":0,"curve":"stepped"},{"time":0.7333,"x":0,"y":0,"curve":"stepped"},{"time":0.8,"x":0,"y":0,"curve":"stepped"},{"time":0.9666,"x":0,"y":0,"curve":"stepped"},{"time":1.7666,"x":0,"y":0}],"scale":[{"time":0,"x":1,"y":1,"curve":[0.25,0,0.75,1]},{"time":0.1333,"x":0.344,"y":0.492,"curve":[0.25,0,0.75,1]},{"time":0.2333,"x":1,"y":1,"curve":"stepped"},{"time":0.3333,"x":1,"y":1,"curve":"stepped"},{"time":0.4333,"x":1,"y":1,"curve":"stepped"},{"time":0.5333,"x":1,"y":1,"curve":"stepped"},{"time":0.7,"x":1,"y":1,"curve":[0.25,0,0.75,1]},{"time":0.7333,"x":1.457,"y":1,"curve":[0.25,0,0.75,1]},{"time":0.8,"x":1,"y":1,"curve":"stepped"},{"time":0.9666,"x":1,"y":1,"curve":"stepped"},{"time":1.7666,"x":1,"y":1}]},"yxks_zidanke1":{"rotate":[{"time":0,"angle":0,"curve":[0.25,0,0.75,1]},{"time":0.7333,"angle":-56.82,"curve":[0.25,0,0.75,1]},{"time":0.8666,"angle":125.37,"curve":[0.25,0,0.75,1]},{"time":1,"angle":65.68,"curve":[0.25,0,0.75,1]},{"time":1.1333,"angle":-20.34,"curve":[0.25,0,0.75,1]},{"time":1.2333,"angle":59.82,"curve":[0.25,0,0.75,1]},{"time":1.3333,"angle":8.46,"curve":[0.25,0,0.75,1]},{"time":1.4333,"angle":-7.15,"curve":[0.25,0,0.75,1]},{"time":1.5333,"angle":2.91,"curve":[0.25,0,0.75,1]},{"time":1.7666,"angle":0}],"translate":[{"time":0,"x":0,"y":0,"curve":[0.25,0,0.75,1]},{"time":0.7333,"x":-82.98,"y":271.87,"curve":[0.25,0,0.75,1]},{"time":0.8666,"x":-44.52,"y":292.51,"curve":[0.25,0,0.75,1]},{"time":1,"x":13.08,"y":167.16,"curve":[0.25,0,0.75,1]},{"time":1.1333,"x":0,"y":0,"curve":[0.25,0,0.75,1]},{"time":1.2333,"x":0,"y":38.48,"curve":[0.25,0,0.75,1]},{"time":1.3333,"x":0,"y":0,"curve":[0.25,0,0.75,1]},{"time":1.4333,"x":0,"y":11.72,"curve":[0.25,0,0.75,1]},{"time":1.5333,"x":0,"y":0,"curve":"stepped"},{"time":1.7666,"x":0,"y":0}],"scale":[{"time":0,"x":1,"y":1,"curve":"stepped"},{"time":0.7333,"x":1,"y":1,"curve":"stepped"},{"time":0.8666,"x":1,"y":1,"curve":"stepped"},{"time":1,"x":1,"y":1,"curve":"stepped"},{"time":1.1333,"x":1,"y":1,"curve":"stepped"},{"time":1.2333,"x":1,"y":1,"curve":"stepped"},{"time":1.3333,"x":1,"y":1,"curve":"stepped"},{"time":1.4333,"x":1,"y":1,"curve":"stepped"},{"time":1.5333,"x":1,"y":1,"curve":"stepped"},{"time":1.7666,"x":1,"y":1}]},"yxks_zidanke3":{"rotate":[{"time":0,"angle":0,"curve":[0.25,0,0.75,1]},{"time":0.8666,"angle":-56.82,"curve":[0.25,0,0.75,1]},{"time":1,"angle":125.37,"curve":[0.25,0,0.75,1]},{"time":1.1333,"angle":65.68,"curve":[0.25,0,0.75,1]},{"time":1.2666,"angle":-20.34,"curve":[0.25,0,0.75,1]},{"time":1.3666,"angle":59.82,"curve":[0.25,0,0.75,1]},{"time":1.4666,"angle":8.46,"curve":[0.25,0,0.75,1]},{"time":1.5666,"angle":-7.15,"curve":[0.25,0,0.75,1]},{"time":1.7666,"angle":0}],"translate":[{"time":0,"x":0,"y":0,"curve":[0.25,0,0.75,1]},{"time":0.8666,"x":153.36,"y":185.52,"curve":[0.25,0,0.75,1]},{"time":1,"x":81.22,"y":292.51,"curve":[0.25,0,0.75,1]},{"time":1.1333,"x":46.41,"y":167.16,"curve":[0.25,0,0.75,1]},{"time":1.2666,"x":0,"y":0,"curve":[0.25,0,0.75,1]},{"time":1.3666,"x":0,"y":38.48,"curve":[0.25,0,0.75,1]},{"time":1.4666,"x":0,"y":0,"curve":[0.25,0,0.75,1]},{"time":1.5666,"x":0,"y":11.72,"curve":[0.25,0,0.75,1]},{"time":1.7666,"x":0,"y":0}],"scale":[{"time":0,"x":1,"y":1,"curve":"stepped"},{"time":0.8666,"x":1,"y":1,"curve":"stepped"},{"time":1,"x":1,"y":1,"curve":"stepped"},{"time":1.1333,"x":1,"y":1,"curve":"stepped"},{"time":1.2666,"x":1,"y":1,"curve":"stepped"},{"time":1.3666,"x":1,"y":1,"curve":"stepped"},{"time":1.4666,"x":1,"y":1,"curve":"stepped"},{"time":1.5666,"x":1,"y":1,"curve":"stepped"},{"time":1.7666,"x":1,"y":1}]},"bone2":{"rotate":[{"time":0,"angle":0,"curve":"stepped"},{"time":1.7666,"angle":0}],"translate":[{"time":0,"x":0,"y":0,"curve":"stepped"},{"time":1.7666,"x":0,"y":0}],"scale":[{"time":0,"x":1,"y":1,"curve":"stepped"},{"time":1.7666,"x":1,"y":1}]},"bone":{"rotate":[{"time":0,"angle":0,"curve":"stepped"},{"time":1.7666,"angle":0}],"translate":[{"time":0,"x":0,"y":0,"curve":"stepped"},{"time":1.7666,"x":0,"y":0}],"scale":[{"time":0,"x":1,"y":1,"curve":"stepped"},{"time":1.7666,"x":1,"y":1}]},"bone3":{"rotate":[{"time":0,"angle":0,"curve":"stepped"},{"time":1.7666,"angle":0}],"translate":[{"time":0,"x":0,"y":0,"curve":"stepped"},{"time":1.7666,"x":0,"y":0}],"scale":[{"time":0,"x":1,"y":1,"curve":"stepped"},{"time":1.7666,"x":1,"y":1}]}}}}}