{ "listdata": [{"path": "352/res/account/", "name": "bigResultLayer.csb", "md5": "96c37033f5fd6d1b21700c26ae1cd646"}, 
{"path": "352/res/account/", "name": "num_prompt.png", "md5": "3989b66679268d05612173cb7dadf963"}, 
{"path": "352/res/account/", "name": "samllResultLayer.csb", "md5": "d19e84a62ab257aae7f875a4e270a8c3"}, 
{"path": "352/res/account/", "name": "SGBigResult.plist", "md5": "819b0bafc942d881c6bc584f9eb33a6f"}, 
{"path": "352/res/account/", "name": "SGBigResult.png", "md5": "03fa2a9a9b1a065e3f9d11d19f7312db"}, 
{"path": "352/res/account/", "name": "SGSamllResult.plist", "md5": "20b359564c47ead8c5b2fab7697bf984"}, 
{"path": "352/res/account/", "name": "SGSamllResult.png", "md5": "ab7be4c12951bfbbcfedf416ad3a464a"}, 
{"path": "352/res/animation_start/", "name": "start.plist", "md5": "5992cbb8b2c5c79306e34cce61671ebe"}, 
{"path": "352/res/animation_start/", "name": "start.png", "md5": "fd9eb053f0602e0f36ae349fd0635fc3"}, 
{"path": "352/res/", "name": "card.png", "md5": "d4f7174a37d93a2ca612085a7af73cde"}, 
{"path": "352/res/Default/", "name": "TextAtlas.png", "md5": "f80be8acc64da02fb7f2bf9a6cb644e2"}, 
{"path": "352/res/DesktopBg/", "name": "bg_1.jpg", "md5": "bb093e6bbab02191e276530268010d48"}, 
{"path": "352/res/DesktopBg/", "name": "bg_2.jpg", "md5": "29f72349def1cc30b7aacafea0954ef4"}, 
{"path": "352/res/DesktopBg/", "name": "bg_3.jpg", "md5": "51a789096fe20e4cd1355a8d464eddd9"}, 
{"path": "352/res/DesktopBg/", "name": "btnBg_1_0.png", "md5": "d3cc39494532651282ba3e02acc94a66"}, 
{"path": "352/res/DesktopBg/", "name": "btnBg_1_1.png", "md5": "1a34ef796fd5c89f3e4e55e741bfdcbe"}, 
{"path": "352/res/DesktopBg/", "name": "btnBg_2_0.png", "md5": "194258d05f85e00536ba80c93323a4ea"}, 
{"path": "352/res/DesktopBg/", "name": "btnBg_2_1.png", "md5": "037914ef6068b6489d47cce23f2889ac"}, 
{"path": "352/res/DesktopBg/", "name": "btnBg_3_0.png", "md5": "0d7d6b4908f7bed0962f11e793210f45"}, 
{"path": "352/res/DesktopBg/", "name": "btnBg_3_1.png", "md5": "1e738a7b0916892014ab9adc929e0e05"}, 
{"path": "352/res/DesktopBg/", "name": "setting_bg1.png", "md5": "ffe321ca7cae90be81d08b09f0bb7697"}, 
{"path": "352/res/DesktopBg/", "name": "setting_bg2.png", "md5": "2d6bd9a9a63859dad515035d6ddc91b1"}, 
{"path": "352/res/DesktopBg/", "name": "setting_bg3.png", "md5": "6c08855ee4a418b52045e7df94ae1737"}, 
{"path": "352/res/game/", "name": "ActionNode.csb", "md5": "38354e5e740f6a27b31216e540386b1d"}, 
{"path": "352/res/game/", "name": "btnChat.png", "md5": "f66e819a9c8858f18137cd5864025f60"}, 
{"path": "352/res/game/", "name": "btnDown.png", "md5": "449731cf22f5a34ef26e8c82140486e4"}, 
{"path": "352/res/game/", "name": "btnVoice.png", "md5": "228045aa8de0990d1f86cc564ecfbfc6"}, 
{"path": "352/res/game/", "name": "gameLayer.plist", "md5": "db0d590c51479eeeae16d7abb0bbccf9"}, 
{"path": "352/res/game/", "name": "gameLayer.png", "md5": "63f8af4cb2a4d462b21e2275e7597cf2"}, 
{"path": "352/res/game/", "name": "GameScene.csb", "md5": "61ab0379473477ea6e89e44ea0db0a5f"}, 
{"path": "352/res/game/", "name": "LuckRuleLayer.csb", "md5": "49f4464e6539edea1df8b72a4c382cba"}, 
{"path": "352/res/game/", "name": "luckyCard.plist", "md5": "2ceed504da72b2151b72c263ab85bac3"}, 
{"path": "352/res/game/", "name": "luckyCard.png", "md5": "5e46302ab9d7ac263221a51316194ef0"}, 
{"path": "352/res/game/", "name": "LuckyLayer.csb", "md5": "829203776b81dde563d94c8ac2ff118b"}, 
{"path": "352/res/game/", "name": "poker.png", "md5": "4c9a884abdf3618cd89c57dc4b671d8a"}, 
{"path": "352/res/game/", "name": "PrivateGameLayer.csb", "md5": "b0352f1853be9b8591aea0f9f047fa7b"}, 
{"path": "352/res/game/", "name": "SGPrivate.plist", "md5": "66dfa2a2c5f4d0cbe51ae2d69556225b"}, 
{"path": "352/res/game/", "name": "SGPrivate.png", "md5": "cf3a02c43c731740cb528ace5ce6bb68"}, 
{"path": "352/res/gameMatch/", "name": "btnBack.png", "md5": "7e8ea0bd712997049f2916972a511f66"}, 
{"path": "352/res/gameMatch/", "name": "btnSure.png", "md5": "f6d2612469497d318546aea094019b76"}, 
{"path": "352/res/gameMatch/", "name": "matchBg.png", "md5": "1abfd6d74be69e03ddd288a616653c1d"}, 
{"path": "352/res/gameMatch/", "name": "matchInfoBg.png", "md5": "1badb4fa476de1dad4831efb4a3984a7"}, 
{"path": "352/res/gameMatch/", "name": "num_wait.png", "md5": "44ca808aa550e34e9095010f3848dfe6"}, 
{"path": "352/res/gameMatch/", "name": "rankBg.png", "md5": "d4f60502c049e7ab82db46a719ebdd26"}, 
{"path": "352/res/gameMatch/", "name": "ShowMatchInfoLayer.csb", "md5": "1d82b5111b05f66867b369296a11a50a"}, 
{"path": "352/res/gameMatch/", "name": "ShowMatchResultLayer.csb", "md5": "3ffdb6add5d9d9c2d2a453dc2827d05e"}, 
{"path": "352/res/gameMatch/", "name": "ShowMatchWaitLayer.csb", "md5": "2f754e8634de26189437823821bb0cca"}, 
{"path": "352/res/gameMatch/", "name": "waitBg.png", "md5": "58604ca27064ec8dfbe801dce84615ff"}, 
{"path": "352/res/hall/", "name": "img_top.png", "md5": "1741f7dafccff990cabf743461eb7647"}, 
{"path": "352/res/image/", "name": "brnn.png", "md5": "6a19cd23992794126457966327add164"}, 
{"path": "352/res/image/", "name": "erbagang.png", "md5": "dc174c59170547cd35f895cd51e6de06"}, 
{"path": "352/res/", "name": "lose_num.png", "md5": "80c6f44d28aa3ba9361246d108512613"}, 
{"path": "352/res/", "name": "luck_goldNum.png", "md5": "015098b1d844dc7d4fdc72b8846c8058"}, 
{"path": "352/res/", "name": "num_add.png", "md5": "f350c10392d0fd4df55b060cb5ffc4bb"}, 
{"path": "352/res/", "name": "num_prompt.png", "md5": "3989b66679268d05612173cb7dadf963"}, 
{"path": "352/res/", "name": "num_score.png", "md5": "d2355ea9de09508a0e99291ca4b11fa7"}, 
{"path": "352/res/", "name": "num_time.png", "md5": "8499ea2a6a2a0888a62402a884974688"}, 
{"path": "352/res/room/", "name": "SangongCreateLayer.csb", "md5": "7b1e97727c4d41d6ff3c4080aa4c3ee4"}, 
{"path": "352/res/room/", "name": "SGCreateLayer.plist", "md5": "75d7b1cdec174d18d0f1da1c5914c686"}, 
{"path": "352/res/room/", "name": "SGCreateLayer.png", "md5": "957d0d69215287a580979bad23621025"}, 
{"path": "352/res/roomlist/", "name": "level_1.png", "md5": "2ee1fbcf4d4f3a03268cf331cd5773cc"}, 
{"path": "352/res/roomlist/", "name": "level_2.png", "md5": "27889d243ec2358ac1daaa1545468f24"}, 
{"path": "352/res/roomlist/", "name": "level_3.png", "md5": "f54f7fe048b95545e8ee94590af3acd5"}, 
{"path": "352/res/roomlist/", "name": "level_4.png", "md5": "4fef706a99a6ce567b52e80fc9d73d20"}, 
{"path": "352/res/sound_res/", "name": "addScore_1.mp3", "md5": "d26033490505d12b7f35e993994941fe"}, 
{"path": "352/res/sound_res/", "name": "addScore_2.mp3", "md5": "7a11ba8f4a7b1bb7e9d3094ff0da7baa"}, 
{"path": "352/res/sound_res/", "name": "addScore_3.mp3", "md5": "0852a72132236f5906d598ea9ec82724"}, 
{"path": "352/res/sound_res/", "name": "addScore_4.mp3", "md5": "6f58f5b1fa9bca37e9f7012c77886565"}, 
{"path": "352/res/sound_res/", "name": "ADD_SCORE.WAV", "md5": "41115c44159c010fbde5ebc1f6ca52d8"}, 
{"path": "352/res/sound_res/", "name": "backMusic.mp3", "md5": "e2dc275c7a6952a2a1e78a84a48ddacb"}, 
{"path": "352/res/sound_res/BOY/", "name": "cow_0.mp3", "md5": "05eb7a9a2881b18a0d0b0158983708ea"}, 
{"path": "352/res/sound_res/BOY/", "name": "cow_1.mp3", "md5": "d3e577017bc1b2ceafc0b20568511bf2"}, 
{"path": "352/res/sound_res/BOY/", "name": "cow_10.mp3", "md5": "f88bfe34839e280852e32affbf26011f"}, 
{"path": "352/res/sound_res/BOY/", "name": "cow_11.mp3", "md5": "942b2a95524119c208403b7f383611de"}, 
{"path": "352/res/sound_res/BOY/", "name": "cow_12.mp3", "md5": "a15a7840b14fa3f15a8979d87e51f4a7"}, 
{"path": "352/res/sound_res/BOY/", "name": "cow_2.mp3", "md5": "1bc9c8bb8b8bd51f3f69cebe8b63bbda"}, 
{"path": "352/res/sound_res/BOY/", "name": "cow_3.mp3", "md5": "412a897d69bd144d416838bed3485676"}, 
{"path": "352/res/sound_res/BOY/", "name": "cow_4.mp3", "md5": "18b3354d43b0b3192b2d1f85e0cd575b"}, 
{"path": "352/res/sound_res/BOY/", "name": "cow_5.mp3", "md5": "8fc64dbc62e6cd12317a47baedc3c60c"}, 
{"path": "352/res/sound_res/BOY/", "name": "cow_6.mp3", "md5": "c9fc68a97ed2e3fce1fa9e0bce67693f"}, 
{"path": "352/res/sound_res/BOY/", "name": "cow_7.mp3", "md5": "19a120b1a1b03d3b8a35edc55bb61b09"}, 
{"path": "352/res/sound_res/BOY/", "name": "cow_8.mp3", "md5": "780ee27c2444a3c5d6f6a85b2f7979c4"}, 
{"path": "352/res/sound_res/BOY/", "name": "cow_9.mp3", "md5": "4b09a906f3c66390f1b6ac3e92614b8e"}, 
{"path": "352/res/sound_res/", "name": "GAME_END.WAV", "md5": "9f73080c575ad208af1c31800d56f26b"}, 
{"path": "352/res/sound_res/", "name": "GAME_LOST.WAV", "md5": "63931a127e1ffb60300bf1642197e41e"}, 
{"path": "352/res/sound_res/", "name": "GAME_OXOX.wav", "md5": "9d2a2d242e9d28522f7d956caabbcee3"}, 
{"path": "352/res/sound_res/", "name": "GAME_START.WAV", "md5": "0c80e62b6c93f8e0fe9e6c23ad276661"}, 
{"path": "352/res/sound_res/", "name": "GAME_WARN.wav", "md5": "60879d23a8ba78db6b33fb3057ded065"}, 
{"path": "352/res/sound_res/", "name": "GAME_WIN.WAV", "md5": "7cc28fda98235c75b8bf972c97badd5c"}, 
{"path": "352/res/sound_res/GIRL/", "name": "cow_0.mp3", "md5": "05eb7a9a2881b18a0d0b0158983708ea"}, 
{"path": "352/res/sound_res/GIRL/", "name": "cow_1.mp3", "md5": "d3e577017bc1b2ceafc0b20568511bf2"}, 
{"path": "352/res/sound_res/GIRL/", "name": "cow_10.mp3", "md5": "f88bfe34839e280852e32affbf26011f"}, 
{"path": "352/res/sound_res/GIRL/", "name": "cow_11.mp3", "md5": "942b2a95524119c208403b7f383611de"}, 
{"path": "352/res/sound_res/GIRL/", "name": "cow_12.mp3", "md5": "a15a7840b14fa3f15a8979d87e51f4a7"}, 
{"path": "352/res/sound_res/GIRL/", "name": "cow_2.mp3", "md5": "1bc9c8bb8b8bd51f3f69cebe8b63bbda"}, 
{"path": "352/res/sound_res/GIRL/", "name": "cow_3.mp3", "md5": "412a897d69bd144d416838bed3485676"}, 
{"path": "352/res/sound_res/GIRL/", "name": "cow_4.mp3", "md5": "18b3354d43b0b3192b2d1f85e0cd575b"}, 
{"path": "352/res/sound_res/GIRL/", "name": "cow_5.mp3", "md5": "8fc64dbc62e6cd12317a47baedc3c60c"}, 
{"path": "352/res/sound_res/GIRL/", "name": "cow_6.mp3", "md5": "c9fc68a97ed2e3fce1fa9e0bce67693f"}, 
{"path": "352/res/sound_res/GIRL/", "name": "cow_7.mp3", "md5": "19a120b1a1b03d3b8a35edc55bb61b09"}, 
{"path": "352/res/sound_res/GIRL/", "name": "cow_8.mp3", "md5": "780ee27c2444a3c5d6f6a85b2f7979c4"}, 
{"path": "352/res/sound_res/GIRL/", "name": "cow_9.mp3", "md5": "4b09a906f3c66390f1b6ac3e92614b8e"}, 
{"path": "352/res/sound_res/", "name": "OPEN_CARD.wav", "md5": "a89c408e570913f058defccc063fff02"}, 
{"path": "352/res/sound_res/", "name": "ruby_0.mp3", "md5": "fd679a1d3579275302eaad0d73eeb543"}, 
{"path": "352/res/sound_res/", "name": "ruby_1.mp3", "md5": "2bf946f7640a21740d8b9a1efa2c2245"}, 
{"path": "352/res/sound_res/", "name": "ruby_2.mp3", "md5": "09592c3be2d0d3e0d1d84b948cf1e6ca"}, 
{"path": "352/res/sound_res/", "name": "ruby_3.mp3", "md5": "8ad65a94e9c9fa9e099ae63a95f68650"}, 
{"path": "352/res/sound_res/", "name": "ruby_4.mp3", "md5": "228f947c2b9d88a763b54759093a5e3c"}, 
{"path": "352/res/sound_res/", "name": "SEND_CARD.wav", "md5": "b81338369ed5cacb23c17c83e4508773"}, 
{"path": "352/res/top_panel/", "name": "biaoqing.png", "md5": "841b5896fe6d5271ababbc96f09c01b6"}, 
{"path": "352/res/top_panel/", "name": "fanhui.png", "md5": "ff3195c9491bb081f7fbb67458e348c2"}, 
{"path": "352/res/top_panel/", "name": "fanhui1.png", "md5": "26727cb321b87783507b2b0146979f66"}, 
{"path": "352/res/top_panel/", "name": "jinyin.png", "md5": "167afc85fb28ba1b652039f96060ae45"}, 
{"path": "352/res/top_panel/", "name": "jinyin1.png", "md5": "feefa9656df5c9897d7dbb1997050217"}, 
{"path": "352/res/top_panel/", "name": "wenhao.png", "md5": "be0ca907fe0ad0f00637166ff0a056f3"}, 
{"path": "352/res/top_panel/", "name": "wenhao1.png", "md5": "67166f4a08ba825a4bec2df8da680faf"}, 
{"path": "352/res/top_panel/", "name": "yinliang.png", "md5": "627c2c905bb121269f7fa5e9350b27eb"}, 
{"path": "352/res/top_panel/", "name": "yinliang1.png", "md5": "620eb895586f4d75ac30cf630aae5b78"}, 
{"path": "352/res/", "name": "win_num.png", "md5": "2e7fc6da9aeb5de7c67c0ac4ab3bb76e"}, 
{"path": "352/src/models/", "name": "CMD_Game.luac", "md5": "5d74765eb41d09870c52b80250dffe09"}, 
{"path": "352/src/models/", "name": "GameLogic.luac", "md5": "4141b5639933fb901882534638f1607f"}, 
{"path": "352/src/views/", "name": "GameLayer.luac", "md5": "079aac2ea0ad8ac44815a974c6ba1014"}, 
{"path": "352/src/views/", "name": "GameRoomLayer.luac", "md5": "c9ed5d7765c7526e0cb19a450e61fa3f"}, 
{"path": "352/src/views/layer/gamecard/", "name": "CardNode.luac", "md5": "bdba90aa6b35194749bbfd2b38a91569"}, 
{"path": "352/src/views/layer/gameplayer/", "name": "GamePlayer.luac", "md5": "3ad372e3328cacf70f714fe077ba288a"}, 
{"path": "352/src/views/layer/", "name": "GameResultLayer.luac", "md5": "7a0ae6c63ea52441b8af8ce05f011369"}, 
{"path": "352/src/views/layer/", "name": "GameViewLayer.luac", "md5": "8a3238be2e5acc380daed8fe449cdeed"}, 
{"path": "352/src/views/layer/", "name": "RuleLayer.luac", "md5": "e078486f1897d268d3de9e0b78e3145e"}, 
{"path": "352/src/views/layer/", "name": "SetLayer.luac", "md5": "c5f920190876047b7f78feac24a958cf"}, 
{"path": "352/src/views/", "name": "RoomView.luac", "md5": "081b4c7525dc6867fd896f927ceeec03"}, 
{"allcount": 130}]}