{ "listdata": [{"path": "110/res/animation/daojishi_feiqinzoushou/", "name": "daojishi_feiqinzoushou.ExportJson", "md5": "967d3199ae51ed71e086515633750f00"}, 
{"path": "110/res/animation/daojishi_feiqinzoushou/", "name": "daojishi_feiqinzoushou0.plist", "md5": "011de5e1071aebb96cdf50ecaf298f3d"}, 
{"path": "110/res/animation/daojishi_feiqinzoushou/", "name": "daojishi_feiqinzoushou0.png", "md5": "90593728295888607424af7dcc815ed7"}, 
{"path": "110/res/animation/deng/", "name": "deng.atlas", "md5": "556155e2a6068a1d6cfd8653da3e75c7"}, 
{"path": "110/res/animation/deng/", "name": "deng.json", "md5": "d63017a3e1b456cec97d029dba6e8ea5"}, 
{"path": "110/res/animation/deng/", "name": "deng.png", "md5": "47c8c5bc5bde78f84834c33cb687dbd8"}, 
{"path": "110/res/animation/", "name": "dengguang_feiqinzoushou.ExportJson", "md5": "0ad94b0780f6af20d8d544d7a79afeb8"}, 
{"path": "110/res/animation/", "name": "dengguang_feiqinzoushou0.plist", "md5": "be76c7f365778fe842d6f34fd080ff15"}, 
{"path": "110/res/animation/", "name": "dengguang_feiqinzoushou0.png", "md5": "93b22ae6eb15d0a702b885ba5cb15600"}, 
{"path": "110/res/animation/guanxian/", "name": "gx.atlas", "md5": "b5883a4a847095493974b3ba10037940"}, 
{"path": "110/res/animation/guanxian/", "name": "gx.json", "md5": "f001fb9a0283265787ea0e89e4985598"}, 
{"path": "110/res/animation/guanxian/", "name": "gx.png", "md5": "54af7fb269994b1c94c5f08c1ce478a8"}, 
{"path": "110/res/animation/startbetting/", "name": "bairenniuniu_kaishixiazhu.ExportJson", "md5": "de5be1c19c0d6f87424d2126d0c643e7"}, 
{"path": "110/res/animation/startbetting/", "name": "bairenniuniu_kaishixiazhu0.plist", "md5": "9652ee2d0d3b99e03f8f8627737c1b6e"}, 
{"path": "110/res/animation/startbetting/", "name": "bairenniuniu_kaishixiazhu0.png", "md5": "ffac2d2c94c09f5f34968076b1930058"}, 
{"path": "110/res/", "name": "bet_chip.plist", "md5": "973185cb3ae9561107868b7970967e5f"}, 
{"path": "110/res/", "name": "bet_chip.png", "md5": "1aef4ba4339867fb635c8699ce22441b"}, 
{"path": "110/res/", "name": "bt_close_1.png", "md5": "d0eeef6f7d73180d3648050d58a917f8"}, 
{"path": "110/res/game/", "name": "Animal_1.png", "md5": "6b9805e3cafb93790d7671ca660426bb"}, 
{"path": "110/res/game/", "name": "Animal_10.png", "md5": "b8497a14578c6a56031a7bcbdb16ead1"}, 
{"path": "110/res/game/", "name": "Animal_11.png", "md5": "b10e294d439ea00cd9cbd27af5b2594b"}, 
{"path": "110/res/game/", "name": "Animal_12.png", "md5": "307feb9621517ac73f6d1da09158e29f"}, 
{"path": "110/res/game/", "name": "Animal_2.png", "md5": "cab204f214c7a1a2135b81cc3dc62ea3"}, 
{"path": "110/res/game/", "name": "Animal_3.png", "md5": "7ac1a79f51ca92aa902d012a118b98bd"}, 
{"path": "110/res/game/", "name": "Animal_4.png", "md5": "2b4381698cd12c766a5b12518f5154d1"}, 
{"path": "110/res/game/", "name": "Animal_5.png", "md5": "34e967f946ded2385ddb19fadd308541"}, 
{"path": "110/res/game/", "name": "Animal_6.png", "md5": "763e6c2fc8df82dd371fb7f8ffec26e4"}, 
{"path": "110/res/game/", "name": "Animal_7.png", "md5": "1b56919dbb132c29e259fd46c76cdb0f"}, 
{"path": "110/res/game/", "name": "Animal_8.png", "md5": "61da68a024c0ef714c8bb64de5bdff31"}, 
{"path": "110/res/game/", "name": "Animal_9.png", "md5": "a467aa723a760dcd21b789bae84eb187"}, 
{"path": "110/res/game/", "name": "bei2num.png", "md5": "f4345c946e0c2f6b6ed6b86f0d8c01f6"}, 
{"path": "110/res/game/", "name": "beinum.png", "md5": "8bd68489c748d658b78844437e9e453a"}, 
{"path": "110/res/game/", "name": "bianlan.png", "md5": "81aabe5b2c1c71e708ad6cf521e268a1"}, 
{"path": "110/res/game/", "name": "clocknum.png", "md5": "83d26e6aa6948e22ae6352537ad6cf93"}, 
{"path": "110/res/game/", "name": "dengdai.png", "md5": "4703124a91374dfc9ad2981f09c0048e"}, 
{"path": "110/res/game/", "name": "diban.png", "md5": "8ac2d19b12af112ae6b1c839fa2a4924"}, 
{"path": "110/res/game/", "name": "dongwudi.png", "md5": "14e6593302b665d382057dd75d92c98d"}, 
{"path": "110/res/game/", "name": "dongwudi2.png", "md5": "86bf542603410ebef3c24436800eb21a"}, 
{"path": "110/res/game/", "name": "faguang.png", "md5": "7aa013cd538a6ddbf50575a3c32e7433"}, 
{"path": "110/res/game/", "name": "faguang2.png", "md5": "e2dc971b9624737e93e8e6e2fe824277"}, 
{"path": "110/res/game/", "name": "faguang3.png", "md5": "6f26a64f33e8512518e8e4b524da19eb"}, 
{"path": "110/res/game/", "name": "feiqin.png", "md5": "fc2866df628ec516fb2e762df63e47e3"}, 
{"path": "110/res/game/", "name": "fqzsLayer.csb", "md5": "95ae8a8718a1add65ebd96d2ef427587"}, 
{"path": "110/res/game/", "name": "gamebg.png", "md5": "bb381dec5c7f43be1b1fb67bf43511cd"}, 
{"path": "110/res/game/", "name": "JettonNode.csb", "md5": "ab8a1e6416dd6f9e6506a868d0412d68"}, 
{"path": "110/res/game/", "name": "jiesuanshijian.png", "md5": "5a5770398a7f8c76addc3b88cc88c3e9"}, 
{"path": "110/res/game/", "name": "jinbidi.png", "md5": "2e54196b67af591ab908ec232336165f"}, 
{"path": "110/res/game/", "name": "lankuangdi.png", "md5": "4108423004875427c2711cc153994da9"}, 
{"path": "110/res/game/", "name": "luckstart.csb", "md5": "66d20cb659ba7b018eb3c7066526c18c"}, 
{"path": "110/res/game/", "name": "lucktou.png", "md5": "041185c54c79e31a57420414e1c44965"}, 
{"path": "110/res/game/", "name": "luckyicon.png", "md5": "2fdf94b6e7039ec64ca1f7b1979893e3"}, 
{"path": "110/res/game/", "name": "meNode.csb", "md5": "c89ba5e328596dde5bd68ed11c0d80e1"}, 
{"path": "110/res/game/", "name": "shangzhuangdi.png", "md5": "0e913178a2049863f9e47ad3d7eeab7b"}, 
{"path": "110/res/game/", "name": "shayufaguang.png", "md5": "0150f8a873f4b531e49a2bd5159240fc"}, 
{"path": "110/res/game/", "name": "shijiandi.png", "md5": "440e6fa24999b668f85b6b71b0f89531"}, 
{"path": "110/res/game/", "name": "start.png", "md5": "e806156e922d7fdef604d7599fac5868"}, 
{"path": "110/res/game/", "name": "tongchi.png", "md5": "bb9adcd69ec7867fc9decce66d92a813"}, 
{"path": "110/res/game/", "name": "tongpei.png", "md5": "ae6c95a026eaa0c35d0c0c64c0ac7404"}, 
{"path": "110/res/game/", "name": "touzhuqu.png", "md5": "4eb4beebac85e523be1c1ee7a1e4fb09"}, 
{"path": "110/res/game/", "name": "touzhuqu2.png", "md5": "c81e5191daa74c48d728feb6850b0fc3"}, 
{"path": "110/res/game/", "name": "touzhuqu3.png", "md5": "35a0b79139d77dcdc18f8009551391a7"}, 
{"path": "110/res/game/", "name": "xiazhubaidi.png", "md5": "11f649600cdba36a1eba9dde22c684d9"}, 
{"path": "110/res/game/", "name": "xiazhushijian.png", "md5": "12b224420c3055b50571f89967c28e2b"}, 
{"path": "110/res/game/", "name": "zhuangNode.csb", "md5": "e01ba4fb0ab4399297d289c447937e49"}, 
{"path": "110/res/game/", "name": "zhunbeishijian.png", "md5": "3a3c1566cdca69cea38dfa2b48755f76"}, 
{"path": "110/res/game/", "name": "zoushou.png", "md5": "11d77b85ce2fc324d2222d76d9d83713"}, 
{"path": "110/res/gamerule/", "name": "longhuname.png", "md5": "6a19cd23992794126457966327add164"}, 
{"path": "110/res/gamerule/", "name": "longhurule.png", "md5": "b001362130f177ed1c8879a266d1b0db"}, 
{"path": "110/res/game_res/control/", "name": "adduser_0.png", "md5": "0ef1fee6100a9d5a963e35620a7014d6"}, 
{"path": "110/res/game_res/control/", "name": "adduser_1.png", "md5": "538d770d2931177cb249512daa1484c5"}, 
{"path": "110/res/game_res/control/", "name": "androidbg.png", "md5": "e372c17f7387b41b1f34c3a582ff6800"}, 
{"path": "110/res/game_res/control/", "name": "androidChatbg.png", "md5": "1fb42971128dd3ae9b784bbaa7de9efd"}, 
{"path": "110/res/game_res/control/", "name": "androidname.png", "md5": "50ad999aec1cd1c8a250683c2722fc21"}, 
{"path": "110/res/game_res/control/", "name": "androidnick.png", "md5": "584f0189ac94b079773bacde63b3f018"}, 
{"path": "110/res/game_res/control/", "name": "androidUpbanker_0.png", "md5": "76e7ce48c35516b9debba4c69e718efc"}, 
{"path": "110/res/game_res/control/", "name": "androidUpbanker_1.png", "md5": "b1004a58ba7b9dad2804f2573aa2a427"}, 
{"path": "110/res/game_res/control/", "name": "baoma_1.png", "md5": "0bbe92db9f6610a4617dc8b45696c1c7"}, 
{"path": "110/res/game_res/control/", "name": "baoma_2.png", "md5": "c34a51430622e734a6d032812e8d9026"}, 
{"path": "110/res/game_res/control/", "name": "baoshijie_1.png", "md5": "2427f12b20fa72d08adcc4ed68d4415f"}, 
{"path": "110/res/game_res/control/", "name": "baoshijie_2.png", "md5": "457b23b69da822a55fcd9d656ff63a30"}, 
{"path": "110/res/game_res/control/", "name": "benchi_1.png", "md5": "299fb80a01df896a73e6ea5ce93290ad"}, 
{"path": "110/res/game_res/control/", "name": "benchi_2.png", "md5": "ea5934861731ca5debed500e18718296"}, 
{"path": "110/res/game_res/control/", "name": "bg.png", "md5": "0d4ee5caa76b89f8f109f6eeb4aea2a9"}, 
{"path": "110/res/game_res/control/", "name": "bgBottom.png", "md5": "155c68c81b03954a8de5142514e32f29"}, 
{"path": "110/res/game_res/control/", "name": "bgControlArea.png", "md5": "d6c26650ad73a6aa7b31b4131adfff94"}, 
{"path": "110/res/game_res/control/", "name": "binli_1.png", "md5": "d5f4cb2b1a5e28467d30198c3cc12715"}, 
{"path": "110/res/game_res/control/", "name": "binli_2.png", "md5": "46f1e3497ccd27120d86835959f96135"}, 
{"path": "110/res/game_res/control/", "name": "btn_contoltimes.png", "md5": "f16c24fb96bdbc9dc8df7684572856a4"}, 
{"path": "110/res/game_res/control/", "name": "btn_gameid.png", "md5": "694d75707c97ea657da5df9f2e820d79"}, 
{"path": "110/res/game_res/control/", "name": "btn_run_1.png", "md5": "4014fec1cba30400c8c821478d61ca4e"}, 
{"path": "110/res/game_res/control/", "name": "btn_run_2.png", "md5": "4014fec1cba30400c8c821478d61ca4e"}, 
{"path": "110/res/game_res/control/", "name": "btn_tip.png", "md5": "d7d31eae7fcabc705c5178129e113baf"}, 
{"path": "110/res/game_res/control/", "name": "bujiadi_1.png", "md5": "adf390267b7138ef908a82e8a9de68ee"}, 
{"path": "110/res/game_res/control/", "name": "bujiadi_2.png", "md5": "781df8dda24eec6f67f0f9b9b4624698"}, 
{"path": "110/res/game_res/control/", "name": "cancel_1.png", "md5": "2521ec1b67eb40960b536629428594ef"}, 
{"path": "110/res/game_res/control/", "name": "cancel_2.png", "md5": "2521ec1b67eb40960b536629428594ef"}, 
{"path": "110/res/game_res/control/", "name": "chatsend_0.png", "md5": "46f9178bc2544dcbcf67d59cf37a3890"}, 
{"path": "110/res/game_res/control/", "name": "chatsend_1.png", "md5": "502a5a94466477502e08d4b1cca28724"}, 
{"path": "110/res/game_res/control/", "name": "controlbg.png", "md5": "35cb9aad09c71617b294bcf176d2df3a"}, 
{"path": "110/res/game_res/control/", "name": "controling.png", "md5": "e31fe4c47abe3d2d9163404c78ea5aa1"}, 
{"path": "110/res/game_res/control/", "name": "ControlLayer.csb", "md5": "7182597f1d92bfe011faa98ea0b2bef8"}, 
{"path": "110/res/game_res/control/", "name": "controltimeframe.png", "md5": "fd5ce9ea7aa6fe1ce941937a5e6c3626"}, 
{"path": "110/res/game_res/control/", "name": "dropDownBg.png", "md5": "1140eaac1ca5257766a2fe5452bc959c"}, 
{"path": "110/res/game_res/control/", "name": "exit.png", "md5": "e1d71453d18a852b4fd1ba3ac9333e87"}, 
{"path": "110/res/game_res/control/", "name": "falali_1.png", "md5": "6c8d7ecfeb079c5cf49e21a3d838a7ef"}, 
{"path": "110/res/game_res/control/", "name": "falali_2.png", "md5": "3c9d9bb13ea6d136dfd513b39d4c6549"}, 
{"path": "110/res/game_res/control/", "name": "Game ID.png", "md5": "3e4e81a3b06129a91124da90a77cff66"}, 
{"path": "110/res/game_res/control/", "name": "hang.png", "md5": "8ab5f2840a51bc0ac17ec8a17db19dde"}, 
{"path": "110/res/game_res/control/", "name": "luhu_1.png", "md5": "4da1f37c3b93a151d017701047f6e943"}, 
{"path": "110/res/game_res/control/", "name": "luhu_2.png", "md5": "020a0734236ddf3a7a78728b91e81da6"}, 
{"path": "110/res/game_res/control/", "name": "maibahe_1.png", "md5": "252587167bbd7a75d65ddc6a9163e40c"}, 
{"path": "110/res/game_res/control/", "name": "maibahe_2.png", "md5": "fa6992e5c327a66aed8050ca8eff8658"}, 
{"path": "110/res/game_res/control/", "name": "NoControlArea.png", "md5": "bc5360b42e8ad80675aa9d2d191515f5"}, 
{"path": "110/res/game_res/control/", "name": "NoControlTimes.png", "md5": "ed31e767efbf9eec18de415300fbcb9a"}, 
{"path": "110/res/game_res/control/", "name": "peishidel_0.png", "md5": "a1759f817071805f15e7453187d63a95"}, 
{"path": "110/res/game_res/control/", "name": "peishidel_1.png", "md5": "f28faec21f3a70fcd407f1f2019f6fc4"}, 
{"path": "110/res/game_res/control/", "name": "ping.png", "md5": "e17c8917294151d0f16167d2fd2a6aa0"}, 
{"path": "110/res/game_res/control/", "name": "scene_tip_1.png", "md5": "f9260bb6cd92c3306bc194a48cd94260"}, 
{"path": "110/res/game_res/control/", "name": "scene_tip_2.png", "md5": "4c0ed5e70762b8c4e5b8dce27ee9a9ea"}, 
{"path": "110/res/game_res/control/", "name": "scene_tip_3.png", "md5": "7c3af76acb2a5009cc7d96a7d1df3d8c"}, 
{"path": "110/res/game_res/control/", "name": "timebg.png", "md5": "6be623e911ec409e73220a0bdd1f388a"}, 
{"path": "110/res/game_res/control/", "name": "times_image.png", "md5": "87c8b96f97f6c173fb32c4737ddb10b5"}, 
{"path": "110/res/game_res/control/", "name": "tip.png", "md5": "83e55eb81bf0ee73c7007d76ab9612e5"}, 
{"path": "110/res/game_res/control/", "name": "tongdianp.png", "md5": "a3eeb0bdd0d92eb4b8e2fdbcf2f6153a"}, 
{"path": "110/res/game_res/control/", "name": "topBg.png", "md5": "a17781d1ab72036cf1b8f54dfd6beb9a"}, 
{"path": "110/res/game_res/control/", "name": "topBtn.png", "md5": "d6f7bbb1ed8ddce2ddccb2ae30253783"}, 
{"path": "110/res/game_res/control/", "name": "userbg.png", "md5": "0ed98b6d1fb0616852c0ef31e3b68893"}, 
{"path": "110/res/game_res/control/", "name": "userlist.png", "md5": "4fedcab8691f54551fd5220f7961207b"}, 
{"path": "110/res/game_res/control/", "name": "xian.png", "md5": "c70eefe91023f8e21b3cbdafbd9dcdd2"}, 
{"path": "110/res/game_res/control/", "name": "xiandui.png", "md5": "9bded7e39dbd1f53f460934b3d9b3d0a"}, 
{"path": "110/res/game_res/control/", "name": "xianduizizhixing.png", "md5": "a852f11f3affbfa4411402d5884e23e8"}, 
{"path": "110/res/game_res/control/", "name": "xiantianw.png", "md5": "c701e2e3f468d8edbb3f4ff42b67299d"}, 
{"path": "110/res/game_res/control/", "name": "xianxuanghzong.png", "md5": "a1faa175a119a41b24ed9b24dd46f4c0"}, 
{"path": "110/res/game_res/control/", "name": "xianzhixing.png", "md5": "1739fe04a4efbd8461b2c4a06e705dc3"}, 
{"path": "110/res/game_res/control/", "name": "xiushi.png", "md5": "35e3eaaa431c0a06ae733cbac7f0e6ac"}, 
{"path": "110/res/game_res/control/", "name": "xuanxianguizi.png", "md5": "e184d4c7b09665a8d225af43f4c43b65"}, 
{"path": "110/res/game_res/control/", "name": "xuanzhong.png", "md5": "b66874d1bba4109c667728bee35951d7"}, 
{"path": "110/res/game_res/control/", "name": "zhuang.png", "md5": "b276f97ff51bd2261640fa2e9ad97d6c"}, 
{"path": "110/res/game_res/control/", "name": "zhuangdui.png", "md5": "02faf543a2985ce29b85e03c75e2ab10"}, 
{"path": "110/res/game_res/control/", "name": "zhuangduizixuan.png", "md5": "53db6b6554158757a341319aff60c6a7"}, 
{"path": "110/res/game_res/control/", "name": "zhuangduizizhixing.png", "md5": "4c0ff5f7bda6eb19d4188f46d67a9b69"}, 
{"path": "110/res/game_res/control/", "name": "zhuangtianw.png", "md5": "dc976293e01880884a25386a42b5b919"}, 
{"path": "110/res/game_res/control/", "name": "zhuangtianzhixing.png", "md5": "23190330c3faae25e5eb2eb2f59d787a"}, 
{"path": "110/res/game_res/control/", "name": "zhuangxianzhong.png", "md5": "f619ae7de6c59e4b5f54601d7e42e742"}, 
{"path": "110/res/game_res/control/", "name": "zhuangxuan.png", "md5": "42b091cd023d1b20617cc5ea490d6996"}, 
{"path": "110/res/game_res/control/", "name": "zhuangzhixing.png", "md5": "ebfa8d39fd962a56d4679f6cf0e13f14"}, 
{"path": "110/res/image/", "name": "apply_bg.png", "md5": "6382e6a28a2877c4b32339f5585f9e0a"}, 
{"path": "110/res/image/", "name": "apply_down.png", "md5": "3032cea7919cf2bf4169a7c6f627ca44"}, 
{"path": "110/res/image/", "name": "apply_head.png", "md5": "6dcd7d564cd90e9d4f23ea6dcd2448f1"}, 
{"path": "110/res/image/", "name": "apply_List_bg.png", "md5": "75ec84c2099b5121712946b834e21dbc"}, 
{"path": "110/res/image/", "name": "Avatar0.png", "md5": "ffea92f8daf8dd9cc861710a92d2fa6b"}, 
{"path": "110/res/image/", "name": "Avatar1.png", "md5": "081f53c35ed2d755c5d5d4738aed9163"}, 
{"path": "110/res/image/", "name": "Avatar2.png", "md5": "5901fc8604b7b512b6f88e87c46accf7"}, 
{"path": "110/res/image/", "name": "Avatar3.png", "md5": "38508f278280afe121a81cc8dcb5bb9c"}, 
{"path": "110/res/image/", "name": "Avatar4.png", "md5": "a6a1017ea1e4ffa1b65035bfcdad4283"}, 
{"path": "110/res/image/", "name": "Avatar5.png", "md5": "29f6521957cbae8c97dbeb967426f165"}, 
{"path": "110/res/image/", "name": "Avatar6.png", "md5": "81d8c8d769dd6eff24d63d1d221ca21b"}, 
{"path": "110/res/image/", "name": "Avatar7.png", "md5": "f580cb266d7fda1d384ca93b6207e2c8"}, 
{"path": "110/res/image/", "name": "Avatar8.png", "md5": "986ca2827af73cce931fb345e09e5600"}, 
{"path": "110/res/image/", "name": "Avatar9.png", "md5": "4ba26fa79c46970eb352cfb42ff29406"}, 
{"path": "110/res/image/", "name": "chip_num.png", "md5": "4a96bc7b2fcdd8d32561c2271c0e30a4"}, 
{"path": "110/res/image/", "name": "fanhui.png", "md5": "18b1d62185b63dbadae556c16014e9b4"}, 
{"path": "110/res/image/", "name": "fanhui1.png", "md5": "865d359c814ef333ed3534b159543c1b"}, 
{"path": "110/res/image/", "name": "headfram.png", "md5": "997bc54019e3fdc24f8c37dcbfd2062d"}, 
{"path": "110/res/image/", "name": "jinyin.png", "md5": "d4eaa10e979e0499e3a06ba25e800c20"}, 
{"path": "110/res/image/", "name": "jinyin1.png", "md5": "1837778b866603f886777970efca384f"}, 
{"path": "110/res/image/", "name": "quxiao1.png", "md5": "725b14412e4ec367235929823fd4beb1"}, 
{"path": "110/res/image/", "name": "quxiao2.png", "md5": "725b14412e4ec367235929823fd4beb1"}, 
{"path": "110/res/image/", "name": "shangzhuang.png", "md5": "443c78c090b54e071388c40a509cd515"}, 
{"path": "110/res/image/", "name": "shangzhuang2.png", "md5": "443c78c090b54e071388c40a509cd515"}, 
{"path": "110/res/image/", "name": "stopbetbg.png", "md5": "2192b2265b710964075d7df9cba7151b"}, 
{"path": "110/res/image/", "name": "tingzhixiazhu.png", "md5": "01cfbaa3d0f8aa3f3b41d88af48ea309"}, 
{"path": "110/res/image/", "name": "tipsbg.png", "md5": "3bee3520c795c3fd08716040be74e5a9"}, 
{"path": "110/res/image/", "name": "ui_chip_bg_1_1.png", "md5": "622bc0a55ca016791e457f4016245a0d"}, 
{"path": "110/res/image/", "name": "ui_chip_bg_1_2.png", "md5": "923520f7b1920b4a61074e0bc0442fdc"}, 
{"path": "110/res/image/", "name": "ui_chip_bg_1_3.png", "md5": "03ee4a6d142e26b8335e851a09a79f6f"}, 
{"path": "110/res/image/", "name": "ui_chip_bg_2_1.png", "md5": "d4d90e258230abff31e3a5135072da72"}, 
{"path": "110/res/image/", "name": "ui_chip_bg_2_2.png", "md5": "647328345cdf840bc930556b727b9e1a"}, 
{"path": "110/res/image/", "name": "ui_chip_bg_2_3.png", "md5": "b277af7850cd5192a388b539632425ca"}, 
{"path": "110/res/image/", "name": "ui_chip_bg_3_1.png", "md5": "1e1b8ce5818c2371607b9022318cbba2"}, 
{"path": "110/res/image/", "name": "ui_chip_bg_3_2.png", "md5": "4f94f6bd5e59831c53b345f8ec7fe3d8"}, 
{"path": "110/res/image/", "name": "ui_chip_bg_3_3.png", "md5": "26568ef039950e91b9263743bbcb2698"}, 
{"path": "110/res/image/", "name": "ui_chip_bg_4_1.png", "md5": "a96c6d4064e2354f1d95fd62e03e049b"}, 
{"path": "110/res/image/", "name": "ui_chip_bg_4_2.png", "md5": "b68c7615f79eda16949c967c27645ac3"}, 
{"path": "110/res/image/", "name": "ui_chip_bg_4_3.png", "md5": "04f0f87222a4c45128cc9789842103bd"}, 
{"path": "110/res/image/", "name": "ui_chip_bg_5_1.png", "md5": "b5810d3cb16040fe66fc66813bc7f09e"}, 
{"path": "110/res/image/", "name": "ui_chip_bg_5_2.png", "md5": "2fd63bccc804b679e3615b075103b82a"}, 
{"path": "110/res/image/", "name": "ui_chip_bg_5_3.png", "md5": "0b71d9da244621ffec733abda4a5ace3"}, 
{"path": "110/res/image/", "name": "ui_lose_count.png", "md5": "385d81b34f093f13be79d197b0f170ac"}, 
{"path": "110/res/image/", "name": "ui_win_count.png", "md5": "64f87082964f0e0dc2e522ba6df32737"}, 
{"path": "110/res/image/", "name": "ulist_rank_no.png", "md5": "e30776c9426ae1d0e648f6241b7641c9"}, 
{"path": "110/res/image/", "name": "ulist_shuzi.png", "md5": "827a56d50dbfadbebc73bba615ddb9c6"}, 
{"path": "110/res/image/", "name": "wenhao.png", "md5": "43479b50e63b956776eec7ec5038c06d"}, 
{"path": "110/res/image/", "name": "wenhao1.png", "md5": "55178b43f79544602e5de098bfa8f2ae"}, 
{"path": "110/res/image/", "name": "xiazhuang.png", "md5": "e3557cd81748f37e853e5c44ae00cd11"}, 
{"path": "110/res/image/", "name": "xiazhuang2.png", "md5": "e3557cd81748f37e853e5c44ae00cd11"}, 
{"path": "110/res/image/", "name": "xutou1.png", "md5": "d023f0c5e014a911c742b642a8d694f4"}, 
{"path": "110/res/image/", "name": "xutou2.png", "md5": "b0299e16fa5cb671d1772d090203749c"}, 
{"path": "110/res/image/", "name": "xutou_goldbg.png", "md5": "88d60b1ef18805215c0796d0b7b1dbe3"}, 
{"path": "110/res/image/", "name": "xutou_num.png", "md5": "49c665441dc9080f9ef8f9e63143a120"}, 
{"path": "110/res/image/", "name": "yinliang.png", "md5": "0708390e1bb703bab6ca4fa779c7dfbd"}, 
{"path": "110/res/image/", "name": "yinliang1.png", "md5": "6f767f3d0b8c904b9d0645043bd912d2"}, 
{"path": "110/res/image/", "name": "zaixian.png", "md5": "0707fe75f1b56015b93d3ab371fd656b"}, 
{"path": "110/res/image/", "name": "zuang.png", "md5": "ea12ffad5ecf832f706d8f5379b582c4"}, 
{"path": "110/res/image/", "name": "zuobian.png", "md5": "9d63dfd68a70cc55c588f2871f2b804d"}, 
{"path": "110/res/image/", "name": "zuobian1.png", "md5": "2e5926ce61a5f3924774359eb0981464"}, 
{"path": "110/res/ludan/", "name": "faguang3.png", "md5": "6f26a64f33e8512518e8e4b524da19eb"}, 
{"path": "110/res/ludan/", "name": "ludan1.png", "md5": "33b0dd37c4a7141016df8b7e82de6243"}, 
{"path": "110/res/ludan/", "name": "ludan10.png", "md5": "6224ece1ef4263666069b6369b483564"}, 
{"path": "110/res/ludan/", "name": "ludan11.png", "md5": "59d6ca12535f001739091369be811f95"}, 
{"path": "110/res/ludan/", "name": "ludan12.png", "md5": "d59892ff17a17085ddb951a216700306"}, 
{"path": "110/res/ludan/", "name": "ludan2.png", "md5": "a4320eeab48b8fe051fec73b0a1f6d04"}, 
{"path": "110/res/ludan/", "name": "ludan3.png", "md5": "472452b83d44297cd84f2f562a7e06b9"}, 
{"path": "110/res/ludan/", "name": "ludan4.png", "md5": "5fb79aa703b61246d014b27881858971"}, 
{"path": "110/res/ludan/", "name": "ludan5.png", "md5": "e63e75d6da565dfb378faa1244807a75"}, 
{"path": "110/res/ludan/", "name": "ludan6.png", "md5": "0cc49e2949577bc3daf7f34acb66c564"}, 
{"path": "110/res/ludan/", "name": "ludan7.png", "md5": "001aae987d03e509a54e038ac50bec8f"}, 
{"path": "110/res/ludan/", "name": "ludan8.png", "md5": "cdcf25789e8ab7eb4d506728aba5b55c"}, 
{"path": "110/res/ludan/", "name": "ludan9.png", "md5": "9dbef40f22ef3493806b1bbdc9b291d4"}, 
{"path": "110/res/plist/", "name": "onlinelist.plist", "md5": "5900b7d2c038c5dc422195f647a90f02"}, 
{"path": "110/res/plist/", "name": "onlinelist.png", "md5": "73bbc35a62a81ac9460cadbdb45db9e4"}, 
{"path": "110/res/plist/", "name": "tableuserItem.plist", "md5": "544209c61a88628c479251e53d215793"}, 
{"path": "110/res/plist/", "name": "tableuserItem.png", "md5": "efcd89ed4572ac4400a928d469483096"}, 
{"path": "110/res/roomlist/", "name": "bar.png", "md5": "2a30fe2a9dafb38b16a071d0ddd16605"}, 
{"path": "110/res/roomlist/", "name": "chuangqi.png", "md5": "92c275119df5cff087595c84fb508200"}, 
{"path": "110/res/roomlist/", "name": "endbg.png", "md5": "bbb566781988863ad0224ca368960a81"}, 
{"path": "110/res/roomlist/", "name": "feiqin.png", "md5": "c1790eb2f4979400a9e63f2a9392e5d3"}, 
{"path": "110/res/roomlist/", "name": "goBtn.png", "md5": "952d263c9f9e3dad1625dc2b5be6a0be"}, 
{"path": "110/res/roomlist/", "name": "ludanbg.png", "md5": "5c05248de83190a9b539f789628f485b"}, 
{"path": "110/res/roomlist/", "name": "ludanbg2.png", "md5": "a6da39c03fd464a9bca6844c1f59c936"}, 
{"path": "110/res/roomlist/", "name": "ludanbg3.png", "md5": "11cb485f2d6cccd0de05ef916d8e2138"}, 
{"path": "110/res/roomlist/", "name": "resultbg.png", "md5": "1b0bc6ebe19738ae10ec2ef51f1ba45d"}, 
{"path": "110/res/roomlist/", "name": "resulticon.png", "md5": "66bedd4978d0503580d66399484dcbef"}, 
{"path": "110/res/roomlist/", "name": "rongyao.png", "md5": "b231f5bd3f67014e0a1ab54c69cb9008"}, 
{"path": "110/res/roomlist/", "name": "roomAts.png", "md5": "7555701ed3657fa19303703584ac2e8f"}, 
{"path": "110/res/roomlist/", "name": "roomLayer.csb", "md5": "e40d61b5e21e3452de9621f80de77d24"}, 
{"path": "110/res/roomlist/", "name": "shayu.png", "md5": "4a743339e7e25af1bbb4c780087bbdae"}, 
{"path": "110/res/roomlist/", "name": "suzi.png", "md5": "7a0bfc16c4f3d9da244ff83e9c32e8ab"}, 
{"path": "110/res/roomlist/", "name": "tongchi.png", "md5": "fa793eea8885bcdd31470d921d276d20"}, 
{"path": "110/res/roomlist/", "name": "tongpei.png", "md5": "371079b69ce07b9aceda9ee75147f4c1"}, 
{"path": "110/res/roomlist/", "name": "xiaotuzi.png", "md5": "e63e75d6da565dfb378faa1244807a75"}, 
{"path": "110/res/roomlist/", "name": "xiazhu.png", "md5": "dcba1d77e9412942ff8b1942a9d3bf35"}, 
{"path": "110/res/roomlist/", "name": "zoushou.png", "md5": "efe96f598819a82e8c1bdd23f909edc3"}, 
{"path": "110/res/roomlist/", "name": "zunxiang.png", "md5": "a17e3d51d6b75b0aecbe7f82ef911824"}, 
{"path": "110/res/sound_res/", "name": "animate1.mp3", "md5": "8648b5c444cdb0151e5b028d6f982e49"}, 
{"path": "110/res/sound_res/", "name": "animate10.mp3", "md5": "686ad0542b6edb2a2a0076c1f5873f51"}, 
{"path": "110/res/sound_res/", "name": "animate11.mp3", "md5": "d31cfdeb36c5adece62a45aadfd85714"}, 
{"path": "110/res/sound_res/", "name": "animate12.mp3", "md5": "c2773d225cd7e27930f21038307ae69f"}, 
{"path": "110/res/sound_res/", "name": "animate2.mp3", "md5": "85ca4f2f6230b1ec73d4971577b14c91"}, 
{"path": "110/res/sound_res/", "name": "animate3.mp3", "md5": "1c4965ed37f6a8524126eaf3fcebf5a6"}, 
{"path": "110/res/sound_res/", "name": "animate4.mp3", "md5": "5b47f8c5aa398927520f10c0367d00fe"}, 
{"path": "110/res/sound_res/", "name": "animate5.mp3", "md5": "36aa23abb6c14bbe91b5620fe9aeede4"}, 
{"path": "110/res/sound_res/", "name": "animate6.mp3", "md5": "c2ad50fc0b57abaa2e00c42e652c399a"}, 
{"path": "110/res/sound_res/", "name": "animate7.mp3", "md5": "f12892d06ce46bb84994c6f163c692ab"}, 
{"path": "110/res/sound_res/", "name": "animate8.mp3", "md5": "49a7020116471d7eccbedefd207e5936"}, 
{"path": "110/res/sound_res/", "name": "animate9.mp3", "md5": "8ec385e490f5e19ca5304060097e889f"}, 
{"path": "110/res/sound_res/", "name": "background.mp3", "md5": "fc0e6ce1d6b812213b05de933353b2ee"}, 
{"path": "110/res/sound_res/", "name": "beganjetton.mp3", "md5": "b3d7dff10ac477162e71e6afabca350a"}, 
{"path": "110/res/sound_res/", "name": "beganjetton_vocie.mp3", "md5": "8190e3861223e45f18dc5c7351fab3c5"}, 
{"path": "110/res/sound_res/", "name": "changebanker.mp3", "md5": "abd0fe87139246b56de78fa5352799b9"}, 
{"path": "110/res/sound_res/", "name": "clickArea.mp3", "md5": "9475a66c0e7e830ef509efc9fe34fa82"}, 
{"path": "110/res/sound_res/", "name": "clickjetton.mp3", "md5": "852bd0241ec5495a982a0013d18c2d5a"}, 
{"path": "110/res/sound_res/", "name": "clockring.mp3", "md5": "2289d760b4eb6323faf9940e63dd000a"}, 
{"path": "110/res/sound_res/", "name": "countdown_1.wav", "md5": "aedcd1ceb51e805bc2311773ba23494b"}, 
{"path": "110/res/sound_res/", "name": "countdown_2.wav", "md5": "a82aeec41d52f3bdb9478cbfd86e227b"}, 
{"path": "110/res/sound_res/", "name": "countdown_3.wav", "md5": "979efa106d06ebfae988f73dbccb287e"}, 
{"path": "110/res/sound_res/", "name": "countdown_go.wav", "md5": "a1a4c9b55476a373a28153ac11dbe0d8"}, 
{"path": "110/res/sound_res/", "name": "endjetton.mp3", "md5": "c3b62ce817a1a7ed0f9f7f66c88bcb4f"}, 
{"path": "110/res/sound_res/", "name": "endjetton_vocie.mp3", "md5": "5091f8d417563666ec01411b23f2cf32"}, 
{"path": "110/res/sound_res/", "name": "endlingdang.mp3", "md5": "d8dd8985b50b9424d74bdc7578f417bc"}, 
{"path": "110/res/sound_res/", "name": "jettonflytoplayer.mp3", "md5": "f8d6a6eb74000335dc0c47246ebe8522"}, 
{"path": "110/res/sound_res/", "name": "jiesuandaliang.mp3", "md5": "23cae905e8bfd4f4e4f13cb202332c5a"}, 
{"path": "110/res/sound_res/", "name": "lucky.wav", "md5": "3af19a91cdbc05271bcb1504ea95884c"}, 
{"path": "110/res/sound_res/", "name": "pressed_fruit_1.wav", "md5": "65450fcaf2f39a561324bee88fc8b482"}, 
{"path": "110/res/sound_res/", "name": "shaoliang.mp3", "md5": "08f8e76afee84de58b32261bcc2620c0"}, 
{"path": "110/res/sound_res/", "name": "shedeng.wav", "md5": "8abf83acb06cc0cbf4c01e765cb111f1"}, 
{"path": "110/res/sound_res/", "name": "slot_begin.mp3", "md5": "69a92db985e30b169dd3da8100e19083"}, 
{"path": "110/res/sound_res/", "name": "slot_end.wav", "md5": "59aaa2fd6d11f92b0562d8b630a232ef"}, 
{"path": "110/res/sound_res/", "name": "slot_fast.mp3", "md5": "007349ae74f404b15379dad6136619c6"}, 
{"path": "110/res/sound_res/", "name": "slot_slowdown.mp3", "md5": "a167a3b1722a41db96b62534949df50b"}, 
{"path": "110/res/sound_res/", "name": "zhuangjiatuntu.mp3", "md5": "24b37bb7f2d3a77609fd19a574cd6e95"}, 
{"path": "110/res/", "name": "userlistLayer.csb", "md5": "6ab69f2a01bea4d22ff6cc498691028b"}, 
{"path": "110/src/models/", "name": "CMD_Game.luac", "md5": "c72550c165fc0d72ef5e0163e4af7571"}, 
{"path": "110/src/views/", "name": "GameLayer.luac", "md5": "edad758f886e6ff20c3a1a04230005de"}, 
{"path": "110/src/views/", "name": "GameRoomListLayer.luac", "md5": "e4c9b2e84ab8c6807726d8dfe3655812"}, 
{"path": "110/src/views/layer/", "name": "ControlLayer.luac", "md5": "86cd6e21d02930474991956792921cd4"}, 
{"path": "110/src/views/layer/", "name": "GameViewLayer.luac", "md5": "ffb04ac70c3c92cdce3c3f563326080d"}, 
{"path": "110/src/views/layer/", "name": "RuleLayer.luac", "md5": "6b515ae6d2715ddd565685fa416602ca"}, 
{"path": "110/src/views/layer/", "name": "UserListLayer.luac", "md5": "5553b9a15afffadfe563c060bdbc3ba7"}, 
{"path": "110/src/views/", "name": "RoomView.luac", "md5": "00354f17ce102cf18d0ed29bb4a18adf"}, 
{"path": "110/src/views/", "name": "RoomWallLayer.luac", "md5": "3aab0fd3eda2c5ec61abf5cc4970565b"}, 
{"allcount": 291}]}