{ "listdata": [{"path": "104/res/animation/hongheidazhan_guowanghuanghou/", "name": "hongheidazhan_guowanghuanghou.ExportJson", "md5": "f91bca4462fe0106b054e6d6d52076aa"}, 
{"path": "104/res/animation/hongheidazhan_guowanghuanghou/", "name": "hongheidazhan_guowanghuanghou0.plist", "md5": "c8e66773ce0eddeca923bd965e06c5c2"}, 
{"path": "104/res/animation/hongheidazhan_guowanghuanghou/", "name": "hongheidazhan_guowanghuanghou0.png", "md5": "59cc8cbbd7f0a089165494adbb42efc6"}, 
{"path": "104/res/animation/hongheidazhan_guowanghuanghou/", "name": "hongheidazhan_guowanghuanghou1.plist", "md5": "ad9c79b58266296cda1b6c5b2a20a92f"}, 
{"path": "104/res/animation/hongheidazhan_guowanghuanghou/", "name": "hongheidazhan_guowanghuanghou1.png", "md5": "26044503ae3ce9eb7d814fed68784fa2"}, 
{"path": "104/res/animation/hongheidazhan_paixingtexiao/", "name": "hongheidazhan_paixingtexiao.ExportJson", "md5": "421ba93431b9430f8391ea1f1f930a69"}, 
{"path": "104/res/animation/hongheidazhan_paixingtexiao/", "name": "hongheidazhan_paixingtexiao0.plist", "md5": "2037ff56b8e433567ab8ab8d447b71ed"}, 
{"path": "104/res/animation/hongheidazhan_paixingtexiao/", "name": "hongheidazhan_paixingtexiao0.png", "md5": "b8f94100c071bad7e1fd1897c5cd8cc3"}, 
{"path": "104/res/animation/hongheidazhan_vsdonghua/", "name": "hongheidazhan_vsdonghua.ExportJson", "md5": "67bea6c49793c987b9ab7ecf415f2fc8"}, 
{"path": "104/res/animation/hongheidazhan_vsdonghua/", "name": "hongheidazhan_vsdonghua0.plist", "md5": "d5f9500a349710534b0b0e7b3e2ed4f9"}, 
{"path": "104/res/animation/hongheidazhan_vsdonghua/", "name": "hongheidazhan_vsdonghua0.png", "md5": "3100e4aa1457e2649d1c66e81a01b2c9"}, 
{"path": "104/res/animation/hongheidazhan_vsdonghua/", "name": "hongheidazhan_vsdonghua1.plist", "md5": "9626747c60f974f2f3165f6819f694ca"}, 
{"path": "104/res/animation/hongheidazhan_vsdonghua/", "name": "hongheidazhan_vsdonghua1.png", "md5": "db588921a2756df0bade167182073c67"}, 
{"path": "104/res/animation/hongheidazhan_vsdonghua/", "name": "hongheidazhan_vsdonghua2.plist", "md5": "afbe383b8116ac4935cb206987d04f82"}, 
{"path": "104/res/animation/hongheidazhan_vsdonghua/", "name": "hongheidazhan_vsdonghua2.png", "md5": "1a6ce907ffb9969d02cb2f11abf71759"}, 
{"path": "104/res/animation/startbetting/", "name": "bairenniuniu_kaishixiazhu.ExportJson", "md5": "de5be1c19c0d6f87424d2126d0c643e7"}, 
{"path": "104/res/animation/startbetting/", "name": "bairenniuniu_kaishixiazhu0.plist", "md5": "9652ee2d0d3b99e03f8f8627737c1b6e"}, 
{"path": "104/res/animation/startbetting/", "name": "bairenniuniu_kaishixiazhu0.png", "md5": "ffac2d2c94c09f5f34968076b1930058"}, 
{"path": "104/res/", "name": "bet_chip.plist", "md5": "973185cb3ae9561107868b7970967e5f"}, 
{"path": "104/res/", "name": "bet_chip.png", "md5": "1aef4ba4339867fb635c8699ce22441b"}, 
{"path": "104/res/black_red/", "name": "beijing.jpg", "md5": "b860f89e814b790d546b3f651f8479dc"}, 
{"path": "104/res/black_red/", "name": "blackredGameLayer.csb", "md5": "27f20d5e37c99ff9f8c92c5ce9720cf7"}, 
{"path": "104/res/black_red/", "name": "blacksp.png", "md5": "631c5d7b18b1f538e7099f8b8464dff4"}, 
{"path": "104/res/black_red/", "name": "BrifeLuziLayer.csb", "md5": "c8bcd8476489dc37f42da34f252e3b2c"}, 
{"path": "104/res/black_red/", "name": "cardNode.csb", "md5": "2662481a87f09844ecbc7b90a9533030"}, 
{"path": "104/res/black_red/", "name": "card_type_0.png", "md5": "f04f537bb3881354e98acb07282787d2"}, 
{"path": "104/res/black_red/", "name": "card_type_1.png", "md5": "cd2a0f30ba4cedf82305de66ec3a1513"}, 
{"path": "104/res/black_red/", "name": "card_type_2.png", "md5": "f509d449f219cc6fa588347533c78b1a"}, 
{"path": "104/res/black_red/", "name": "card_type_3.png", "md5": "2c36ef84bcd4ff06b0f89fd33a4c519c"}, 
{"path": "104/res/black_red/", "name": "card_type_4.png", "md5": "d41bf2196d59f5e9ba9a3ca2efe0de16"}, 
{"path": "104/res/black_red/", "name": "card_type_5.png", "md5": "ca418b7814d3961913d7da73eeed33fd"}, 
{"path": "104/res/black_red/", "name": "clocknumber.png", "md5": "0d762379fbafd6eebf1ed0a97c8a7916"}, 
{"path": "104/res/black_red/", "name": "close.png", "md5": "96b3a37b4d4f5f813e27436018c854ef"}, 
{"path": "104/res/black_red/", "name": "dan.png", "md5": "4a7bdd472d315664200d368675b8478d"}, 
{"path": "104/res/black_red/", "name": "dan2.png", "md5": "0b9b9b7a18e9d447c5539f249143e9e8"}, 
{"path": "104/res/black_red/", "name": "dengdaixiayiju.png", "md5": "013e374581198e5984c3ad924a478a16"}, 
{"path": "104/res/black_red/", "name": "diban.png", "md5": "8ac2d19b12af112ae6b1c839fa2a4924"}, 
{"path": "104/res/black_red/", "name": "faguangyou.png", "md5": "289ee3937973f7ca6a31deeaaa60e617"}, 
{"path": "104/res/black_red/", "name": "faguangzhong.png", "md5": "fa4c4c116353bcf344d36c2ff43835c2"}, 
{"path": "104/res/black_red/", "name": "faguangzuo.png", "md5": "591fe1d5ee5702d45e61a579147a3d81"}, 
{"path": "104/res/black_red/", "name": "fanhui.png", "md5": "18b1d62185b63dbadae556c16014e9b4"}, 
{"path": "104/res/black_red/", "name": "fanhui1.png", "md5": "865d359c814ef333ed3534b159543c1b"}, 
{"path": "104/res/black_red/", "name": "guowang.png", "md5": "4093ab184dc959afffe90f62a54932a5"}, 
{"path": "104/res/black_red/", "name": "heikuai.png", "md5": "ad9150676588c335a2210e82afeb3dbf"}, 
{"path": "104/res/black_red/", "name": "heikuang.png", "md5": "eaa836025a3d7c89ae072f1e971471e2"}, 
{"path": "104/res/black_red/", "name": "hongheizoushi.png", "md5": "d8e7fa1c0481c9b96d2fedf907d168c1"}, 
{"path": "104/res/black_red/", "name": "huanghou.png", "md5": "0ffdb4103f2b496d2625a99aec031276"}, 
{"path": "104/res/black_red/", "name": "JettonNode.csb", "md5": "1137d1c1ccdb2056573936415eb560d5"}, 
{"path": "104/res/black_red/", "name": "jin20.png", "md5": "d56f9e5c9cde53bb289479ea73fb1d15"}, 
{"path": "104/res/black_red/", "name": "jinyin1.png", "md5": "1837778b866603f886777970efca384f"}, 
{"path": "104/res/black_red/", "name": "kuang.png", "md5": "e9356e123c9c24da1590345ef4261cec"}, 
{"path": "104/res/black_red/", "name": "ludan9.png", "md5": "3727da68fe0b92715838e7fd7fdf450d"}, 
{"path": "104/res/black_red/", "name": "ludandi.png", "md5": "c46841f2a644ca6e36f257726a080abc"}, 
{"path": "104/res/black_red/", "name": "ludanline.png", "md5": "e7c33b703bc7c62ec28b0eebef2b8963"}, 
{"path": "104/res/black_red/", "name": "LuZiLayer.csb", "md5": "339a8082f2ba63f9e94616ae0fa372ba"}, 
{"path": "104/res/black_red/", "name": "meNode.csb", "md5": "b70951838b24adc1616c2624c1baa674"}, 
{"path": "104/res/black_red/", "name": "m_bg.png", "md5": "8ac2d19b12af112ae6b1c839fa2a4924"}, 
{"path": "104/res/black_red/", "name": "new.png", "md5": "0027272c4b4190f39b8004a4a5b7456f"}, 
{"path": "104/res/black_red/", "name": "paiheidi.png", "md5": "c0d197fccc3baec9c4dc28ab44a3339f"}, 
{"path": "104/res/black_red/", "name": "pailu.png", "md5": "c676a654a0ddb8de8b7e6be96fc1aa20"}, 
{"path": "104/res/black_red/", "name": "paixin.png", "md5": "96800cce976f4a6981774c8c772ac8a0"}, 
{"path": "104/res/black_red/", "name": "quan_1.png", "md5": "fff2e9219ca5433bcd6bf2bea1bb8e19"}, 
{"path": "104/res/black_red/", "name": "quan_2.png", "md5": "402509b15ef4589eff91914c7ad48598"}, 
{"path": "104/res/black_red/", "name": "redkuai.png", "md5": "f8bb4252a95d5ae6af403e2046d7c7d0"}, 
{"path": "104/res/black_red/", "name": "redsp.png", "md5": "b3deb553fdf2e522779f2b890c4470c2"}, 
{"path": "104/res/black_red/", "name": "sidai.png", "md5": "3c8e1f80c3d259e39511bbc1841eab89"}, 
{"path": "104/res/black_red/", "name": "table_bg.png", "md5": "c067a964fbeaa9029eec0211dab94dfc"}, 
{"path": "104/res/black_red/", "name": "tipbg.png", "md5": "6af4ce73f93a036027878075bc466abd"}, 
{"path": "104/res/black_red/", "name": "topsp1.png", "md5": "1c39e2293d13a0d479d4240321e2e007"}, 
{"path": "104/res/black_red/", "name": "topsp1_1.png", "md5": "1a2980544348407679cecb8d6e18adca"}, 
{"path": "104/res/black_red/", "name": "topsp2.png", "md5": "623a0a0f8b9b4e98ea92d3a050a3fc1b"}, 
{"path": "104/res/black_red/", "name": "topsp2_1.png", "md5": "1eeef7cc5c9bbaf8d9f0b109030036b8"}, 
{"path": "104/res/black_red/", "name": "topsp3.png", "md5": "69375f894391731232ea249a0283528c"}, 
{"path": "104/res/black_red/", "name": "topsp3_1.png", "md5": "08424742f8670be7c48acc524098238e"}, 
{"path": "104/res/black_red/", "name": "toumi.png", "md5": "788d9e7b20fd6d84172135fe63ff0943"}, 
{"path": "104/res/black_red/", "name": "tuoyuan.png", "md5": "e78857510781017f88a630aaf85bb4f1"}, 
{"path": "104/res/black_red/", "name": "vs.png", "md5": "ce0506536ed64c590c59c02c17b82533"}, 
{"path": "104/res/black_red/", "name": "waitdi.png", "md5": "2192b2265b710964075d7df9cba7151b"}, 
{"path": "104/res/black_red/", "name": "wenhao.png", "md5": "43479b50e63b956776eec7ec5038c06d"}, 
{"path": "104/res/black_red/", "name": "wenhao1.png", "md5": "55178b43f79544602e5de098bfa8f2ae"}, 
{"path": "104/res/black_red/", "name": "xinyun.png", "md5": "e51f327899c88dca6ce1dcafda3438f9"}, 
{"path": "104/res/black_red/", "name": "xinyun2.png", "md5": "04c420713d69cc68c9d76c745eb76f69"}, 
{"path": "104/res/black_red/", "name": "xiuxiyixia.png", "md5": "fe2e865dd6d40bf71e67a4d1aada8364"}, 
{"path": "104/res/black_red/", "name": "xutou1.png", "md5": "d023f0c5e014a911c742b642a8d694f4"}, 
{"path": "104/res/black_red/", "name": "xutou2.png", "md5": "b0299e16fa5cb671d1772d090203749c"}, 
{"path": "104/res/black_red/", "name": "xutou_goldbg.png", "md5": "88d60b1ef18805215c0796d0b7b1dbe3"}, 
{"path": "104/res/black_red/", "name": "xutou_num.png", "md5": "724ae14940c117779287244acd9518f3"}, 
{"path": "104/res/black_red/", "name": "yinliang.png", "md5": "0708390e1bb703bab6ca4fa779c7dfbd"}, 
{"path": "104/res/black_red/", "name": "yinliang1.png", "md5": "6f767f3d0b8c904b9d0645043bd912d2"}, 
{"path": "104/res/black_red/", "name": "zaixian.png", "md5": "0707fe75f1b56015b93d3ab371fd656b"}, 
{"path": "104/res/black_red/", "name": "zoushi.png", "md5": "bb9dae621db6507410331d451ab4c810"}, 
{"path": "104/res/black_red/", "name": "zousi.png", "md5": "7958e6fc4789d50376c1f6a8a8283452"}, 
{"path": "104/res/black_red/", "name": "zuobian.png", "md5": "2e5926ce61a5f3924774359eb0981464"}, 
{"path": "104/res/control_new/", "name": "androidlist_bg.png", "md5": "fe92ec376e1ef4cf92728499d8564e35"}, 
{"path": "104/res/control_new/", "name": "android_btn.png", "md5": "345b6e7682058105b4152991edd53d87"}, 
{"path": "104/res/control_new/", "name": "bg.png", "md5": "35cb9aad09c71617b294bcf176d2df3a"}, 
{"path": "104/res/control_new/", "name": "btnAdd_0.png", "md5": "3867f5f3bd8a1ff3551ad41673cc5414"}, 
{"path": "104/res/control_new/", "name": "btnAdd_1.png", "md5": "8386a4bc5dd74646065f226a9fa86990"}, 
{"path": "104/res/control_new/", "name": "btnCancel.png", "md5": "dcf3ab0da1b0328676885efbc221d099"}, 
{"path": "104/res/control_new/", "name": "btnClose.png", "md5": "e1d71453d18a852b4fd1ba3ac9333e87"}, 
{"path": "104/res/control_new/", "name": "btnTip.png", "md5": "4fa05578d14664c78b4e9584f1697b2d"}, 
{"path": "104/res/control_new/", "name": "btn_area10_0.png", "md5": "d53f31d0f00cc4eae81259f49670a1ef"}, 
{"path": "104/res/control_new/", "name": "btn_area10_1.png", "md5": "72f15072734f12035eaa145a85c71505"}, 
{"path": "104/res/control_new/", "name": "btn_area11_0.png", "md5": "e62547a62ce47071f26e762e63628bf4"}, 
{"path": "104/res/control_new/", "name": "btn_area11_1.png", "md5": "473799e3fdcd48ac049641337eaebd3f"}, 
{"path": "104/res/control_new/", "name": "btn_area12_0.png", "md5": "f68511059ad573026f6e543d67161e4d"}, 
{"path": "104/res/control_new/", "name": "btn_area12_1.png", "md5": "a725252005a5efe6982897063df72704"}, 
{"path": "104/res/control_new/", "name": "btn_area13_0.png", "md5": "3e4e70673f3cfbc4482038f6e4c33070"}, 
{"path": "104/res/control_new/", "name": "btn_area13_1.png", "md5": "4e12defbde408699bed4df8f75030607"}, 
{"path": "104/res/control_new/", "name": "btn_area14_0.png", "md5": "c00b336f659357d2ce408952c291b469"}, 
{"path": "104/res/control_new/", "name": "btn_area14_1.png", "md5": "12c69a32f5701066a8afaaaa6791a8d5"}, 
{"path": "104/res/control_new/", "name": "btn_area15_0.png", "md5": "ac847c728f21e120379fe4026992a786"}, 
{"path": "104/res/control_new/", "name": "btn_area15_1.png", "md5": "cdbd17392a007a3ce5f1c83e5c61e413"}, 
{"path": "104/res/control_new/", "name": "btn_area1_0.png", "md5": "0f3741c2a17520719adebb5a9d8803a2"}, 
{"path": "104/res/control_new/", "name": "btn_area1_1.png", "md5": "425bf7497163551141a9e0e6a0c99e0e"}, 
{"path": "104/res/control_new/", "name": "btn_area2_0.png", "md5": "f095b11366bdea146731434ff46fa9ce"}, 
{"path": "104/res/control_new/", "name": "btn_area2_1.png", "md5": "6d447d2be64acd6730a22c2c388b55a2"}, 
{"path": "104/res/control_new/", "name": "btn_area3_0.png", "md5": "27949607f40a93412a8166fe1b72f601"}, 
{"path": "104/res/control_new/", "name": "btn_area3_1.png", "md5": "bfa65704d954c8af23b6d2b4868e1cf9"}, 
{"path": "104/res/control_new/", "name": "btn_area4_0.png", "md5": "e6a5c12cfb9ebf1a93def0848e5c095d"}, 
{"path": "104/res/control_new/", "name": "btn_area4_1.png", "md5": "17e65953f78f9306ae7919d6ea164299"}, 
{"path": "104/res/control_new/", "name": "btn_area5_0.png", "md5": "e0410e6fe24277e6cc97d989071b6540"}, 
{"path": "104/res/control_new/", "name": "btn_area5_1.png", "md5": "43e6bd256b411a7884815f2088168a6b"}, 
{"path": "104/res/control_new/", "name": "btn_area6_0.png", "md5": "856870399adc899977134076c9bb3fc5"}, 
{"path": "104/res/control_new/", "name": "btn_area6_1.png", "md5": "f82d0edf7dae24a61aaba7d68b4be72d"}, 
{"path": "104/res/control_new/", "name": "btn_area7_0.png", "md5": "0315ed4aa52f6dbb65d438e15ea84cd6"}, 
{"path": "104/res/control_new/", "name": "btn_area7_1.png", "md5": "7b24edee35094b4d5d63df383a4d487f"}, 
{"path": "104/res/control_new/", "name": "btn_area8_0.png", "md5": "f393c7c2528ef3ec9eb0c3a102376723"}, 
{"path": "104/res/control_new/", "name": "btn_area8_1.png", "md5": "93273f9f56196f75e44315cdc2e8c0dc"}, 
{"path": "104/res/control_new/", "name": "btn_area9_0.png", "md5": "6469c2e04d5a000cec3870a46a755ba3"}, 
{"path": "104/res/control_new/", "name": "btn_area9_1.png", "md5": "43daf5c865115c77d915d34df454cf7d"}, 
{"path": "104/res/control_new/", "name": "btn_delect_0.png", "md5": "9881a337f6c2b675a51b8b9f8539554e"}, 
{"path": "104/res/control_new/", "name": "btn_delect_1.png", "md5": "0a3bed7f189f7ff46de20f94c9b0340a"}, 
{"path": "104/res/control_new/", "name": "btn_downBanker_0.png", "md5": "3b3176ff915e7883e92d4f1ecf779c96"}, 
{"path": "104/res/control_new/", "name": "btn_downBanker_1.png", "md5": "ed120f2995dfa48d0efa7b57536e1910"}, 
{"path": "104/res/control_new/", "name": "btn_execute.png", "md5": "f548166979bd0254acc91ffdabe0513c"}, 
{"path": "104/res/control_new/", "name": "btn_gameid.png", "md5": "694d75707c97ea657da5df9f2e820d79"}, 
{"path": "104/res/control_new/", "name": "btn_selectTimes.png", "md5": "7a90ac19e0aa04530c5ed0c79c8d04ef"}, 
{"path": "104/res/control_new/", "name": "btn_send_0.png", "md5": "2273e35ead6fcd6b90b5f50b391f5e4e"}, 
{"path": "104/res/control_new/", "name": "btn_send_1.png", "md5": "cbed259368de9f93ae0552829f470ef6"}, 
{"path": "104/res/control_new/", "name": "btn_times_bg.png", "md5": "42b06eacffcd4027168bae10ad6930b8"}, 
{"path": "104/res/control_new/", "name": "btn_top_0.png", "md5": "0f699ea7a58d34e666df0975eabe53b5"}, 
{"path": "104/res/control_new/", "name": "btn_top_1.png", "md5": "b9adbaecbe7c244eab4ab1cc86c4e0b9"}, 
{"path": "104/res/control_new/", "name": "bt_times_1.png", "md5": "75f683de47b59a83d9ffc8e5fed4e153"}, 
{"path": "104/res/control_new/", "name": "bt_times_2.png", "md5": "3bdaca4d1d5c141b4a2e39cf8f77b36c"}, 
{"path": "104/res/control_new/", "name": "bt_times_3.png", "md5": "aea4a75d50fd3f9189d784133377cb1f"}, 
{"path": "104/res/control_new/", "name": "bt_times_4.png", "md5": "ad81d2e4d5f878255f8cfbfe80e2529f"}, 
{"path": "104/res/control_new/", "name": "bt_times_5.png", "md5": "f138732a7cd20bd7c63b8e8c3b311f84"}, 
{"path": "104/res/control_new/", "name": "close_btn.png", "md5": "ec105f806f4b59c370fd42e17be1df6e"}, 
{"path": "104/res/control_new/", "name": "controling_1.png", "md5": "fd9e8df8e825489eff12dd3f3f087baf"}, 
{"path": "104/res/control_new/", "name": "controling_2.png", "md5": "3a16db67ff8bf9eccb331fa06620c0a0"}, 
{"path": "104/res/control_new/", "name": "ControlLayer.csb", "md5": "ed92b00a3a35e9012f57bd7e7a30fdbb"}, 
{"path": "104/res/control_new/", "name": "data_bg.png", "md5": "ed6b3d3628f43f5dd26be56d72d87369"}, 
{"path": "104/res/control_new/", "name": "ErrorControlArea.png", "md5": "ecff0cec8cc08c7a61da48385ff58cd9"}, 
{"path": "104/res/control_new/", "name": "image_2.png", "md5": "5efa55145834ed8a3167c351d9c24cf9"}, 
{"path": "104/res/control_new/", "name": "image_3.png", "md5": "69ded63f2a6ba80c86f13064f124087a"}, 
{"path": "104/res/control_new/", "name": "line.png", "md5": "4584ff7fd0ecfd8a44379b7f4e7419d6"}, 
{"path": "104/res/control_new/", "name": "nick_put.png", "md5": "fdd74b59c5906391c896faefd267aa8f"}, 
{"path": "104/res/control_new/", "name": "NoControlArea.png", "md5": "bc5360b42e8ad80675aa9d2d191515f5"}, 
{"path": "104/res/control_new/", "name": "NoControlTimes.png", "md5": "ed31e767efbf9eec18de415300fbcb9a"}, 
{"path": "104/res/control_new/", "name": "playerlist_bg.png", "md5": "7a7061709e250549cc940a61ed257221"}, 
{"path": "104/res/control_new/", "name": "player_btn.png", "md5": "b129239282efe4a0ae58e3fe13d1d8ea"}, 
{"path": "104/res/control_new/", "name": "scene_tip_1.png", "md5": "8e8fe257c7577ecf41e49c58281ab3f8"}, 
{"path": "104/res/control_new/", "name": "scene_tip_2.png", "md5": "6dab9e27fe8911424383b24989c7f031"}, 
{"path": "104/res/control_new/", "name": "scene_tip_3.png", "md5": "ffbbe390d8cd16bafd7eb4a58427820c"}, 
{"path": "104/res/control_new/", "name": "selectArea_1.png", "md5": "eb5060f661e1ff6ed5519e03ccad3d72"}, 
{"path": "104/res/control_new/", "name": "selectArea_2.png", "md5": "90047ce599073aea6bbee8b804ce50b3"}, 
{"path": "104/res/control_new/", "name": "showTimes_1.png", "md5": "4160fe0661266915e77ac12cf6a9d90a"}, 
{"path": "104/res/control_new/", "name": "showTimes_2.png", "md5": "ab3bad548ee7e64d3066a603a7cbe405"}, 
{"path": "104/res/control_new/", "name": "showTimes_3.png", "md5": "97136c709cfa81e2d0bfc9c9a9452c20"}, 
{"path": "104/res/control_new/", "name": "showTimes_4.png", "md5": "9a2f053f56a92b5d70e88490ec2c590c"}, 
{"path": "104/res/control_new/", "name": "showTimes_5.png", "md5": "d6d4fa333f2edfc217bc2ac61af85912"}, 
{"path": "104/res/control_new/", "name": "text_field_space.png", "md5": "010f215d91e246170376b5be66f70b31"}, 
{"path": "104/res/control_new/", "name": "text_put.png", "md5": "c055e828980367aa49727fa0a5168fcc"}, 
{"path": "104/res/control_new/", "name": "timeNum.png", "md5": "891b512301f83e60610fe7c08bfd0c53"}, 
{"path": "104/res/control_new/", "name": "times_bg.png", "md5": "522e92f94f6b491af7749fd709a6b65d"}, 
{"path": "104/res/control_new/", "name": "tip.png", "md5": "83e55eb81bf0ee73c7007d76ab9612e5"}, 
{"path": "104/res/control_new/", "name": "topBtn.png", "md5": "860f2717f49e4521e148bdf9155e37dc"}, 
{"path": "104/res/control_new/", "name": "txt.png", "md5": "3c6bc185c7813b24d4c59362c2f2bec2"}, 
{"path": "104/res/control_new/", "name": "txt_1.png", "md5": "dc4cd2e1830061e6ef1e84fcce1e6887"}, 
{"path": "104/res/Default/", "name": "ImageFile.png", "md5": "8b8ddbe2391511ba6e05d975dd2d9dba"}, 
{"path": "104/res/Default/", "name": "TextAtlas.png", "md5": "f80be8acc64da02fb7f2bf9a6cb644e2"}, 
{"path": "104/res/fonts/", "name": "round_body.ttf", "md5": "7b5c98a23993fb67ff9b05eea70ac37c"}, 
{"path": "104/res/gamerule/", "name": "honghei.png", "md5": "1619b4f18157ab3b771281078c65d98e"}, 
{"path": "104/res/gamerule/", "name": "hongheiname.png", "md5": "6a19cd23992794126457966327add164"}, 
{"path": "104/res/image/", "name": "chip_num.png", "md5": "4a96bc7b2fcdd8d32561c2271c0e30a4"}, 
{"path": "104/res/image/", "name": "clocknumber.png", "md5": "0d762379fbafd6eebf1ed0a97c8a7916"}, 
{"path": "104/res/image/", "name": "qingxiazhu.png", "md5": "b16a61d97a54edee2979265645b4def1"}, 
{"path": "104/res/image/", "name": "shuzi3.png", "md5": "7ba97f0fcd26c3ae4d62cf296669901c"}, 
{"path": "104/res/image/", "name": "shuzi4.png", "md5": "78a584ddf31be616e903783e466cf22f"}, 
{"path": "104/res/image/", "name": "stopbetbg.png", "md5": "2192b2265b710964075d7df9cba7151b"}, 
{"path": "104/res/image/", "name": "tingzhixiazhu.png", "md5": "01cfbaa3d0f8aa3f3b41d88af48ea309"}, 
{"path": "104/res/image/", "name": "ui_chip_bg_1_1.png", "md5": "e0a096f8005de30a940af4e1bd553470"}, 
{"path": "104/res/image/", "name": "ui_chip_bg_1_2.png", "md5": "923520f7b1920b4a61074e0bc0442fdc"}, 
{"path": "104/res/image/", "name": "ui_chip_bg_1_3.png", "md5": "b27be63a5d578bf8f87e4ebb514d1395"}, 
{"path": "104/res/image/", "name": "ui_chip_bg_2_1.png", "md5": "e5e456c89472876bd754b56de91116df"}, 
{"path": "104/res/image/", "name": "ui_chip_bg_2_2.png", "md5": "647328345cdf840bc930556b727b9e1a"}, 
{"path": "104/res/image/", "name": "ui_chip_bg_2_3.png", "md5": "d709c3a390194870bb46705957d93b0f"}, 
{"path": "104/res/image/", "name": "ui_chip_bg_3_1.png", "md5": "fb68ee7aaf7239fd1334a6a34ddd0a08"}, 
{"path": "104/res/image/", "name": "ui_chip_bg_3_2.png", "md5": "4f94f6bd5e59831c53b345f8ec7fe3d8"}, 
{"path": "104/res/image/", "name": "ui_chip_bg_3_3.png", "md5": "221ab9fa1e72a53e632c09732ef19711"}, 
{"path": "104/res/image/", "name": "ui_chip_bg_4_1.png", "md5": "acfb96b7cbb7162fc0999bb1bafc4051"}, 
{"path": "104/res/image/", "name": "ui_chip_bg_4_2.png", "md5": "b68c7615f79eda16949c967c27645ac3"}, 
{"path": "104/res/image/", "name": "ui_chip_bg_4_3.png", "md5": "edfb06a3b6db6aa3e15bcfa026699452"}, 
{"path": "104/res/image/", "name": "ui_chip_bg_5_1.png", "md5": "c328004a553a8eb0574620b8c2c5ab2c"}, 
{"path": "104/res/image/", "name": "ui_chip_bg_5_2.png", "md5": "2fd63bccc804b679e3615b075103b82a"}, 
{"path": "104/res/image/", "name": "ui_chip_bg_5_3.png", "md5": "5c069617dc9214f2fea0cddeae6f3f2a"}, 
{"path": "104/res/image/", "name": "ui_lose_count.png", "md5": "385d81b34f093f13be79d197b0f170ac"}, 
{"path": "104/res/image/", "name": "ui_win_count.png", "md5": "64f87082964f0e0dc2e522ba6df32737"}, 
{"path": "104/res/image/", "name": "ui_xian_bg.png", "md5": "17972ed6307d80647f936bdafecbecb9"}, 
{"path": "104/res/image/", "name": "ulist_rank_no.png", "md5": "e30776c9426ae1d0e648f6241b7641c9"}, 
{"path": "104/res/image/", "name": "ulist_shuzi.png", "md5": "827a56d50dbfadbebc73bba615ddb9c6"}, 
{"path": "104/res/image/", "name": "xiuxiyixia.png", "md5": "e3daff2d00e34c8901515a3087eda4ee"}, 
{"path": "104/res/image/", "name": "xutou_num.png", "md5": "724ae14940c117779287244acd9518f3"}, 
{"path": "104/res/Particle/", "name": "JFCJ007.plist", "md5": "f972ed64d6aa00e6d866f1ce8f017b16"}, 
{"path": "104/res/Particle/", "name": "JFCJ007.png", "md5": "708e1eb558bcb12eb200695ff6c45862"}, 
{"path": "104/res/plist/", "name": "onlinelist.plist", "md5": "5900b7d2c038c5dc422195f647a90f02"}, 
{"path": "104/res/plist/", "name": "onlinelist.png", "md5": "73bbc35a62a81ac9460cadbdb45db9e4"}, 
{"path": "104/res/plist/", "name": "tableuserItem.plist", "md5": "544209c61a88628c479251e53d215793"}, 
{"path": "104/res/plist/", "name": "tableuserItem.png", "md5": "efcd89ed4572ac4400a928d469483096"}, 
{"path": "104/res/", "name": "poker.plist", "md5": "326cf5243d7ab73c4eb12c0378023c89"}, 
{"path": "104/res/", "name": "poker.png", "md5": "2a3e5bb04f4917eff2976d0d2227f82e"}, 
{"path": "104/res/roomlist/", "name": "bar.png", "md5": "2a30fe2a9dafb38b16a071d0ddd16605"}, 
{"path": "104/res/roomlist/", "name": "chuangqi.png", "md5": "92c275119df5cff087595c84fb508200"}, 
{"path": "104/res/roomlist/", "name": "fuhao.png", "md5": "af0345bdc2e23ffb4b67fc7bb7ea9e22"}, 
{"path": "104/res/roomlist/", "name": "goBtn.png", "md5": "952d263c9f9e3dad1625dc2b5be6a0be"}, 
{"path": "104/res/roomlist/", "name": "jin20bg.png", "md5": "e3551302b64b1258ffeb81c98c5b3d0f"}, 
{"path": "104/res/roomlist/", "name": "jin20icon.png", "md5": "009dc788860feea12e0c038867e1448f"}, 
{"path": "104/res/roomlist/", "name": "luckbg.png", "md5": "04c420713d69cc68c9d76c745eb76f69"}, 
{"path": "104/res/roomlist/", "name": "ludanbg.png", "md5": "cdbb64c5f893c2a1b7d0cd286cf53f39"}, 
{"path": "104/res/roomlist/", "name": "ludanbg2.png", "md5": "e203f9ad37a0b067cfaabc988f1bba90"}, 
{"path": "104/res/roomlist/", "name": "ludanbg3.png", "md5": "8463154ad8010066529d78e2d4c67f7e"}, 
{"path": "104/res/roomlist/", "name": "newflag.png", "md5": "0027272c4b4190f39b8004a4a5b7456f"}, 
{"path": "104/res/roomlist/", "name": "norbg.png", "md5": "0b9b9b7a18e9d447c5539f249143e9e8"}, 
{"path": "104/res/roomlist/", "name": "resulticon.png", "md5": "66bedd4978d0503580d66399484dcbef"}, 
{"path": "104/res/roomlist/", "name": "rongyao.png", "md5": "b231f5bd3f67014e0a1ab54c69cb9008"}, 
{"path": "104/res/roomlist/", "name": "roomAts.png", "md5": "7555701ed3657fa19303703584ac2e8f"}, 
{"path": "104/res/roomlist/", "name": "roomLayer.csb", "md5": "89f0d5c0e96a463bd23d34759ab7dc4b"}, 
{"path": "104/res/roomlist/", "name": "suzi.png", "md5": "7a0bfc16c4f3d9da244ff83e9c32e8ab"}, 
{"path": "104/res/roomlist/", "name": "xiazhu.png", "md5": "dcba1d77e9412942ff8b1942a9d3bf35"}, 
{"path": "104/res/roomlist/", "name": "zunxiang.png", "md5": "a17e3d51d6b75b0aecbe7f82ef911824"}, 
{"path": "104/res/", "name": "SitRoleNode.csb", "md5": "9582c3370c7459cf12a76ea889a29644"}, 
{"path": "104/res/", "name": "SitRoleNode2.csb", "md5": "608b34d4045527569d247dd850467b46"}, 
{"path": "104/res/sound_res/", "name": "background.mp3", "md5": "d356f7f63cbc6d8a0c1695ced0a21001"}, 
{"path": "104/res/sound_res/", "name": "beganjetton.mp3", "md5": "b3d7dff10ac477162e71e6afabca350a"}, 
{"path": "104/res/sound_res/", "name": "beganjetton_vocie.mp3", "md5": "8190e3861223e45f18dc5c7351fab3c5"}, 
{"path": "104/res/sound_res/", "name": "card_type_0.mp3", "md5": "f1e0f738f80bff4817860fb0ebb409e8"}, 
{"path": "104/res/sound_res/", "name": "card_type_1.mp3", "md5": "7206c26be9316c616ea0429f4c4808a4"}, 
{"path": "104/res/sound_res/", "name": "card_type_2.mp3", "md5": "32714be8bffa29ccf107f440659855fd"}, 
{"path": "104/res/sound_res/", "name": "card_type_3.mp3", "md5": "2548f43b42a8fe57c580c70e6fbab2ff"}, 
{"path": "104/res/sound_res/", "name": "card_type_4.mp3", "md5": "c23ae88555e37e5600e0a0cdbbcff336"}, 
{"path": "104/res/sound_res/", "name": "card_type_5.mp3", "md5": "254c391cba8ba92bcd0e8e681ab8760d"}, 
{"path": "104/res/sound_res/", "name": "clickArea.mp3", "md5": "9475a66c0e7e830ef509efc9fe34fa82"}, 
{"path": "104/res/sound_res/", "name": "clickjetton.mp3", "md5": "852bd0241ec5495a982a0013d18c2d5a"}, 
{"path": "104/res/sound_res/", "name": "clockring.mp3", "md5": "2289d760b4eb6323faf9940e63dd000a"}, 
{"path": "104/res/sound_res/", "name": "endjetton.mp3", "md5": "c3b62ce817a1a7ed0f9f7f66c88bcb4f"}, 
{"path": "104/res/sound_res/", "name": "endjetton_vocie.mp3", "md5": "5091f8d417563666ec01411b23f2cf32"}, 
{"path": "104/res/sound_res/", "name": "endlingdang.mp3", "md5": "d8dd8985b50b9424d74bdc7578f417bc"}, 
{"path": "104/res/sound_res/", "name": "jettonflytoplayer.mp3", "md5": "f8d6a6eb74000335dc0c47246ebe8522"}, 
{"path": "104/res/sound_res/", "name": "jiesuandaliang.mp3", "md5": "23cae905e8bfd4f4e4f13cb202332c5a"}, 
{"path": "104/res/sound_res/", "name": "opencard.mp3", "md5": "d82dbbb7a883e7fd9dc8086d9bfbdbe4"}, 
{"path": "104/res/sound_res/", "name": "SEND_CARD.mp3", "md5": "8d92b672b057ad0e208339b4d26c9ec2"}, 
{"path": "104/res/sound_res/", "name": "shaoliang.mp3", "md5": "08f8e76afee84de58b32261bcc2620c0"}, 
{"path": "104/res/sound_res/", "name": "tablejetton.mp3", "md5": "7951fb40de059fc1de10885cf8ae25fd"}, 
{"path": "104/res/sound_res/", "name": "zhuangjiatuntu.mp3", "md5": "24b37bb7f2d3a77609fd19a574cd6e95"}, 
{"path": "104/res/", "name": "userlistLayer.csb", "md5": "6ab69f2a01bea4d22ff6cc498691028b"}, 
{"path": "104/res/wallbill/", "name": "1.png", "md5": "acc61836dd7d88a1b45b49c140c475c1"}, 
{"path": "104/res/wallbill/", "name": "12-6.png", "md5": "120062926f7ba9bc0cabef14d5a72989"}, 
{"path": "104/res/wallbill/", "name": "15ge.png", "md5": "ce4755184c9108453d5a7a72ce52b968"}, 
{"path": "104/res/wallbill/", "name": "2.png", "md5": "e3f9bd8d632aa2ba2c1dfefecbc98590"}, 
{"path": "104/res/wallbill/", "name": "3.png", "md5": "a441cf0aba10edfcf984a048df130c6a"}, 
{"path": "104/res/wallbill/", "name": "30ge.png", "md5": "1e01a8b9d3067006e23eb37bbdbba685"}, 
{"path": "104/res/wallbill/", "name": "close.png", "md5": "15f5e05e077d8b40186f541e43a726a3"}, 
{"path": "104/res/wallbill/", "name": "closebt.png", "md5": "6374535d1da9737c7edd2ff838fe7a1b"}, 
{"path": "104/res/wallbill/", "name": "dalu_1.png", "md5": "79b52a8fcce8aca1de9fcbaf7d6eeca2"}, 
{"path": "104/res/wallbill/", "name": "dalu_2.png", "md5": "eb3a9a4b1bea1a513e5c461c9aeffee0"}, 
{"path": "104/res/wallbill/", "name": "dalu_3.png", "md5": "f42861b56852d8040f43dd99b7688a1d"}, 
{"path": "104/res/wallbill/", "name": "dian1.png", "md5": "398559736e2b75985823d944b52a3a98"}, 
{"path": "104/res/wallbill/", "name": "dian2.png", "md5": "f0d4f5519539d77135e231f20efcf64e"}, 
{"path": "104/res/wallbill/", "name": "heixian.png", "md5": "ff17bcf3f71846a5571a2a61acb86a59"}, 
{"path": "104/res/wallbill/", "name": "heixian2.png", "md5": "315c5d1fdb320c2bfb0654876c48b38c"}, 
{"path": "104/res/wallbill/", "name": "hongxie.png", "md5": "c3e810ed1f95414c0497bf791853d29d"}, 
{"path": "104/res/wallbill/", "name": "hu.png", "md5": "dd847280fcaf88030a54939fd3415346"}, 
{"path": "104/res/wallbill/", "name": "jin20.png", "md5": "ae500b3798b95a04354ce3919b455391"}, 
{"path": "104/res/wallbill/", "name": "lanxie.png", "md5": "fde1c3c042c19208ae0e7d723ca1d0a5"}, 
{"path": "104/res/wallbill/", "name": "ludan.csb", "md5": "a273bf1a0ee3131281482aaeed1e0e1f"}, 
{"path": "104/res/wallbill/", "name": "ludandi.png", "md5": "bd168197987a5d094fa754f3b80b7964"}, 
{"path": "104/res/wallbill/", "name": "ludankuang.png", "md5": "25ccfc907f616760809acb34c3d5c373"}, 
{"path": "104/res/wallbill/", "name": "ludan_1.png", "md5": "79b52a8fcce8aca1de9fcbaf7d6eeca2"}, 
{"path": "104/res/wallbill/", "name": "ludan_logo.png", "md5": "789cbf8e0ecd04531d388949b07a2da3"}, 
{"path": "104/res/wallbill/", "name": "open1.png", "md5": "f2eef445e65295c8b775ff5f3310c3d1"}, 
{"path": "104/res/wallbill/", "name": "open2.png", "md5": "eb06d0ca4ae7fa945c7d80a3550670bf"}, 
{"path": "104/res/wallbill/", "name": "pailu.png", "md5": "c676a654a0ddb8de8b7e6be96fc1aa20"}, 
{"path": "104/res/wallbill/", "name": "pailubg.png", "md5": "0690c4b37272937618aa50e74cd02048"}, 
{"path": "104/res/wallbill/", "name": "quan1.png", "md5": "a5e77c481ff669154eb07e8255cf7fcb"}, 
{"path": "104/res/wallbill/", "name": "quan2.png", "md5": "eb2eed01a3bd13eabb3604619faea138"}, 
{"path": "104/res/wallbill/", "name": "quan3.png", "md5": "d225269e5b3d9befe3da30f83b814c71"}, 
{"path": "104/res/wallbill/", "name": "tipbg.png", "md5": "6af4ce73f93a036027878075bc466abd"}, 
{"path": "104/res/wallbill/", "name": "xiaolu1.png", "md5": "79b52a8fcce8aca1de9fcbaf7d6eeca2"}, 
{"path": "104/res/wallbill/", "name": "xiaolu2.png", "md5": "eb3a9a4b1bea1a513e5c461c9aeffee0"}, 
{"path": "104/res/wallbill/", "name": "xiaolu3.png", "md5": "f42861b56852d8040f43dd99b7688a1d"}, 
{"path": "104/res/wallbill/", "name": "xie1.png", "md5": "73539e110d9e3688125f1cf9260e4c44"}, 
{"path": "104/res/wallbill/", "name": "xie2.png", "md5": "c3e810ed1f95414c0497bf791853d29d"}, 
{"path": "104/src/models/", "name": "bjlGameDefine.luac", "md5": "bc59dfb3ec9fb6a72c6f940ab19a4d5d"}, 
{"path": "104/src/models/", "name": "CMD_Game.luac", "md5": "d70aa0d48df625fa0707c2fe6970db4a"}, 
{"path": "104/src/models/", "name": "GameFrame.luac", "md5": "42f63baf6643eb6eec0bb4888ab48ed3"}, 
{"path": "104/src/models/", "name": "GameLogic.luac", "md5": "3a3e3b1937889d69afa37dc4c73b3792"}, 
{"path": "104/src/models/", "name": "Poker.luac", "md5": "47d595c684b48153f5235ee5ff58548b"}, 
{"path": "104/src/views/", "name": "GameLayer.luac", "md5": "75c41773cb657d3c0371f3323a3ff44a"}, 
{"path": "104/src/views/", "name": "GameRoomListLayer.luac", "md5": "e4c9b2e84ab8c6807726d8dfe3655812"}, 
{"path": "104/src/views/layer/", "name": "BrifeLuziLayer.luac", "md5": "01eb06dd3f42654cc7021513dabce722"}, 
{"path": "104/src/views/layer/", "name": "CardSprite.luac", "md5": "1b51ae710df41c2437d362cb542921b9"}, 
{"path": "104/src/views/layer/", "name": "ControlLayer.luac", "md5": "745808181a4a670e7c263e4ddbbc2033"}, 
{"path": "104/src/views/layer/gamecard/", "name": "CardsNode.luac", "md5": "4fdbb47c5050c531de65fc09e889133c"}, 
{"path": "104/src/views/layer/gamecard/", "name": "CardSprite.luac", "md5": "63d964faeb7c543efd6a0c58f858a654"}, 
{"path": "104/src/views/layer/", "name": "GameCardLayer.luac", "md5": "9a762b2bd682668031fc9bc4ac083314"}, 
{"path": "104/src/views/layer/", "name": "GameRecordLayer.luac", "md5": "ef94eca3c07a06017ec8df13ff6641ac"}, 
{"path": "104/src/views/layer/", "name": "GameResultLayer.luac", "md5": "5fc18bc8cdac01f77f8bb1a86db82fb5"}, 
{"path": "104/src/views/layer/", "name": "GameViewLayer.luac", "md5": "48655fe3cf6653c1b8ffa2ee1e838faa"}, 
{"path": "104/src/views/layer/", "name": "NewGameCardLayer.luac", "md5": "b4c4c4681a84f62497a3a0f0cfaec5da"}, 
{"path": "104/src/views/layer/", "name": "RuleLayer.luac", "md5": "a1722426fe8b269e9d6655980849dd19"}, 
{"path": "104/src/views/layer/", "name": "UserListLayer.luac", "md5": "e81338dca26ced515a4d3410e7a52765"}, 
{"path": "104/src/views/layer/", "name": "WallBillLayer.luac", "md5": "74bab8f4e4b8827b03920ba2b9762b67"}, 
{"path": "104/src/views/", "name": "RoomView.luac", "md5": "44b6752d14f955967e551f8e388fa162"}, 
{"path": "104/src/views/", "name": "RoomWallLayer.luac", "md5": "0d7908b77ea31f7353d4c6b6c7b04220"}, 
{"allcount": 325}]}