{ "listdata": [{"path": "123/res/animation/lunpan_kaixinqipai/", "name": "lunpan_kaixinqipai-6.ExportJson", "md5": "3ab409c607f86e35ff8f51f2823d0094"}, 
{"path": "123/res/animation/lunpan_kaixinqipai/", "name": "lunpan_kaixinqipai-60.plist", "md5": "35a8d648f7423a20448860f0ac19c327"}, 
{"path": "123/res/animation/lunpan_kaixinqipai/", "name": "lunpan_kaixinqipai-60.png", "md5": "2f726cd61a1859f662b195cd36e619e5"}, 
{"path": "123/res/animation/lunpan_kaixinqipai-6/", "name": "lunpan_kaixinqipai-6.ExportJson", "md5": "2e99f4d769e1bec6795c8d42c0614c95"}, 
{"path": "123/res/animation/lunpan_kaixinqipai-6/", "name": "lunpan_kaixinqipai-60.plist", "md5": "35a8d648f7423a20448860f0ac19c327"}, 
{"path": "123/res/animation/lunpan_kaixinqipai-6/", "name": "lunpan_kaixinqipai-60.png", "md5": "73403d5d7e9ea24fc6086dbf36556d3b"}, 
{"path": "123/res/animation/lunpan_kaixinqipai-6-2/", "name": "lunpan_kaixinqipai-6-2.ExportJson", "md5": "5877ab2c863e8148dd550acd4bb7e4e7"}, 
{"path": "123/res/animation/lunpan_kaixinqipai-6-2/", "name": "lunpan_kaixinqipai-6-20.plist", "md5": "5a4944362389d1e2ec0d2455cb9024fb"}, 
{"path": "123/res/animation/lunpan_kaixinqipai-6-2/", "name": "lunpan_kaixinqipai-6-20.png", "md5": "73403d5d7e9ea24fc6086dbf36556d3b"}, 
{"path": "123/res/animation/lunpan_kaixinqipai-6-3/", "name": "lunpan_kaixinqipai-6-3.ExportJson", "md5": "97a5e1e71206602f7532db385348750c"}, 
{"path": "123/res/animation/lunpan_kaixinqipai-6-3/", "name": "lunpan_kaixinqipai-6-30.plist", "md5": "ef68787982ac90649da2b9b6875f993a"}, 
{"path": "123/res/animation/lunpan_kaixinqipai-6-3/", "name": "lunpan_kaixinqipai-6-30.png", "md5": "73403d5d7e9ea24fc6086dbf36556d3b"}, 
{"path": "123/res/animation/startbetting/", "name": "bairenniuniu_kaishixiazhu.ExportJson", "md5": "de5be1c19c0d6f87424d2126d0c643e7"}, 
{"path": "123/res/animation/startbetting/", "name": "bairenniuniu_kaishixiazhu0.plist", "md5": "9652ee2d0d3b99e03f8f8627737c1b6e"}, 
{"path": "123/res/animation/startbetting/", "name": "bairenniuniu_kaishixiazhu0.png", "md5": "ffac2d2c94c09f5f34968076b1930058"}, 
{"path": "123/res/", "name": "bet_chip.plist", "md5": "83063290442852889fe51f6242b6083e"}, 
{"path": "123/res/", "name": "bet_chip.png", "md5": "6a2b65b0f629326f0677cd23adcfce83"}, 
{"path": "123/res/Default/", "name": "ImageFile.png", "md5": "8b8ddbe2391511ba6e05d975dd2d9dba"}, 
{"path": "123/res/Default/", "name": "TextAtlas.png", "md5": "f80be8acc64da02fb7f2bf9a6cb644e2"}, 
{"path": "123/res/elszp/", "name": "baidi.png", "md5": "694ba2c61771a0f874607f21a06c6eab"}, 
{"path": "123/res/elszp/", "name": "bg1.jpg", "md5": "70f17be991329828ecc5bbc573cf6c7b"}, 
{"path": "123/res/elszp/", "name": "bg_di.png", "md5": "dfa16401b9af08c041fbbf588f922a6b"}, 
{"path": "123/res/elszp/", "name": "bg_di2.png", "md5": "ff7d8f15c04cbeac32d2578c008faacd"}, 
{"path": "123/res/elszp/", "name": "bg_di3.png", "md5": "2f1b240e00b48aef112f2afdd17ce579"}, 
{"path": "123/res/elszp/", "name": "BrifeLuziLayer.csb", "md5": "fef30e4825f5439ee1612d141f832951"}, 
{"path": "123/res/elszp/", "name": "bt_touzhuxiane.png", "md5": "e199f9e4fb38f3e9af406d7fcfd74f3c"}, 
{"path": "123/res/elszp/", "name": "bt_touzhuxiane_1.png", "md5": "0f9829b1acc10862fddd77bdd7ecec49"}, 
{"path": "123/res/elszp/", "name": "bt_youxiguiz.png", "md5": "2d7a6a83720dc632428e860d6c35986a"}, 
{"path": "123/res/elszp/", "name": "bt_youxiguiz_1.png", "md5": "27aac1bb2a62905837e183226f7c9f6b"}, 
{"path": "123/res/elszp/", "name": "cardNode.csb", "md5": "adb49e514551e5add19ebc5a23fb4097"}, 
{"path": "123/res/elszp/", "name": "chehui_dis.png", "md5": "05e007c213ba69106113d9fed0b91b4b"}, 
{"path": "123/res/elszp/", "name": "chehui_nor.png", "md5": "fc6222f77d6b9e404a3a1d4a9f6055a9"}, 
{"path": "123/res/elszp/", "name": "clippzhuanpan.csb", "md5": "06b4f2d95bc3f6b23bd14ca59cd3c3f9"}, 
{"path": "123/res/elszp/", "name": "clocknumber.png", "md5": "0d762379fbafd6eebf1ed0a97c8a7916"}, 
{"path": "123/res/elszp/", "name": "close.png", "md5": "96b3a37b4d4f5f813e27436018c854ef"}, 
{"path": "123/res/elszp/", "name": "default_head.png", "md5": "5a6df4d1afcca6f010c4cf67321f02d0"}, 
{"path": "123/res/elszp/", "name": "diban.png", "md5": "83eaad6aa3c45d587f31d467813af6d0"}, 
{"path": "123/res/elszp/", "name": "faguangyou.png", "md5": "289ee3937973f7ca6a31deeaaa60e617"}, 
{"path": "123/res/elszp/", "name": "faguangzhong.png", "md5": "fa4c4c116353bcf344d36c2ff43835c2"}, 
{"path": "123/res/elszp/", "name": "faguangzuo.png", "md5": "591fe1d5ee5702d45e61a579147a3d81"}, 
{"path": "123/res/elszp/", "name": "fanhui.png", "md5": "18b1d62185b63dbadae556c16014e9b4"}, 
{"path": "123/res/elszp/", "name": "fanhui1.png", "md5": "865d359c814ef333ed3534b159543c1b"}, 
{"path": "123/res/elszp/", "name": "GameLayer.csb", "md5": "73c90312be59dfc4562ff4e7dc63d58c"}, 
{"path": "123/res/elszp/", "name": "JettonNode.csb", "md5": "b46e81327705c3a42b01bb98727e3de3"}, 
{"path": "123/res/elszp/", "name": "jinyin.png", "md5": "d4eaa10e979e0499e3a06ba25e800c20"}, 
{"path": "123/res/elszp/", "name": "jinyin1.png", "md5": "1837778b866603f886777970efca384f"}, 
{"path": "123/res/elszp/", "name": "kaijiang_bg.png", "md5": "af01ea2622743e1620b1118cd660b707"}, 
{"path": "123/res/elszp/", "name": "ludan9.png", "md5": "3727da68fe0b92715838e7fd7fdf450d"}, 
{"path": "123/res/elszp/", "name": "ludanNode.csb", "md5": "dc1313b37cd62a1492d1c0f7d549e7d4"}, 
{"path": "123/res/elszp/", "name": "ludan_bg.png", "md5": "713ed9a407fb82f3da5ce5e216d57fa3"}, 
{"path": "123/res/elszp/", "name": "ludan_new.png", "md5": "409688f91e9566151ca4aa2cb6011c72"}, 
{"path": "123/res/elszp/", "name": "LuZiLayer.csb", "md5": "f1302a949ab6f607489a22d5b0f6d272"}, 
{"path": "123/res/elszp/", "name": "mengban_xiazhu.png", "md5": "1ac669a75dac5b20f00ec3dbde4ea579"}, 
{"path": "123/res/elszp/", "name": "mengban_xiazhu_1.png", "md5": "e71df1851b0632b1b6d6df8ac07ba9b1"}, 
{"path": "123/res/elszp/", "name": "mengban_xiazhu_2.png", "md5": "9ad3534021c11e74332316cbef735ead"}, 
{"path": "123/res/elszp/", "name": "mengban_xiazhu_3.png", "md5": "0c49725abf0e2cbbeead88e56d230dad"}, 
{"path": "123/res/elszp/", "name": "mengban_xiazhu_4.png", "md5": "2b20efcf79fbad71be374f4acccec015"}, 
{"path": "123/res/elszp/", "name": "mengban_xiazhu_5.png", "md5": "ea221d76cdc891af80ad0906d5abb0c9"}, 
{"path": "123/res/elszp/", "name": "mengban_xiazhu_6.png", "md5": "3f83d79341bbe33437d95d3481c3e028"}, 
{"path": "123/res/elszp/", "name": "mengban_xiazhu_7.png", "md5": "92ee51e18a1ec76457f8c047fe4b8018"}, 
{"path": "123/res/elszp/", "name": "mengban_zhongjiang.png", "md5": "3e0becc5b7457598034ba53688e2d428"}, 
{"path": "123/res/elszp/", "name": "mengban_zhongjiang_1.png", "md5": "7d30f32c18f164f264a7e4d21c105831"}, 
{"path": "123/res/elszp/", "name": "mengban_zhongjiang_2.png", "md5": "d1a0e889e4c1a1c6d03f22389a6d7fe4"}, 
{"path": "123/res/elszp/", "name": "mengban_zhongjiang_3.png", "md5": "0ba018dd35e1504349d23ed64a0d20ba"}, 
{"path": "123/res/elszp/", "name": "mengban_zhongjiang_4.png", "md5": "544bec6b5adb133bfc352c8df752b200"}, 
{"path": "123/res/elszp/", "name": "mengban_zhongjiang_5.png", "md5": "5dde4ec4debee884f5fd0b59934f6fe0"}, 
{"path": "123/res/elszp/", "name": "mengban_zhongjiang_6.png", "md5": "b65364173adc61bc0816aa0af364858d"}, 
{"path": "123/res/elszp/", "name": "mengban_zhongjiang_7.png", "md5": "f83d41b6d8b4ae97a5cfec442d7e531d"}, 
{"path": "123/res/elszp/", "name": "meNode.csb", "md5": "5a51d77637b72beb0fc0a58d1034fa2c"}, 
{"path": "123/res/elszp/", "name": "m_bg.png", "md5": "dcef962dc96cefbac7062de6d8271fee"}, 
{"path": "123/res/elszp/", "name": "ornamental1.png", "md5": "2dc69d13dcf30a2bf84a0b7b0a43d2ff"}, 
{"path": "123/res/elszp/", "name": "ornamental2.png", "md5": "f38ba85ac39913dfeb27297ad8b62f75"}, 
{"path": "123/res/elszp/", "name": "ornamental3.png", "md5": "13b10cf8914a023e51c1d62e6b827b84"}, 
{"path": "123/res/elszp/", "name": "ornamental4.png", "md5": "887b25fc83b2983b2c3f27f1b80a7d95"}, 
{"path": "123/res/elszp/", "name": "qiu.png", "md5": "600c06fbfc1eb0e019859177feb8b7e4"}, 
{"path": "123/res/elszp/", "name": "roomlistbg.png", "md5": "fe570547af1f0dcaf49b0a8f732f0bf6"}, 
{"path": "123/res/elszp/", "name": "Rule.csb", "md5": "49fc12c2340ded3f1ebf015f0749fdf3"}, 
{"path": "123/res/elszp/", "name": "rule1.png", "md5": "a5e3d57652cedfff996e841ab43c83b8"}, 
{"path": "123/res/elszp/", "name": "rule1_1.png", "md5": "35edad18f45f8cc660d8296636f32fe4"}, 
{"path": "123/res/elszp/", "name": "SitRoleNode.csb", "md5": "87c2ec7275b0a2e8f678858085c2df9f"}, 
{"path": "123/res/elszp/", "name": "testchouma.png", "md5": "2dc69d13dcf30a2bf84a0b7b0a43d2ff"}, 
{"path": "123/res/elszp/", "name": "tipbg.png", "md5": "6af4ce73f93a036027878075bc466abd"}, 
{"path": "123/res/elszp/", "name": "toumi.png", "md5": "788d9e7b20fd6d84172135fe63ff0943"}, 
{"path": "123/res/elszp/", "name": "touxiangdi.png", "md5": "5f257a8908d89d632e52607a22ba5bdb"}, 
{"path": "123/res/elszp/", "name": "wenhao.png", "md5": "43479b50e63b956776eec7ec5038c06d"}, 
{"path": "123/res/elszp/", "name": "wenhao1.png", "md5": "55178b43f79544602e5de098bfa8f2ae"}, 
{"path": "123/res/elszp/", "name": "xiuxiyixia.png", "md5": "fe2e865dd6d40bf71e67a4d1aada8364"}, 
{"path": "123/res/elszp/", "name": "xutou1.png", "md5": "d023f0c5e014a911c742b642a8d694f4"}, 
{"path": "123/res/elszp/", "name": "xutou2.png", "md5": "b0299e16fa5cb671d1772d090203749c"}, 
{"path": "123/res/elszp/", "name": "xutou_goldbg.png", "md5": "88d60b1ef18805215c0796d0b7b1dbe3"}, 
{"path": "123/res/elszp/", "name": "xutou_num.png", "md5": "49c665441dc9080f9ef8f9e63143a120"}, 
{"path": "123/res/elszp/", "name": "yinliang.png", "md5": "0708390e1bb703bab6ca4fa779c7dfbd"}, 
{"path": "123/res/elszp/", "name": "yinliang1.png", "md5": "6f767f3d0b8c904b9d0645043bd912d2"}, 
{"path": "123/res/elszp/", "name": "yinShuzi.png", "md5": "e1e4d6a39a56c98fd2b2a69bb1032dee"}, 
{"path": "123/res/elszp/", "name": "zaixian.png", "md5": "0707fe75f1b56015b93d3ab371fd656b"}, 
{"path": "123/res/elszp/", "name": "zhuanpan.csb", "md5": "64fff8fddf1457337e835f6b86b53cfd"}, 
{"path": "123/res/elszp/", "name": "zhuanpan2.png", "md5": "34105e69a9574b1153f5903e8ae52ef6"}, 
{"path": "123/res/elszp/", "name": "zhuanpan3.png", "md5": "33b16d652e201f20b07edfc49e595bd4"}, 
{"path": "123/res/elszp/", "name": "zhuanpanmask.png", "md5": "ea1e3a9e6248dbb14d0b20134e571c53"}, 
{"path": "123/res/elszp/", "name": "zhuozi.png", "md5": "b5cd5de0f71373176e5261f2a40883f9"}, 
{"path": "123/res/elszp/", "name": "zuobian.png", "md5": "2e5926ce61a5f3924774359eb0981464"}, 
{"path": "123/res/gamerule/", "name": "honghei.png", "md5": "1619b4f18157ab3b771281078c65d98e"}, 
{"path": "123/res/gamerule/", "name": "hongheiname.png", "md5": "6a19cd23992794126457966327add164"}, 
{"path": "123/res/game_res/control/", "name": "adduser_0.png", "md5": "0ef1fee6100a9d5a963e35620a7014d6"}, 
{"path": "123/res/game_res/control/", "name": "adduser_1.png", "md5": "538d770d2931177cb249512daa1484c5"}, 
{"path": "123/res/game_res/control/", "name": "androidbg.png", "md5": "e372c17f7387b41b1f34c3a582ff6800"}, 
{"path": "123/res/game_res/control/", "name": "androidChatbg.png", "md5": "1fb42971128dd3ae9b784bbaa7de9efd"}, 
{"path": "123/res/game_res/control/", "name": "androidname.png", "md5": "50ad999aec1cd1c8a250683c2722fc21"}, 
{"path": "123/res/game_res/control/", "name": "androidnick.png", "md5": "584f0189ac94b079773bacde63b3f018"}, 
{"path": "123/res/game_res/control/", "name": "androidUpbanker_0.png", "md5": "76e7ce48c35516b9debba4c69e718efc"}, 
{"path": "123/res/game_res/control/", "name": "androidUpbanker_1.png", "md5": "b1004a58ba7b9dad2804f2573aa2a427"}, 
{"path": "123/res/game_res/control/", "name": "baoma_1.png", "md5": "0bbe92db9f6610a4617dc8b45696c1c7"}, 
{"path": "123/res/game_res/control/", "name": "baoma_2.png", "md5": "c34a51430622e734a6d032812e8d9026"}, 
{"path": "123/res/game_res/control/", "name": "baoshijie_1.png", "md5": "2427f12b20fa72d08adcc4ed68d4415f"}, 
{"path": "123/res/game_res/control/", "name": "baoshijie_2.png", "md5": "457b23b69da822a55fcd9d656ff63a30"}, 
{"path": "123/res/game_res/control/", "name": "benchi_1.png", "md5": "299fb80a01df896a73e6ea5ce93290ad"}, 
{"path": "123/res/game_res/control/", "name": "benchi_2.png", "md5": "ea5934861731ca5debed500e18718296"}, 
{"path": "123/res/game_res/control/", "name": "bg.png", "md5": "0d4ee5caa76b89f8f109f6eeb4aea2a9"}, 
{"path": "123/res/game_res/control/", "name": "bgBottom.png", "md5": "155c68c81b03954a8de5142514e32f29"}, 
{"path": "123/res/game_res/control/", "name": "bgControlArea.png", "md5": "d6c26650ad73a6aa7b31b4131adfff94"}, 
{"path": "123/res/game_res/control/", "name": "binli_1.png", "md5": "d5f4cb2b1a5e28467d30198c3cc12715"}, 
{"path": "123/res/game_res/control/", "name": "binli_2.png", "md5": "46f1e3497ccd27120d86835959f96135"}, 
{"path": "123/res/game_res/control/", "name": "btn_contoltimes.png", "md5": "f16c24fb96bdbc9dc8df7684572856a4"}, 
{"path": "123/res/game_res/control/", "name": "btn_gameid.png", "md5": "694d75707c97ea657da5df9f2e820d79"}, 
{"path": "123/res/game_res/control/", "name": "btn_run_1.png", "md5": "4014fec1cba30400c8c821478d61ca4e"}, 
{"path": "123/res/game_res/control/", "name": "btn_run_2.png", "md5": "4014fec1cba30400c8c821478d61ca4e"}, 
{"path": "123/res/game_res/control/", "name": "btn_tip.png", "md5": "d7d31eae7fcabc705c5178129e113baf"}, 
{"path": "123/res/game_res/control/", "name": "bujiadi_1.png", "md5": "adf390267b7138ef908a82e8a9de68ee"}, 
{"path": "123/res/game_res/control/", "name": "bujiadi_2.png", "md5": "781df8dda24eec6f67f0f9b9b4624698"}, 
{"path": "123/res/game_res/control/", "name": "cancel_1.png", "md5": "2521ec1b67eb40960b536629428594ef"}, 
{"path": "123/res/game_res/control/", "name": "cancel_2.png", "md5": "2521ec1b67eb40960b536629428594ef"}, 
{"path": "123/res/game_res/control/", "name": "chatsend_0.png", "md5": "46f9178bc2544dcbcf67d59cf37a3890"}, 
{"path": "123/res/game_res/control/", "name": "chatsend_1.png", "md5": "502a5a94466477502e08d4b1cca28724"}, 
{"path": "123/res/game_res/control/", "name": "controlbg.png", "md5": "35cb9aad09c71617b294bcf176d2df3a"}, 
{"path": "123/res/game_res/control/", "name": "controling.png", "md5": "e31fe4c47abe3d2d9163404c78ea5aa1"}, 
{"path": "123/res/game_res/control/", "name": "ControlLayer.csb", "md5": "7182597f1d92bfe011faa98ea0b2bef8"}, 
{"path": "123/res/game_res/control/", "name": "controltimeframe.png", "md5": "fd5ce9ea7aa6fe1ce941937a5e6c3626"}, 
{"path": "123/res/game_res/control/", "name": "dropDownBg.png", "md5": "1140eaac1ca5257766a2fe5452bc959c"}, 
{"path": "123/res/game_res/control/", "name": "exit.png", "md5": "e1d71453d18a852b4fd1ba3ac9333e87"}, 
{"path": "123/res/game_res/control/", "name": "falali_1.png", "md5": "6c8d7ecfeb079c5cf49e21a3d838a7ef"}, 
{"path": "123/res/game_res/control/", "name": "falali_2.png", "md5": "3c9d9bb13ea6d136dfd513b39d4c6549"}, 
{"path": "123/res/game_res/control/", "name": "Game ID.png", "md5": "3e4e81a3b06129a91124da90a77cff66"}, 
{"path": "123/res/game_res/control/", "name": "hang.png", "md5": "8ab5f2840a51bc0ac17ec8a17db19dde"}, 
{"path": "123/res/game_res/control/", "name": "luhu_1.png", "md5": "4da1f37c3b93a151d017701047f6e943"}, 
{"path": "123/res/game_res/control/", "name": "luhu_2.png", "md5": "020a0734236ddf3a7a78728b91e81da6"}, 
{"path": "123/res/game_res/control/", "name": "maibahe_1.png", "md5": "252587167bbd7a75d65ddc6a9163e40c"}, 
{"path": "123/res/game_res/control/", "name": "maibahe_2.png", "md5": "fa6992e5c327a66aed8050ca8eff8658"}, 
{"path": "123/res/game_res/control/", "name": "NoControlArea.png", "md5": "bc5360b42e8ad80675aa9d2d191515f5"}, 
{"path": "123/res/game_res/control/", "name": "NoControlTimes.png", "md5": "ed31e767efbf9eec18de415300fbcb9a"}, 
{"path": "123/res/game_res/control/", "name": "peishidel_0.png", "md5": "a1759f817071805f15e7453187d63a95"}, 
{"path": "123/res/game_res/control/", "name": "peishidel_1.png", "md5": "f28faec21f3a70fcd407f1f2019f6fc4"}, 
{"path": "123/res/game_res/control/", "name": "ping.png", "md5": "e17c8917294151d0f16167d2fd2a6aa0"}, 
{"path": "123/res/game_res/control/", "name": "scene_tip_1.png", "md5": "f9260bb6cd92c3306bc194a48cd94260"}, 
{"path": "123/res/game_res/control/", "name": "scene_tip_2.png", "md5": "4c0ed5e70762b8c4e5b8dce27ee9a9ea"}, 
{"path": "123/res/game_res/control/", "name": "scene_tip_3.png", "md5": "7c3af76acb2a5009cc7d96a7d1df3d8c"}, 
{"path": "123/res/game_res/control/", "name": "timebg.png", "md5": "6be623e911ec409e73220a0bdd1f388a"}, 
{"path": "123/res/game_res/control/", "name": "times_image.png", "md5": "87c8b96f97f6c173fb32c4737ddb10b5"}, 
{"path": "123/res/game_res/control/", "name": "tip.png", "md5": "83e55eb81bf0ee73c7007d76ab9612e5"}, 
{"path": "123/res/game_res/control/", "name": "tongdianp.png", "md5": "a3eeb0bdd0d92eb4b8e2fdbcf2f6153a"}, 
{"path": "123/res/game_res/control/", "name": "topBg.png", "md5": "a17781d1ab72036cf1b8f54dfd6beb9a"}, 
{"path": "123/res/game_res/control/", "name": "topBtn.png", "md5": "d6f7bbb1ed8ddce2ddccb2ae30253783"}, 
{"path": "123/res/game_res/control/", "name": "userbg.png", "md5": "0ed98b6d1fb0616852c0ef31e3b68893"}, 
{"path": "123/res/game_res/control/", "name": "userlist.png", "md5": "4fedcab8691f54551fd5220f7961207b"}, 
{"path": "123/res/game_res/control/", "name": "xian.png", "md5": "c70eefe91023f8e21b3cbdafbd9dcdd2"}, 
{"path": "123/res/game_res/control/", "name": "xiandui.png", "md5": "9bded7e39dbd1f53f460934b3d9b3d0a"}, 
{"path": "123/res/game_res/control/", "name": "xianduizizhixing.png", "md5": "a852f11f3affbfa4411402d5884e23e8"}, 
{"path": "123/res/game_res/control/", "name": "xiantianw.png", "md5": "c701e2e3f468d8edbb3f4ff42b67299d"}, 
{"path": "123/res/game_res/control/", "name": "xianxuanghzong.png", "md5": "a1faa175a119a41b24ed9b24dd46f4c0"}, 
{"path": "123/res/game_res/control/", "name": "xianzhixing.png", "md5": "1739fe04a4efbd8461b2c4a06e705dc3"}, 
{"path": "123/res/game_res/control/", "name": "xiushi.png", "md5": "35e3eaaa431c0a06ae733cbac7f0e6ac"}, 
{"path": "123/res/game_res/control/", "name": "xuanxianguizi.png", "md5": "e184d4c7b09665a8d225af43f4c43b65"}, 
{"path": "123/res/game_res/control/", "name": "xuanzhong.png", "md5": "b66874d1bba4109c667728bee35951d7"}, 
{"path": "123/res/game_res/control/", "name": "zhuang.png", "md5": "b276f97ff51bd2261640fa2e9ad97d6c"}, 
{"path": "123/res/game_res/control/", "name": "zhuangdui.png", "md5": "02faf543a2985ce29b85e03c75e2ab10"}, 
{"path": "123/res/game_res/control/", "name": "zhuangduizixuan.png", "md5": "53db6b6554158757a341319aff60c6a7"}, 
{"path": "123/res/game_res/control/", "name": "zhuangduizizhixing.png", "md5": "4c0ff5f7bda6eb19d4188f46d67a9b69"}, 
{"path": "123/res/game_res/control/", "name": "zhuangtianw.png", "md5": "dc976293e01880884a25386a42b5b919"}, 
{"path": "123/res/game_res/control/", "name": "zhuangtianzhixing.png", "md5": "23190330c3faae25e5eb2eb2f59d787a"}, 
{"path": "123/res/game_res/control/", "name": "zhuangxianzhong.png", "md5": "f619ae7de6c59e4b5f54601d7e42e742"}, 
{"path": "123/res/game_res/control/", "name": "zhuangxuan.png", "md5": "42b091cd023d1b20617cc5ea490d6996"}, 
{"path": "123/res/game_res/control/", "name": "zhuangzhixing.png", "md5": "ebfa8d39fd962a56d4679f6cf0e13f14"}, 
{"path": "123/res/image/", "name": "chip_num.png", "md5": "4a96bc7b2fcdd8d32561c2271c0e30a4"}, 
{"path": "123/res/image/", "name": "clocknumber.png", "md5": "0d762379fbafd6eebf1ed0a97c8a7916"}, 
{"path": "123/res/image/", "name": "heibg.png", "md5": "6e5e675b0c78686ea598fe2c5ece8aff"}, 
{"path": "123/res/image/", "name": "hongbg.png", "md5": "1b962af58be85336c816bd0e7bac1806"}, 
{"path": "123/res/image/", "name": "lingbg.png", "md5": "502326acbfd6343b1502bdabb4104af1"}, 
{"path": "123/res/image/", "name": "qingxiazhu.png", "md5": "b16a61d97a54edee2979265645b4def1"}, 
{"path": "123/res/image/", "name": "shuzi.png", "md5": "9b38e8f3432064360e888e4ec362389f"}, 
{"path": "123/res/image/", "name": "shuzi3.png", "md5": "7ba97f0fcd26c3ae4d62cf296669901c"}, 
{"path": "123/res/image/", "name": "shuzi4.png", "md5": "78a584ddf31be616e903783e466cf22f"}, 
{"path": "123/res/image/", "name": "stopbetbg.png", "md5": "2192b2265b710964075d7df9cba7151b"}, 
{"path": "123/res/image/", "name": "tingzhixiazhu.png", "md5": "01cfbaa3d0f8aa3f3b41d88af48ea309"}, 
{"path": "123/res/image/", "name": "ui_chip_bg_1_1.png", "md5": "e0a096f8005de30a940af4e1bd553470"}, 
{"path": "123/res/image/", "name": "ui_chip_bg_1_2.png", "md5": "923520f7b1920b4a61074e0bc0442fdc"}, 
{"path": "123/res/image/", "name": "ui_chip_bg_1_3.png", "md5": "b27be63a5d578bf8f87e4ebb514d1395"}, 
{"path": "123/res/image/", "name": "ui_chip_bg_2_1.png", "md5": "e5e456c89472876bd754b56de91116df"}, 
{"path": "123/res/image/", "name": "ui_chip_bg_2_2.png", "md5": "647328345cdf840bc930556b727b9e1a"}, 
{"path": "123/res/image/", "name": "ui_chip_bg_2_3.png", "md5": "d709c3a390194870bb46705957d93b0f"}, 
{"path": "123/res/image/", "name": "ui_chip_bg_3_1.png", "md5": "fb68ee7aaf7239fd1334a6a34ddd0a08"}, 
{"path": "123/res/image/", "name": "ui_chip_bg_3_2.png", "md5": "4f94f6bd5e59831c53b345f8ec7fe3d8"}, 
{"path": "123/res/image/", "name": "ui_chip_bg_3_3.png", "md5": "221ab9fa1e72a53e632c09732ef19711"}, 
{"path": "123/res/image/", "name": "ui_chip_bg_4_1.png", "md5": "acfb96b7cbb7162fc0999bb1bafc4051"}, 
{"path": "123/res/image/", "name": "ui_chip_bg_4_2.png", "md5": "b68c7615f79eda16949c967c27645ac3"}, 
{"path": "123/res/image/", "name": "ui_chip_bg_4_3.png", "md5": "edfb06a3b6db6aa3e15bcfa026699452"}, 
{"path": "123/res/image/", "name": "ui_chip_bg_5_1.png", "md5": "c328004a553a8eb0574620b8c2c5ab2c"}, 
{"path": "123/res/image/", "name": "ui_chip_bg_5_2.png", "md5": "2fd63bccc804b679e3615b075103b82a"}, 
{"path": "123/res/image/", "name": "ui_chip_bg_5_3.png", "md5": "5c069617dc9214f2fea0cddeae6f3f2a"}, 
{"path": "123/res/image/", "name": "ui_lose_count.png", "md5": "385d81b34f093f13be79d197b0f170ac"}, 
{"path": "123/res/image/", "name": "ui_win_count.png", "md5": "64f87082964f0e0dc2e522ba6df32737"}, 
{"path": "123/res/image/", "name": "ui_xian_bg.png", "md5": "17972ed6307d80647f936bdafecbecb9"}, 
{"path": "123/res/image/", "name": "ulist_rank_no.png", "md5": "e30776c9426ae1d0e648f6241b7641c9"}, 
{"path": "123/res/image/", "name": "ulist_shuzi.png", "md5": "827a56d50dbfadbebc73bba615ddb9c6"}, 
{"path": "123/res/image/", "name": "xiuxiyixia.png", "md5": "fe2e865dd6d40bf71e67a4d1aada8364"}, 
{"path": "123/res/image/", "name": "xutou_num.png", "md5": "724ae14940c117779287244acd9518f3"}, 
{"path": "123/res/", "name": "load_123.jpg", "md5": "802dcadcf677c3eab71e6b65d08edd3f"}, 
{"path": "123/res/plist/", "name": "onlinelist.plist", "md5": "5900b7d2c038c5dc422195f647a90f02"}, 
{"path": "123/res/plist/", "name": "onlinelist.png", "md5": "73bbc35a62a81ac9460cadbdb45db9e4"}, 
{"path": "123/res/plist/", "name": "tableuserItem.plist", "md5": "544209c61a88628c479251e53d215793"}, 
{"path": "123/res/plist/", "name": "tableuserItem.png", "md5": "efcd89ed4572ac4400a928d469483096"}, 
{"path": "123/res/roomlist/", "name": "bar.png", "md5": "2a30fe2a9dafb38b16a071d0ddd16605"}, 
{"path": "123/res/roomlist/", "name": "goBtn.png", "md5": "952d263c9f9e3dad1625dc2b5be6a0be"}, 
{"path": "123/res/roomlist/", "name": "hei.png", "md5": "025a43d58ea5e6fd4f194e080814db98"}, 
{"path": "123/res/roomlist/", "name": "hong.png", "md5": "4f193e3a403d619931c2c40104edd037"}, 
{"path": "123/res/roomlist/", "name": "itembg.png", "md5": "5036a2b81d0e0c48da3ae69892743f01"}, 
{"path": "123/res/roomlist/", "name": "ludanbg.png", "md5": "8ea1688ff5c4607f31ca890f7c256dba"}, 
{"path": "123/res/roomlist/", "name": "ludanbg2.png", "md5": "51b0b8c05ad7d24e19ccb140d68ae36f"}, 
{"path": "123/res/roomlist/", "name": "ludanbg3.png", "md5": "a8c5e8fcf6c5abdfd34c650c5310713c"}, 
{"path": "123/res/roomlist/", "name": "lv.png", "md5": "792b3d92f1c9e8ebe77baf6d92b03c1d"}, 
{"path": "123/res/roomlist/", "name": "resulticon.png", "md5": "66bedd4978d0503580d66399484dcbef"}, 
{"path": "123/res/roomlist/", "name": "roomAts.png", "md5": "7555701ed3657fa19303703584ac2e8f"}, 
{"path": "123/res/roomlist/", "name": "roomLayer.csb", "md5": "767860471ce6474bbd73041628f9dbc2"}, 
{"path": "123/res/roomlist/", "name": "roomnum.png", "md5": "c8fb611a0e27ccb64311bfa706dd7890"}, 
{"path": "123/res/roomlist/", "name": "suzi.png", "md5": "7a0bfc16c4f3d9da244ff83e9c32e8ab"}, 
{"path": "123/res/roomlist/", "name": "xiazhu.png", "md5": "dcba1d77e9412942ff8b1942a9d3bf35"}, 
{"path": "123/res/sound_res/", "name": "0.mp3", "md5": "782bfebf7af6c90353d3356e8bd7a79f"}, 
{"path": "123/res/sound_res/", "name": "1.mp3", "md5": "d4969b1aa21e330543e3bb5cbd36d6fc"}, 
{"path": "123/res/sound_res/", "name": "10.mp3", "md5": "1fb4e82d2584a91387a4f83d7a01fe4d"}, 
{"path": "123/res/sound_res/", "name": "11.mp3", "md5": "4ed0f9f7cc606ddde6a8b1a58323b90b"}, 
{"path": "123/res/sound_res/", "name": "12.mp3", "md5": "198e64c0a39cb81bc353298df3872624"}, 
{"path": "123/res/sound_res/", "name": "13.mp3", "md5": "a27dba05b7371fddb884407e9128df0e"}, 
{"path": "123/res/sound_res/", "name": "14.mp3", "md5": "706730b8fec8234ddb2255ff24827ae3"}, 
{"path": "123/res/sound_res/", "name": "15.mp3", "md5": "2770f6f5be75d70371b34c7c9018d327"}, 
{"path": "123/res/sound_res/", "name": "16.mp3", "md5": "79f240207ba95c5bc70d01db74bc0918"}, 
{"path": "123/res/sound_res/", "name": "17.mp3", "md5": "13fb0fb3b8586e1e67387eaecd50bb91"}, 
{"path": "123/res/sound_res/", "name": "18.mp3", "md5": "16e55bb84cb7eae50a042d1b4e55eb66"}, 
{"path": "123/res/sound_res/", "name": "19.mp3", "md5": "56d90092b0654c5ee2c4654abd952c45"}, 
{"path": "123/res/sound_res/", "name": "2.mp3", "md5": "2907445c836862d35df352d0253ead58"}, 
{"path": "123/res/sound_res/", "name": "20.mp3", "md5": "04688b13b7578fdebed5e82f70d659eb"}, 
{"path": "123/res/sound_res/", "name": "21.mp3", "md5": "1e99c1deda89619cb5651ca06161a09c"}, 
{"path": "123/res/sound_res/", "name": "22.mp3", "md5": "d4155ff6b0ec02c28749c92968bb5874"}, 
{"path": "123/res/sound_res/", "name": "23.mp3", "md5": "b83126bfcec32a0860cc6390eabe1501"}, 
{"path": "123/res/sound_res/", "name": "24.mp3", "md5": "6655f18c200a9b84cf9aaafcb2df2107"}, 
{"path": "123/res/sound_res/", "name": "25.mp3", "md5": "e67309c17f11d007284a3b640d0bcc98"}, 
{"path": "123/res/sound_res/", "name": "26.mp3", "md5": "163c38e9b6707d71eecb2bbafc3c8f92"}, 
{"path": "123/res/sound_res/", "name": "27.mp3", "md5": "ecb66b77e64af3472f29eb68020ff79b"}, 
{"path": "123/res/sound_res/", "name": "28.mp3", "md5": "bc78f68303683936d0b9d91b8d67e90f"}, 
{"path": "123/res/sound_res/", "name": "29.mp3", "md5": "c4c53fcd8410717f80a7f3ed121034c5"}, 
{"path": "123/res/sound_res/", "name": "3.mp3", "md5": "44b007b1e55f76e60b41370712239fd7"}, 
{"path": "123/res/sound_res/", "name": "30.mp3", "md5": "d557ca198cb0e70dee428a992aae8b49"}, 
{"path": "123/res/sound_res/", "name": "31.mp3", "md5": "a3ff3c2d5af183145ce6be00df4e0c2a"}, 
{"path": "123/res/sound_res/", "name": "32.mp3", "md5": "b55847b2be845596ef1f2353c0e67328"}, 
{"path": "123/res/sound_res/", "name": "33.mp3", "md5": "487c2e0d901c665dade6ecb947d1e05c"}, 
{"path": "123/res/sound_res/", "name": "34.mp3", "md5": "ec361287450db765af7d36af4cfc3055"}, 
{"path": "123/res/sound_res/", "name": "35.mp3", "md5": "b33e0af86f1d35aab331d16a624d2407"}, 
{"path": "123/res/sound_res/", "name": "36.mp3", "md5": "32d209cbfe6fd48981dcb80690463764"}, 
{"path": "123/res/sound_res/", "name": "4.mp3", "md5": "8a974dba2fbe53c9072497d78434ee94"}, 
{"path": "123/res/sound_res/", "name": "5.mp3", "md5": "e41ff64e2dcd22cc1842710077ac5e39"}, 
{"path": "123/res/sound_res/", "name": "6.mp3", "md5": "265a4dfd3df241880ce227935ede80a5"}, 
{"path": "123/res/sound_res/", "name": "7.mp3", "md5": "6d262f3780a5ad3818a08dc21cea1d39"}, 
{"path": "123/res/sound_res/", "name": "8.mp3", "md5": "ce03f33180e074f9140d33f99f119efe"}, 
{"path": "123/res/sound_res/", "name": "9.mp3", "md5": "c0489fad9a9fbfdd0dd53b14d0e17ca5"}, 
{"path": "123/res/sound_res/", "name": "background.mp3", "md5": "03540bbfd82e383aaa5105f14d26cc9e"}, 
{"path": "123/res/sound_res/", "name": "beganjetton.mp3", "md5": "b3d7dff10ac477162e71e6afabca350a"}, 
{"path": "123/res/sound_res/", "name": "beganjetton_vocie.mp3", "md5": "8190e3861223e45f18dc5c7351fab3c5"}, 
{"path": "123/res/sound_res/", "name": "clickArea.mp3", "md5": "9475a66c0e7e830ef509efc9fe34fa82"}, 
{"path": "123/res/sound_res/", "name": "clickjetton.mp3", "md5": "852bd0241ec5495a982a0013d18c2d5a"}, 
{"path": "123/res/sound_res/", "name": "clockring.mp3", "md5": "2289d760b4eb6323faf9940e63dd000a"}, 
{"path": "123/res/sound_res/", "name": "da.mp3", "md5": "10005c3fcace91fdb90b396f1da33d52"}, 
{"path": "123/res/sound_res/", "name": "endjetton.mp3", "md5": "c3b62ce817a1a7ed0f9f7f66c88bcb4f"}, 
{"path": "123/res/sound_res/", "name": "endjetton_vocie.mp3", "md5": "5091f8d417563666ec01411b23f2cf32"}, 
{"path": "123/res/sound_res/", "name": "endlingdang.mp3", "md5": "d8dd8985b50b9424d74bdc7578f417bc"}, 
{"path": "123/res/sound_res/", "name": "gundong.mp3", "md5": "c111bd47c82ff52ee4bf3ed66ade6893"}, 
{"path": "123/res/sound_res/", "name": "hei.mp3", "md5": "e92d59cf3866dc575ba4fee791da5164"}, 
{"path": "123/res/sound_res/", "name": "hong.mp3", "md5": "9d8b1f2675af066e18e1b316a5c4e418"}, 
{"path": "123/res/sound_res/", "name": "jetton.mp3", "md5": "303788d09012df8c438510e8829bac57"}, 
{"path": "123/res/sound_res/", "name": "jettonflytoplayer.mp3", "md5": "f8d6a6eb74000335dc0c47246ebe8522"}, 
{"path": "123/res/sound_res/", "name": "ji.mp3", "md5": "1b20e5c916e9b830debd70fd571012e9"}, 
{"path": "123/res/sound_res/", "name": "jiesuandaliang.mp3", "md5": "23cae905e8bfd4f4e4f13cb202332c5a"}, 
{"path": "123/res/sound_res/", "name": "ou.mp3", "md5": "6076206f8880a39e426d39e565c5ccab"}, 
{"path": "123/res/sound_res/", "name": "pengz.mp3", "md5": "b03ac33f11be957f1641971ee6fe013e"}, 
{"path": "123/res/sound_res/", "name": "pengz.wav", "md5": "86cf2db7fa32ad184f1ed14ca3aef79d"}, 
{"path": "123/res/sound_res/", "name": "shaoliang.mp3", "md5": "08f8e76afee84de58b32261bcc2620c0"}, 
{"path": "123/res/sound_res/", "name": "tablejetton.mp3", "md5": "7951fb40de059fc1de10885cf8ae25fd"}, 
{"path": "123/res/sound_res/", "name": "xiao.mp3", "md5": "04fc221095cd820bfb61b040db96066d"}, 
{"path": "123/res/sound_res/", "name": "zhuangjiatuntu.mp3", "md5": "24b37bb7f2d3a77609fd19a574cd6e95"}, 
{"path": "123/res/", "name": "userlistLayer.csb", "md5": "6ab69f2a01bea4d22ff6cc498691028b"}, 
{"path": "123/res/wallbill/", "name": "ludan_1.png", "md5": "9e209b11ba91c4fa4d6f41a40ff35869"}, 
{"path": "123/res/wallbill/", "name": "ludan_2.png", "md5": "61a8dced94565c58c95a842955b6bf00"}, 
{"path": "123/res/wallbill/", "name": "ludan_3.png", "md5": "825ceda19e45579e6f4715a11c3e8c67"}, 
{"path": "123/res/wallbill/", "name": "ludan_new.png", "md5": "409688f91e9566151ca4aa2cb6011c72"}, 
{"path": "123/src/models/", "name": "CMD_Game.luac", "md5": "57a612082e97fad83b1b8aaacc701aee"}, 
{"path": "123/src/models/", "name": "SeatLayer.luac", "md5": "883708d9ea865c5aee77c5d2fcc85ef4"}, 
{"path": "123/src/views/", "name": "GameLayer.luac", "md5": "9db7b727cfad04ba6b614bbe90741b68"}, 
{"path": "123/src/views/layer/", "name": "ControlLayer.luac", "md5": "3ee08ece17913c33e75075c2bd0a0bfa"}, 
{"path": "123/src/views/layer/", "name": "GameRecordLayer.luac", "md5": "a083af9d7c117ea3d798e06da10bbc72"}, 
{"path": "123/src/views/layer/", "name": "GameViewLayer.luac", "md5": "2a932c97f407b9b7cc3be2927a5d240c"}, 
{"path": "123/src/views/layer/", "name": "RuleLayer.luac", "md5": "caff52e9665a2f063175d63f6f561fba"}, 
{"path": "123/src/views/layer/", "name": "SitRoleNode.luac", "md5": "0f2e4463f35c900bf0c19fa7cd8b0ebc"}, 
{"path": "123/src/views/layer/", "name": "UserListLayer.luac", "md5": "7f2489c50cfc622d31b69d6f29736988"}, 
{"path": "123/src/views/layer/", "name": "zhuanpanLyaer.luac", "md5": "b1651965d1116df1c425833f2206c94a"}, 
{"path": "123/src/views/", "name": "RoomView.luac", "md5": "73ad40e49ec620e5d9e0218218625671"}, 
{"path": "123/src/views/", "name": "RoomWallLayer.luac", "md5": "0a02c7cdab88a770dbbb7b32e72f2b4c"}, 
{"allcount": 312}]}