{"skeleton":{"hash":"5kTrGA0SYyLItBgOuNZoMEKmj7Y","spine":"3.1.08","width":188.09,"height":100.38,"images":"./images/"},"bones":[{"name":"root"},{"name":"bone","parent":"root","y":9.91},{"name":"guangxiao","parent":"bone","x":-30.08,"y":-1.96,"scaleY":0.36},{"name":"liandui","parent":"bone","x":0.17,"y":20.94},{"name":"shanguang1","parent":"bone","x":-6.04,"y":23.98,"scaleX":0.298,"scaleY":0.298},{"name":"shanguang2","parent":"bone","x":-6.04,"y":45.87,"scaleX":0.182,"scaleY":0.182,"rotation":-30.54},{"name":"shanguang3","parent":"bone","x":-18.95,"y":8.35,"scaleX":0.232,"scaleY":0.232},{"name":"shanguang4","parent":"bone","x":11.53,"y":26.86,"scaleX":0.232,"scaleY":0.232},{"name":"shanguang5","parent":"bone","x":17.35,"y":36.46,"scaleX":0.171,"scaleY":0.171,"rotation":-39.79},{"name":"shanguang6","parent":"bone","x":-37.68,"y":23.98,"scaleX":0.188,"scaleY":0.188,"rotation":-2.53},{"name":"shanguang7","parent":"bone","x":22.77,"y":0.63,"scaleX":0.142,"scaleY":0.142,"rotation":40.29},{"name":"shanguang8","parent":"bone","x":57.45,"y":18.35,"scaleX":0.255,"scaleY":0.255},{"name":"shanguang9","parent":"bone","x":61.15,"y":0.63,"scaleX":0.105,"scaleY":0.105,"rotation":40.29},{"name":"shanguang10","parent":"bone","x":80.4,"y":33.82,"scaleX":0.083,"scaleY":0.083,"rotation":40.29},{"name":"shanguang11","parent":"bone","x":-33.39,"y":14.94,"scaleX":0.105,"scaleY":0.105,"rotation":40.29}],"slots":[{"name":"liandui","bone":"liandui","attachment":"liandui"},{"name":"liandui1","bone":"liandui","attachment":"liandui1"},{"name":"guangxiao","bone":"guangxiao","attachment":"guangxiao"},{"name":"shanguang1","bone":"shanguang1","attachment":"shanguang1"},{"name":"shanguang8","bone":"shanguang8","attachment":"shanguang1"},{"name":"shanguang6","bone":"shanguang6","attachment":"shanguang1"},{"name":"shanguang11","bone":"shanguang11","attachment":"shanguang1"},{"name":"shanguang10","bone":"shanguang10","attachment":"shanguang1"},{"name":"shanguang7","bone":"shanguang7","attachment":"shanguang1"},{"name":"shanguang9","bone":"shanguang9","attachment":"shanguang1"},{"name":"shanguang3","bone":"shanguang3","attachment":"shanguang1"},{"name":"shanguang4","bone":"shanguang4","attachment":"shanguang1"},{"name":"shanguang2","bone":"shanguang2","attachment":"shanguang1"},{"name":"shanguang5","bone":"shanguang5","attachment":"shanguang1"}],"skins":{"default":{"guangxiao":{"guangxiao":{"x":4.09,"y":-2.53,"scaleX":0.995,"scaleY":1.442,"width":152,"height":152}},"liandui":{"liandui":{"x":-0.67,"y":1.85,"width":106,"height":54},"sandaier":{"x":-0.67,"y":1.85,"width":155,"height":55},"sandaiyi":{"x":-0.44,"y":2.01,"width":156,"height":55},"sanshun":{"x":-1.77,"y":2.27,"width":105,"height":54},"shunzi":{"x":-0.67,"y":1.85,"width":106,"height":54},"sidaisan":{"x":-0.67,"y":1.85,"width":154,"height":56}},"liandui1":{"liandui1":{"x":-0.75,"y":2.73,"width":120,"height":67},"sandaier1":{"x":-0.04,"y":2.42,"width":167,"height":66},"sandaiyi1":{"x":0.66,"y":2.69,"width":168,"height":66},"sanshun1":{"x":-1.08,"y":2.71,"width":117,"height":65},"shunzi1":{"x":0.14,"y":2.19,"width":118,"height":65},"sidaisan1":{"x":-0.78,"y":2.4,"width":166,"height":66}},"shanguang1":{"shanguang1":{"x":1.26,"y":-1.98,"width":100,"height":102}},"shanguang10":{"shanguang1":{"x":1.26,"y":-1.98,"width":100,"height":102}},"shanguang11":{"shanguang1":{"x":1.26,"y":-1.98,"width":100,"height":102}},"shanguang2":{"shanguang1":{"x":1.26,"y":-1.98,"width":100,"height":102}},"shanguang3":{"shanguang1":{"x":1.26,"y":-1.98,"width":100,"height":102}},"shanguang4":{"shanguang1":{"x":1.26,"y":-1.98,"width":100,"height":102}},"shanguang5":{"shanguang1":{"x":1.26,"y":-1.98,"width":100,"height":102}},"shanguang6":{"shanguang1":{"x":1.26,"y":-1.98,"width":100,"height":102}},"shanguang7":{"shanguang1":{"x":1.26,"y":-1.98,"width":100,"height":102}},"shanguang8":{"shanguang1":{"x":1.26,"y":-1.98,"width":100,"height":102}},"shanguang9":{"shanguang1":{"x":1.26,"y":-1.98,"width":100,"height":102}}}},"animations":{"liandui":{"slots":{"guangxiao":{"attachment":[{"time":0,"name":"guangxiao"}],"color":[{"time":0,"color":"ffffff5e","curve":[0.25,0,0.75,1]},{"time":0.1666,"color":"ffffffff","curve":"stepped"},{"time":0.4333,"color":"ffffffff","curve":[0.25,0,0.75,1]},{"time":0.7,"color":"ffffff00"}]},"liandui":{"attachment":[{"time":0,"name":"liandui"}],"color":[{"time":0,"color":"ffffffff"}]},"liandui1":{"attachment":[{"time":0,"name":"liandui1"}],"color":[{"time":0,"color":"ffffff00"},{"time":0.3333,"color":"ffffffff"},{"time":0.7333,"color":"ffffff00"}]},"shanguang1":{"attachment":[{"time":0,"name":"shanguang1"}],"color":[{"time":0,"color":"ffffffff","curve":"stepped"},{"time":0.4,"color":"ffffffff"},{"time":0.8333,"color":"ffffff00"}]},"shanguang2":{"attachment":[{"time":0,"name":null},{"time":0.0666,"name":"shanguang1"}],"color":[{"time":0,"color":"ffffffff","curve":"stepped"},{"time":0.0666,"color":"ffffffff","curve":"stepped"},{"time":0.5,"color":"ffffffff"},{"time":0.9,"color":"ffffff00"}]},"shanguang3":{"attachment":[{"time":0,"name":null},{"time":0.0333,"name":"shanguang1"}],"color":[{"time":0,"color":"ffffffff","curve":"stepped"},{"time":0.0333,"color":"ffffffff","curve":"stepped"},{"time":0.4666,"color":"ffffffff"},{"time":0.9,"color":"ffffff00"}]},"shanguang4":{"attachment":[{"time":0,"name":"shanguang1"}],"color":[{"time":0,"color":"ffffffff","curve":"stepped"},{"time":0.6666,"color":"ffffffff"},{"time":1.3333,"color":"ffffff00"}]},"shanguang5":{"attachment":[{"time":0,"name":null},{"time":0.0666,"name":"shanguang1"}],"color":[{"time":0,"color":"ffffffff","curve":"stepped"},{"time":0.0666,"color":"ffffffff","curve":"stepped"},{"time":0.6666,"color":"ffffffff"},{"time":1.2333,"color":"ffffff00"}]},"shanguang6":{"attachment":[{"time":0,"name":"shanguang1"}],"color":[{"time":0,"color":"ffffffff","curve":"stepped"},{"time":0.6666,"color":"ffffffff"},{"time":1.2,"color":"ffffff00"}]},"shanguang7":{"attachment":[{"time":0,"name":"shanguang1"}],"color":[{"time":0,"color":"ffffffff","curve":"stepped"},{"time":0.7,"color":"ffffffff"},{"time":1.3333,"color":"ffffff00"}]},"shanguang8":{"attachment":[{"time":0,"name":"shanguang1"}],"color":[{"time":0,"color":"ffffffff","curve":"stepped"},{"time":0.4666,"color":"ffffffff"},{"time":1.0666,"color":"ffffff00"}]},"shanguang9":{"attachment":[{"time":0,"name":"shanguang1"}],"color":[{"time":0,"color":"ffffffff","curve":"stepped"},{"time":0.6,"color":"ffffffff"},{"time":1.1,"color":"ffffff00"}]},"shanguang10":{"attachment":[{"time":0,"name":"shanguang1"}],"color":[{"time":0,"color":"ffffffff","curve":"stepped"},{"time":0.5,"color":"ffffffff"},{"time":1,"color":"ffffff00"}]},"shanguang11":{"attachment":[{"time":0,"name":"shanguang1"}],"color":[{"time":0,"color":"ffffffff","curve":"stepped"},{"time":0.3666,"color":"ffffffff"},{"time":0.6666,"color":"ffffff00"}]}},"bones":{"guangxiao":{"rotate":[{"time":0,"angle":0}],"translate":[{"time":0,"x":-105.85,"y":2.5,"curve":[0.341,0.36,0.675,0.7]},{"time":0.1666,"x":11.34,"y":1.94,"curve":[0.352,0.41,0.688,0.76]},{"time":0.4333,"x":41.41,"y":1.2,"curve":[0.364,0.64,0.7,1]},{"time":0.7,"x":59.86,"y":0.86}],"scale":[{"time":0,"x":0.386,"y":0.207,"curve":[0.279,0,0.622,0.39]},{"time":0.1666,"x":0.871,"y":0.767,"curve":[0.308,0.25,0.673,0.69]},{"time":0.4333,"x":0.964,"y":0.315,"curve":[0.308,0.25,0.673,0.69]},{"time":0.7,"x":0.394,"y":0.22}]},"liandui":{"rotate":[{"time":0,"angle":0}],"translate":[{"time":0,"x":-81.29,"y":0,"curve":[0,0.95,0.489,0.99]},{"time":0.6666,"x":0,"y":0}],"scale":[{"time":0,"x":1,"y":1}]},"shanguang1":{"rotate":[{"time":0,"angle":0},{"time":0.8333,"angle":-54.37}],"translate":[{"time":0,"x":-45.61,"y":4},{"time":0.8333,"x":-83,"y":4}],"scale":[{"time":0,"x":1,"y":1},{"time":0.8333,"x":0.352,"y":0.352}]},"shanguang2":{"rotate":[{"time":0,"angle":0},{"time":0.0666,"angle":35.49},{"time":0.9,"angle":112.12}],"translate":[{"time":0,"x":-54.9,"y":4},{"time":0.0666,"x":-41.42,"y":4},{"time":0.5,"x":-61.73,"y":4},{"time":0.9,"x":-78.66,"y":4}],"scale":[{"time":0,"x":1,"y":1,"curve":"stepped"},{"time":0.0666,"x":1,"y":1},{"time":0.9,"x":0.352,"y":0.352}]},"shanguang3":{"rotate":[{"time":0,"angle":0},{"time":0.0333,"angle":26.32},{"time":0.4666,"angle":62.84},{"time":0.9,"angle":90.02}],"translate":[{"time":0,"x":-45.61,"y":4},{"time":0.0333,"x":-36.36,"y":4},{"time":0.4666,"x":-43.39,"y":4},{"time":0.9,"x":-53.07,"y":4}],"scale":[{"time":0,"x":1,"y":1,"curve":"stepped"},{"time":0.0333,"x":1,"y":1},{"time":0.4666,"x":0.549,"y":0.549},{"time":0.9,"x":0.15,"y":0.15}]},"shanguang4":{"rotate":[{"time":0,"angle":26.32},{"time":0.6666,"angle":62.84},{"time":1.3333,"angle":90.02}],"translate":[{"time":0,"x":-29.11,"y":4},{"time":0.6666,"x":-41.87,"y":4},{"time":1.3333,"x":-66.35,"y":4}],"scale":[{"time":0,"x":1,"y":1},{"time":0.6666,"x":0.549,"y":0.549},{"time":1.3333,"x":0.15,"y":0.15}]},"shanguang5":{"rotate":[{"time":0,"angle":0},{"time":0.0666,"angle":35.49},{"time":1.2333,"angle":112.12}],"translate":[{"time":0,"x":-54.9,"y":4},{"time":0.0666,"x":-12.53,"y":4},{"time":0.6666,"x":-47.82,"y":4},{"time":1.2333,"x":-78.66,"y":4}],"scale":[{"time":0,"x":1,"y":1},{"time":0.0666,"x":1.084,"y":1.084},{"time":1.2333,"x":0.352,"y":0.352}]},"shanguang6":{"rotate":[{"time":0,"angle":0},{"time":1.2,"angle":-54.37}],"translate":[{"time":0,"x":-45.61,"y":4},{"time":1.2,"x":-83,"y":4}],"scale":[{"time":0,"x":1,"y":1},{"time":1.2,"x":0.352,"y":0.352}]},"shanguang7":{"rotate":[{"time":0,"angle":0},{"time":1.3333,"angle":-54.37}],"translate":[{"time":0,"x":-45.61,"y":4},{"time":0.7,"x":-72.83,"y":4},{"time":1.3333,"x":-97.17,"y":4}],"scale":[{"time":0,"x":1,"y":1},{"time":1.3333,"x":0.352,"y":0.352}]},"shanguang8":{"rotate":[{"time":0,"angle":0},{"time":0.4666,"angle":-111.94},{"time":1.0666,"angle":-163.09}],"translate":[{"time":0,"x":-45.61,"y":4},{"time":1.0666,"x":-83,"y":4}],"scale":[{"time":0,"x":0.607,"y":0.607},{"time":0.4666,"x":0.41,"y":0.41},{"time":1.0666,"x":0.352,"y":0.352}]},"shanguang9":{"rotate":[{"time":0,"angle":0},{"time":1.1,"angle":-54.37}],"translate":[{"time":0,"x":-45.61,"y":4},{"time":0.6,"x":-72.83,"y":4},{"time":1.1,"x":-97.17,"y":4}],"scale":[{"time":0,"x":1,"y":1},{"time":1.1,"x":0.352,"y":0.352}]},"shanguang10":{"rotate":[{"time":0,"angle":0},{"time":1,"angle":-54.37}],"translate":[{"time":0,"x":-45.61,"y":4},{"time":0.5,"x":-59.77,"y":4},{"time":1,"x":-74.19,"y":4}],"scale":[{"time":0,"x":1,"y":1},{"time":1,"x":0.352,"y":0.352}]},"shanguang11":{"rotate":[{"time":0,"angle":0},{"time":0.6666,"angle":-54.37}],"translate":[{"time":0,"x":-45.61,"y":4},{"time":0.6666,"x":-83,"y":4}],"scale":[{"time":0,"x":1,"y":1},{"time":0.6666,"x":0.352,"y":0.352}]}},"drawOrder":[{"time":0},{"time":0.0666}]},"sandaier":{"slots":{"guangxiao":{"attachment":[{"time":0,"name":"guangxiao"}],"color":[{"time":0,"color":"ffffff5e","curve":[0.25,0,0.75,1]},{"time":0.1666,"color":"ffffffff","curve":"stepped"},{"time":0.4333,"color":"ffffffff","curve":[0.25,0,0.75,1]},{"time":0.7,"color":"ffffff00"}]},"liandui":{"attachment":[{"time":0,"name":"sandaier"}],"color":[{"time":0,"color":"ffffffff"}]},"liandui1":{"attachment":[{"time":0,"name":"sandaier1"}],"color":[{"time":0,"color":"ffffff00"},{"time":0.3333,"color":"ffffffff"},{"time":0.7333,"color":"ffffff00"}]},"shanguang1":{"attachment":[{"time":0,"name":"shanguang1"}],"color":[{"time":0,"color":"ffffffff","curve":"stepped"},{"time":0.4,"color":"ffffffff"},{"time":0.8333,"color":"ffffff00"}]},"shanguang2":{"attachment":[{"time":0,"name":null},{"time":0.0666,"name":"shanguang1"}],"color":[{"time":0,"color":"ffffffff","curve":"stepped"},{"time":0.0666,"color":"ffffffff","curve":"stepped"},{"time":0.5,"color":"ffffffff"},{"time":0.9,"color":"ffffff00"}]},"shanguang3":{"attachment":[{"time":0,"name":null},{"time":0.0333,"name":"shanguang1"}],"color":[{"time":0,"color":"ffffffff","curve":"stepped"},{"time":0.0333,"color":"ffffffff","curve":"stepped"},{"time":0.4666,"color":"ffffffff"},{"time":0.9,"color":"ffffff00"}]},"shanguang4":{"attachment":[{"time":0,"name":"shanguang1"}],"color":[{"time":0,"color":"ffffffff","curve":"stepped"},{"time":0.6666,"color":"ffffffff"},{"time":1.3333,"color":"ffffff00"}]},"shanguang5":{"attachment":[{"time":0,"name":null},{"time":0.0666,"name":"shanguang1"}],"color":[{"time":0,"color":"ffffffff","curve":"stepped"},{"time":0.0666,"color":"ffffffff","curve":"stepped"},{"time":0.6666,"color":"ffffffff"},{"time":1.2333,"color":"ffffff00"}]},"shanguang6":{"attachment":[{"time":0,"name":"shanguang1"}],"color":[{"time":0,"color":"ffffffff","curve":"stepped"},{"time":0.6666,"color":"ffffffff"},{"time":1.2,"color":"ffffff00"}]},"shanguang7":{"attachment":[{"time":0,"name":"shanguang1"}],"color":[{"time":0,"color":"ffffffff","curve":"stepped"},{"time":0.7,"color":"ffffffff"},{"time":1.3333,"color":"ffffff00"}]},"shanguang8":{"attachment":[{"time":0,"name":"shanguang1"}],"color":[{"time":0,"color":"ffffffff","curve":"stepped"},{"time":0.4666,"color":"ffffffff"},{"time":1.0666,"color":"ffffff00"}]},"shanguang9":{"attachment":[{"time":0,"name":"shanguang1"}],"color":[{"time":0,"color":"ffffffff","curve":"stepped"},{"time":0.6,"color":"ffffffff"},{"time":1.1,"color":"ffffff00"}]},"shanguang10":{"attachment":[{"time":0,"name":"shanguang1"}],"color":[{"time":0,"color":"ffffffff","curve":"stepped"},{"time":0.5,"color":"ffffffff"},{"time":1,"color":"ffffff00"}]},"shanguang11":{"attachment":[{"time":0,"name":"shanguang1"}],"color":[{"time":0,"color":"ffffffff","curve":"stepped"},{"time":0.3666,"color":"ffffffff"},{"time":0.6666,"color":"ffffff00"}]}},"bones":{"guangxiao":{"rotate":[{"time":0,"angle":0}],"translate":[{"time":0,"x":-130.28,"y":2.5,"curve":[0.341,0.36,0.675,0.7]},{"time":0.1666,"x":32.28,"y":1.94,"curve":[0.352,0.41,0.688,0.76]},{"time":0.4333,"x":82.69,"y":1.2,"curve":[0.364,0.64,0.7,1]},{"time":0.7,"x":98.25,"y":0.86}],"scale":[{"time":0,"x":0.386,"y":0.207,"curve":[0.279,0,0.622,0.39]},{"time":0.1666,"x":0.871,"y":0.767,"curve":[0.308,0.25,0.673,0.69]},{"time":0.4333,"x":0.964,"y":0.315,"curve":[0.308,0.25,0.673,0.69]},{"time":0.7,"x":0.394,"y":0.22}]},"liandui":{"rotate":[{"time":0,"angle":0}],"translate":[{"time":0,"x":-81.29,"y":0,"curve":[0,0.95,0.489,0.99]},{"time":0.6666,"x":0,"y":0}],"scale":[{"time":0,"x":1,"y":1}]},"shanguang1":{"rotate":[{"time":0,"angle":0},{"time":0.8333,"angle":-54.37}],"translate":[{"time":0,"x":-45.61,"y":4},{"time":0.8333,"x":-83,"y":4}],"scale":[{"time":0,"x":1,"y":1},{"time":0.8333,"x":0.352,"y":0.352}]},"shanguang2":{"rotate":[{"time":0,"angle":0},{"time":0.0666,"angle":35.49},{"time":0.9,"angle":112.12}],"translate":[{"time":0,"x":-54.9,"y":4},{"time":0.0666,"x":-41.42,"y":4},{"time":0.5,"x":-61.73,"y":4},{"time":0.9,"x":-78.66,"y":4}],"scale":[{"time":0,"x":1,"y":1,"curve":"stepped"},{"time":0.0666,"x":1,"y":1},{"time":0.9,"x":0.352,"y":0.352}]},"shanguang3":{"rotate":[{"time":0,"angle":0},{"time":0.0333,"angle":26.32},{"time":0.4666,"angle":62.84},{"time":0.9,"angle":90.02}],"translate":[{"time":0,"x":-45.61,"y":4},{"time":0.0333,"x":-36.36,"y":4},{"time":0.4666,"x":-43.39,"y":4},{"time":0.9,"x":-53.07,"y":4}],"scale":[{"time":0,"x":1,"y":1,"curve":"stepped"},{"time":0.0333,"x":1,"y":1},{"time":0.4666,"x":0.549,"y":0.549},{"time":0.9,"x":0.15,"y":0.15}]},"shanguang4":{"rotate":[{"time":0,"angle":26.32},{"time":0.6666,"angle":62.84},{"time":1.3333,"angle":90.02}],"translate":[{"time":0,"x":-29.11,"y":4},{"time":0.6666,"x":-41.87,"y":4},{"time":1.3333,"x":-66.35,"y":4}],"scale":[{"time":0,"x":1,"y":1},{"time":0.6666,"x":0.549,"y":0.549},{"time":1.3333,"x":0.15,"y":0.15}]},"shanguang5":{"rotate":[{"time":0,"angle":0},{"time":0.0666,"angle":35.49},{"time":1.2333,"angle":112.12}],"translate":[{"time":0,"x":-54.9,"y":4},{"time":0.0666,"x":-12.53,"y":4},{"time":0.6666,"x":-47.82,"y":4},{"time":1.2333,"x":-78.66,"y":4}],"scale":[{"time":0,"x":1,"y":1},{"time":0.0666,"x":1.084,"y":1.084},{"time":1.2333,"x":0.352,"y":0.352}]},"shanguang6":{"rotate":[{"time":0,"angle":0},{"time":1.2,"angle":-54.37}],"translate":[{"time":0,"x":-45.61,"y":4},{"time":1.2,"x":-83,"y":4}],"scale":[{"time":0,"x":1,"y":1},{"time":1.2,"x":0.352,"y":0.352}]},"shanguang7":{"rotate":[{"time":0,"angle":0},{"time":1.3333,"angle":-54.37}],"translate":[{"time":0,"x":-45.61,"y":4},{"time":0.7,"x":-72.83,"y":4},{"time":1.3333,"x":-97.17,"y":4}],"scale":[{"time":0,"x":1,"y":1},{"time":1.3333,"x":0.352,"y":0.352}]},"shanguang8":{"rotate":[{"time":0,"angle":0},{"time":0.4666,"angle":-111.94},{"time":1.0666,"angle":-163.09}],"translate":[{"time":0,"x":-45.61,"y":4},{"time":1.0666,"x":-83,"y":4}],"scale":[{"time":0,"x":0.607,"y":0.607},{"time":0.4666,"x":0.41,"y":0.41},{"time":1.0666,"x":0.352,"y":0.352}]},"shanguang9":{"rotate":[{"time":0,"angle":0},{"time":1.1,"angle":-54.37}],"translate":[{"time":0,"x":-45.61,"y":4},{"time":0.6,"x":-72.83,"y":4},{"time":1.1,"x":-97.17,"y":4}],"scale":[{"time":0,"x":1,"y":1},{"time":1.1,"x":0.352,"y":0.352}]},"shanguang10":{"rotate":[{"time":0,"angle":0},{"time":1,"angle":-54.37}],"translate":[{"time":0,"x":-45.61,"y":4},{"time":0.5,"x":-59.77,"y":4},{"time":1,"x":-74.19,"y":4}],"scale":[{"time":0,"x":1,"y":1},{"time":1,"x":0.352,"y":0.352}]},"shanguang11":{"rotate":[{"time":0,"angle":0},{"time":0.6666,"angle":-54.37}],"translate":[{"time":0,"x":-45.61,"y":4},{"time":0.6666,"x":-83,"y":4}],"scale":[{"time":0,"x":1,"y":1},{"time":0.6666,"x":0.352,"y":0.352}]}},"drawOrder":[{"time":0},{"time":0.0666}]},"sandaiyi":{"slots":{"guangxiao":{"attachment":[{"time":0,"name":"guangxiao"}],"color":[{"time":0,"color":"ffffff5e","curve":[0.25,0,0.75,1]},{"time":0.1666,"color":"ffffffff","curve":"stepped"},{"time":0.4333,"color":"ffffffff","curve":[0.25,0,0.75,1]},{"time":0.7,"color":"ffffff00"}]},"liandui":{"attachment":[{"time":0,"name":"sandaiyi"}],"color":[{"time":0,"color":"ffffffff"}]},"liandui1":{"attachment":[{"time":0,"name":"sandaiyi1"}],"color":[{"time":0,"color":"ffffff00"},{"time":0.3333,"color":"ffffffff"},{"time":0.7333,"color":"ffffff00"}]},"shanguang1":{"attachment":[{"time":0,"name":"shanguang1"}],"color":[{"time":0,"color":"ffffffff","curve":"stepped"},{"time":0.4,"color":"ffffffff"},{"time":0.8333,"color":"ffffff00"}]},"shanguang2":{"attachment":[{"time":0,"name":null},{"time":0.0666,"name":"shanguang1"}],"color":[{"time":0,"color":"ffffffff","curve":"stepped"},{"time":0.0666,"color":"ffffffff","curve":"stepped"},{"time":0.5,"color":"ffffffff"},{"time":0.9,"color":"ffffff00"}]},"shanguang3":{"attachment":[{"time":0,"name":null},{"time":0.0333,"name":"shanguang1"}],"color":[{"time":0,"color":"ffffffff","curve":"stepped"},{"time":0.0333,"color":"ffffffff","curve":"stepped"},{"time":0.4666,"color":"ffffffff"},{"time":0.9,"color":"ffffff00"}]},"shanguang4":{"attachment":[{"time":0,"name":"shanguang1"}],"color":[{"time":0,"color":"ffffffff","curve":"stepped"},{"time":0.6666,"color":"ffffffff"},{"time":1.3333,"color":"ffffff00"}]},"shanguang5":{"attachment":[{"time":0,"name":null},{"time":0.0666,"name":"shanguang1"}],"color":[{"time":0,"color":"ffffffff","curve":"stepped"},{"time":0.0666,"color":"ffffffff","curve":"stepped"},{"time":0.6666,"color":"ffffffff"},{"time":1.2333,"color":"ffffff00"}]},"shanguang6":{"attachment":[{"time":0,"name":"shanguang1"}],"color":[{"time":0,"color":"ffffffff","curve":"stepped"},{"time":0.6666,"color":"ffffffff"},{"time":1.2,"color":"ffffff00"}]},"shanguang7":{"attachment":[{"time":0,"name":"shanguang1"}],"color":[{"time":0,"color":"ffffffff","curve":"stepped"},{"time":0.7,"color":"ffffffff"},{"time":1.3333,"color":"ffffff00"}]},"shanguang8":{"attachment":[{"time":0,"name":"shanguang1"}],"color":[{"time":0,"color":"ffffffff","curve":"stepped"},{"time":0.4666,"color":"ffffffff"},{"time":1.0666,"color":"ffffff00"}]},"shanguang9":{"attachment":[{"time":0,"name":"shanguang1"}],"color":[{"time":0,"color":"ffffffff","curve":"stepped"},{"time":0.6,"color":"ffffffff"},{"time":1.1,"color":"ffffff00"}]},"shanguang10":{"attachment":[{"time":0,"name":"shanguang1"}],"color":[{"time":0,"color":"ffffffff","curve":"stepped"},{"time":0.5,"color":"ffffffff"},{"time":1,"color":"ffffff00"}]},"shanguang11":{"attachment":[{"time":0,"name":"shanguang1"}],"color":[{"time":0,"color":"ffffffff","curve":"stepped"},{"time":0.3666,"color":"ffffffff"},{"time":0.6666,"color":"ffffff00"}]}},"bones":{"guangxiao":{"rotate":[{"time":0,"angle":0}],"translate":[{"time":0,"x":-130.28,"y":2.5,"curve":[0.341,0.36,0.675,0.7]},{"time":0.1666,"x":32.28,"y":1.94,"curve":[0.352,0.41,0.688,0.76]},{"time":0.4333,"x":82.69,"y":1.2,"curve":[0.364,0.64,0.7,1]},{"time":0.7,"x":98.25,"y":0.86}],"scale":[{"time":0,"x":0.386,"y":0.207,"curve":[0.279,0,0.622,0.39]},{"time":0.1666,"x":0.871,"y":0.767,"curve":[0.308,0.25,0.673,0.69]},{"time":0.4333,"x":0.964,"y":0.315,"curve":[0.308,0.25,0.673,0.69]},{"time":0.7,"x":0.394,"y":0.22}]},"liandui":{"rotate":[{"time":0,"angle":0}],"translate":[{"time":0,"x":-81.29,"y":0,"curve":[0,0.95,0.489,0.99]},{"time":0.6666,"x":0,"y":0}],"scale":[{"time":0,"x":1,"y":1}]},"shanguang1":{"rotate":[{"time":0,"angle":0},{"time":0.8333,"angle":-54.37}],"translate":[{"time":0,"x":-45.61,"y":4},{"time":0.8333,"x":-83,"y":4}],"scale":[{"time":0,"x":1,"y":1},{"time":0.8333,"x":0.352,"y":0.352}]},"shanguang2":{"rotate":[{"time":0,"angle":0},{"time":0.0666,"angle":35.49},{"time":0.9,"angle":112.12}],"translate":[{"time":0,"x":-54.9,"y":4},{"time":0.0666,"x":-41.42,"y":4},{"time":0.5,"x":-61.73,"y":4},{"time":0.9,"x":-78.66,"y":4}],"scale":[{"time":0,"x":1,"y":1,"curve":"stepped"},{"time":0.0666,"x":1,"y":1},{"time":0.9,"x":0.352,"y":0.352}]},"shanguang3":{"rotate":[{"time":0,"angle":0},{"time":0.0333,"angle":26.32},{"time":0.4666,"angle":62.84},{"time":0.9,"angle":90.02}],"translate":[{"time":0,"x":-45.61,"y":4},{"time":0.0333,"x":-36.36,"y":4},{"time":0.4666,"x":-43.39,"y":4},{"time":0.9,"x":-53.07,"y":4}],"scale":[{"time":0,"x":1,"y":1,"curve":"stepped"},{"time":0.0333,"x":1,"y":1},{"time":0.4666,"x":0.549,"y":0.549},{"time":0.9,"x":0.15,"y":0.15}]},"shanguang4":{"rotate":[{"time":0,"angle":26.32},{"time":0.6666,"angle":62.84},{"time":1.3333,"angle":90.02}],"translate":[{"time":0,"x":-29.11,"y":4},{"time":0.6666,"x":-41.87,"y":4},{"time":1.3333,"x":-66.35,"y":4}],"scale":[{"time":0,"x":1,"y":1},{"time":0.6666,"x":0.549,"y":0.549},{"time":1.3333,"x":0.15,"y":0.15}]},"shanguang5":{"rotate":[{"time":0,"angle":0},{"time":0.0666,"angle":35.49},{"time":1.2333,"angle":112.12}],"translate":[{"time":0,"x":-54.9,"y":4},{"time":0.0666,"x":-12.53,"y":4},{"time":0.6666,"x":-47.82,"y":4},{"time":1.2333,"x":-78.66,"y":4}],"scale":[{"time":0,"x":1,"y":1},{"time":0.0666,"x":1.084,"y":1.084},{"time":1.2333,"x":0.352,"y":0.352}]},"shanguang6":{"rotate":[{"time":0,"angle":0},{"time":1.2,"angle":-54.37}],"translate":[{"time":0,"x":-45.61,"y":4},{"time":1.2,"x":-83,"y":4}],"scale":[{"time":0,"x":1,"y":1},{"time":1.2,"x":0.352,"y":0.352}]},"shanguang7":{"rotate":[{"time":0,"angle":0},{"time":1.3333,"angle":-54.37}],"translate":[{"time":0,"x":-45.61,"y":4},{"time":0.7,"x":-72.83,"y":4},{"time":1.3333,"x":-97.17,"y":4}],"scale":[{"time":0,"x":1,"y":1},{"time":1.3333,"x":0.352,"y":0.352}]},"shanguang8":{"rotate":[{"time":0,"angle":0},{"time":0.4666,"angle":-111.94},{"time":1.0666,"angle":-163.09}],"translate":[{"time":0,"x":-45.61,"y":4},{"time":1.0666,"x":-83,"y":4}],"scale":[{"time":0,"x":0.607,"y":0.607},{"time":0.4666,"x":0.41,"y":0.41},{"time":1.0666,"x":0.352,"y":0.352}]},"shanguang9":{"rotate":[{"time":0,"angle":0},{"time":1.1,"angle":-54.37}],"translate":[{"time":0,"x":-45.61,"y":4},{"time":0.6,"x":-72.83,"y":4},{"time":1.1,"x":-97.17,"y":4}],"scale":[{"time":0,"x":1,"y":1},{"time":1.1,"x":0.352,"y":0.352}]},"shanguang10":{"rotate":[{"time":0,"angle":0},{"time":1,"angle":-54.37}],"translate":[{"time":0,"x":-45.61,"y":4},{"time":0.5,"x":-59.77,"y":4},{"time":1,"x":-74.19,"y":4}],"scale":[{"time":0,"x":1,"y":1},{"time":1,"x":0.352,"y":0.352}]},"shanguang11":{"rotate":[{"time":0,"angle":0},{"time":0.6666,"angle":-54.37}],"translate":[{"time":0,"x":-45.61,"y":4},{"time":0.6666,"x":-83,"y":4}],"scale":[{"time":0,"x":1,"y":1},{"time":0.6666,"x":0.352,"y":0.352}]}},"drawOrder":[{"time":0},{"time":0.0666}]},"sanshun":{"slots":{"guangxiao":{"attachment":[{"time":0,"name":"guangxiao"}],"color":[{"time":0,"color":"ffffff5e","curve":[0.25,0,0.75,1]},{"time":0.1666,"color":"ffffffff","curve":"stepped"},{"time":0.4333,"color":"ffffffff","curve":[0.25,0,0.75,1]},{"time":0.7,"color":"ffffff00"}]},"liandui":{"attachment":[{"time":0,"name":"sanshun"}],"color":[{"time":0,"color":"ffffffff"}]},"liandui1":{"attachment":[{"time":0,"name":"sanshun1"}],"color":[{"time":0,"color":"ffffff00"},{"time":0.3333,"color":"ffffffff"},{"time":0.7333,"color":"ffffff00"}]},"shanguang1":{"attachment":[{"time":0,"name":"shanguang1"}],"color":[{"time":0,"color":"ffffffff","curve":"stepped"},{"time":0.4,"color":"ffffffff"},{"time":0.8333,"color":"ffffff00"}]},"shanguang2":{"attachment":[{"time":0,"name":null},{"time":0.0666,"name":"shanguang1"}],"color":[{"time":0,"color":"ffffffff","curve":"stepped"},{"time":0.0666,"color":"ffffffff","curve":"stepped"},{"time":0.5,"color":"ffffffff"},{"time":0.9,"color":"ffffff00"}]},"shanguang3":{"attachment":[{"time":0,"name":null},{"time":0.0333,"name":"shanguang1"}],"color":[{"time":0,"color":"ffffffff","curve":"stepped"},{"time":0.0333,"color":"ffffffff","curve":"stepped"},{"time":0.4666,"color":"ffffffff"},{"time":0.9,"color":"ffffff00"}]},"shanguang4":{"attachment":[{"time":0,"name":"shanguang1"}],"color":[{"time":0,"color":"ffffffff","curve":"stepped"},{"time":0.6666,"color":"ffffffff"},{"time":1.3333,"color":"ffffff00"}]},"shanguang5":{"attachment":[{"time":0,"name":null},{"time":0.0666,"name":"shanguang1"}],"color":[{"time":0,"color":"ffffffff","curve":"stepped"},{"time":0.0666,"color":"ffffffff","curve":"stepped"},{"time":0.6666,"color":"ffffffff"},{"time":1.2333,"color":"ffffff00"}]},"shanguang6":{"attachment":[{"time":0,"name":"shanguang1"}],"color":[{"time":0,"color":"ffffffff","curve":"stepped"},{"time":0.6666,"color":"ffffffff"},{"time":1.2,"color":"ffffff00"}]},"shanguang7":{"attachment":[{"time":0,"name":"shanguang1"}],"color":[{"time":0,"color":"ffffffff","curve":"stepped"},{"time":0.7,"color":"ffffffff"},{"time":1.3333,"color":"ffffff00"}]},"shanguang8":{"attachment":[{"time":0,"name":"shanguang1"}],"color":[{"time":0,"color":"ffffffff","curve":"stepped"},{"time":0.4666,"color":"ffffffff"},{"time":1.0666,"color":"ffffff00"}]},"shanguang9":{"attachment":[{"time":0,"name":"shanguang1"}],"color":[{"time":0,"color":"ffffffff","curve":"stepped"},{"time":0.6,"color":"ffffffff"},{"time":1.1,"color":"ffffff00"}]},"shanguang10":{"attachment":[{"time":0,"name":"shanguang1"}],"color":[{"time":0,"color":"ffffffff","curve":"stepped"},{"time":0.5,"color":"ffffffff"},{"time":1,"color":"ffffff00"}]},"shanguang11":{"attachment":[{"time":0,"name":"shanguang1"}],"color":[{"time":0,"color":"ffffffff","curve":"stepped"},{"time":0.3666,"color":"ffffffff"},{"time":0.6666,"color":"ffffff00"}]}},"bones":{"guangxiao":{"rotate":[{"time":0,"angle":0}],"translate":[{"time":0,"x":-105.85,"y":2.5,"curve":[0.341,0.36,0.675,0.7]},{"time":0.1666,"x":11.34,"y":1.94,"curve":[0.352,0.41,0.688,0.76]},{"time":0.4333,"x":54.65,"y":1.2,"curve":[0.364,0.64,0.7,1]},{"time":0.7,"x":71.33,"y":0.86}],"scale":[{"time":0,"x":0.386,"y":0.207,"curve":[0.279,0,0.622,0.39]},{"time":0.1666,"x":0.871,"y":0.767,"curve":[0.308,0.25,0.673,0.69]},{"time":0.4333,"x":0.964,"y":0.315,"curve":[0.308,0.25,0.673,0.69]},{"time":0.7,"x":0.394,"y":0.22}]},"liandui":{"rotate":[{"time":0,"angle":0}],"translate":[{"time":0,"x":-81.29,"y":0,"curve":[0,0.95,0.489,0.99]},{"time":0.6666,"x":0,"y":0}],"scale":[{"time":0,"x":1,"y":1}]},"shanguang1":{"rotate":[{"time":0,"angle":0},{"time":0.8333,"angle":-54.37}],"translate":[{"time":0,"x":-45.61,"y":4},{"time":0.8333,"x":-83,"y":4}],"scale":[{"time":0,"x":1,"y":1},{"time":0.8333,"x":0.352,"y":0.352}]},"shanguang2":{"rotate":[{"time":0,"angle":0},{"time":0.0666,"angle":35.49},{"time":0.9,"angle":112.12}],"translate":[{"time":0,"x":-54.9,"y":4},{"time":0.0666,"x":-41.42,"y":4},{"time":0.5,"x":-61.73,"y":4},{"time":0.9,"x":-78.66,"y":4}],"scale":[{"time":0,"x":1,"y":1,"curve":"stepped"},{"time":0.0666,"x":1,"y":1},{"time":0.9,"x":0.352,"y":0.352}]},"shanguang3":{"rotate":[{"time":0,"angle":0},{"time":0.0333,"angle":26.32},{"time":0.4666,"angle":62.84},{"time":0.9,"angle":90.02}],"translate":[{"time":0,"x":-45.61,"y":4},{"time":0.0333,"x":-36.36,"y":4},{"time":0.4666,"x":-43.39,"y":4},{"time":0.9,"x":-53.07,"y":4}],"scale":[{"time":0,"x":1,"y":1,"curve":"stepped"},{"time":0.0333,"x":1,"y":1},{"time":0.4666,"x":0.549,"y":0.549},{"time":0.9,"x":0.15,"y":0.15}]},"shanguang4":{"rotate":[{"time":0,"angle":26.32},{"time":0.6666,"angle":62.84},{"time":1.3333,"angle":90.02}],"translate":[{"time":0,"x":-29.11,"y":4},{"time":0.6666,"x":-41.87,"y":4},{"time":1.3333,"x":-66.35,"y":4}],"scale":[{"time":0,"x":1,"y":1},{"time":0.6666,"x":0.549,"y":0.549},{"time":1.3333,"x":0.15,"y":0.15}]},"shanguang5":{"rotate":[{"time":0,"angle":0},{"time":0.0666,"angle":35.49},{"time":1.2333,"angle":112.12}],"translate":[{"time":0,"x":-54.9,"y":4},{"time":0.0666,"x":-12.53,"y":4},{"time":0.6666,"x":-47.82,"y":4},{"time":1.2333,"x":-78.66,"y":4}],"scale":[{"time":0,"x":1,"y":1},{"time":0.0666,"x":1.084,"y":1.084},{"time":1.2333,"x":0.352,"y":0.352}]},"shanguang6":{"rotate":[{"time":0,"angle":0},{"time":1.2,"angle":-54.37}],"translate":[{"time":0,"x":-45.61,"y":4},{"time":1.2,"x":-83,"y":4}],"scale":[{"time":0,"x":1,"y":1},{"time":1.2,"x":0.352,"y":0.352}]},"shanguang7":{"rotate":[{"time":0,"angle":0},{"time":1.3333,"angle":-54.37}],"translate":[{"time":0,"x":-45.61,"y":4},{"time":0.7,"x":-72.83,"y":4},{"time":1.3333,"x":-97.17,"y":4}],"scale":[{"time":0,"x":1,"y":1},{"time":1.3333,"x":0.352,"y":0.352}]},"shanguang8":{"rotate":[{"time":0,"angle":0},{"time":0.4666,"angle":-111.94},{"time":1.0666,"angle":-163.09}],"translate":[{"time":0,"x":-45.61,"y":4},{"time":1.0666,"x":-83,"y":4}],"scale":[{"time":0,"x":0.607,"y":0.607},{"time":0.4666,"x":0.41,"y":0.41},{"time":1.0666,"x":0.352,"y":0.352}]},"shanguang9":{"rotate":[{"time":0,"angle":0},{"time":1.1,"angle":-54.37}],"translate":[{"time":0,"x":-45.61,"y":4},{"time":0.6,"x":-72.83,"y":4},{"time":1.1,"x":-97.17,"y":4}],"scale":[{"time":0,"x":1,"y":1},{"time":1.1,"x":0.352,"y":0.352}]},"shanguang10":{"rotate":[{"time":0,"angle":0},{"time":1,"angle":-54.37}],"translate":[{"time":0,"x":-45.61,"y":4},{"time":0.5,"x":-59.77,"y":4},{"time":1,"x":-74.19,"y":4}],"scale":[{"time":0,"x":1,"y":1},{"time":1,"x":0.352,"y":0.352}]},"shanguang11":{"rotate":[{"time":0,"angle":0},{"time":0.6666,"angle":-54.37}],"translate":[{"time":0,"x":-45.61,"y":4},{"time":0.6666,"x":-83,"y":4}],"scale":[{"time":0,"x":1,"y":1},{"time":0.6666,"x":0.352,"y":0.352}]}},"drawOrder":[{"time":0},{"time":0.0666}]},"shunzi":{"slots":{"guangxiao":{"attachment":[{"time":0,"name":"guangxiao"}],"color":[{"time":0,"color":"ffffff5e","curve":[0.25,0,0.75,1]},{"time":0.1666,"color":"ffffffff","curve":"stepped"},{"time":0.4333,"color":"ffffffff","curve":[0.25,0,0.75,1]},{"time":0.7,"color":"ffffff00"}]},"liandui":{"attachment":[{"time":0,"name":"shunzi"}],"color":[{"time":0,"color":"ffffffff"}]},"liandui1":{"attachment":[{"time":0,"name":"shunzi1"}],"color":[{"time":0,"color":"ffffff00"},{"time":0.3333,"color":"ffffffff"},{"time":0.7333,"color":"ffffff00"}]},"shanguang1":{"attachment":[{"time":0,"name":"shanguang1"}],"color":[{"time":0,"color":"ffffffff","curve":"stepped"},{"time":0.4,"color":"ffffffff"},{"time":0.8333,"color":"ffffff00"}]},"shanguang2":{"attachment":[{"time":0,"name":null},{"time":0.0666,"name":"shanguang1"}],"color":[{"time":0,"color":"ffffffff","curve":"stepped"},{"time":0.0666,"color":"ffffffff","curve":"stepped"},{"time":0.5,"color":"ffffffff"},{"time":0.9,"color":"ffffff00"}]},"shanguang3":{"attachment":[{"time":0,"name":null},{"time":0.0333,"name":"shanguang1"}],"color":[{"time":0,"color":"ffffffff","curve":"stepped"},{"time":0.0333,"color":"ffffffff","curve":"stepped"},{"time":0.4666,"color":"ffffffff"},{"time":0.9,"color":"ffffff00"}]},"shanguang4":{"attachment":[{"time":0,"name":"shanguang1"}],"color":[{"time":0,"color":"ffffffff","curve":"stepped"},{"time":0.6666,"color":"ffffffff"},{"time":1.3333,"color":"ffffff00"}]},"shanguang5":{"attachment":[{"time":0,"name":null},{"time":0.0666,"name":"shanguang1"}],"color":[{"time":0,"color":"ffffffff","curve":"stepped"},{"time":0.0666,"color":"ffffffff","curve":"stepped"},{"time":0.6666,"color":"ffffffff"},{"time":1.2333,"color":"ffffff00"}]},"shanguang6":{"attachment":[{"time":0,"name":"shanguang1"}],"color":[{"time":0,"color":"ffffffff","curve":"stepped"},{"time":0.6666,"color":"ffffffff"},{"time":1.2,"color":"ffffff00"}]},"shanguang7":{"attachment":[{"time":0,"name":"shanguang1"}],"color":[{"time":0,"color":"ffffffff","curve":"stepped"},{"time":0.7,"color":"ffffffff"},{"time":1.3333,"color":"ffffff00"}]},"shanguang8":{"attachment":[{"time":0,"name":"shanguang1"}],"color":[{"time":0,"color":"ffffffff","curve":"stepped"},{"time":0.4666,"color":"ffffffff"},{"time":1.0666,"color":"ffffff00"}]},"shanguang9":{"attachment":[{"time":0,"name":"shanguang1"}],"color":[{"time":0,"color":"ffffffff","curve":"stepped"},{"time":0.6,"color":"ffffffff"},{"time":1.1,"color":"ffffff00"}]},"shanguang10":{"attachment":[{"time":0,"name":"shanguang1"}],"color":[{"time":0,"color":"ffffffff","curve":"stepped"},{"time":0.5,"color":"ffffffff"},{"time":1,"color":"ffffff00"}]},"shanguang11":{"attachment":[{"time":0,"name":"shanguang1"}],"color":[{"time":0,"color":"ffffffff","curve":"stepped"},{"time":0.3666,"color":"ffffffff"},{"time":0.6666,"color":"ffffff00"}]}},"bones":{"guangxiao":{"rotate":[{"time":0,"angle":0}],"translate":[{"time":0,"x":-105.85,"y":2.5,"curve":[0.341,0.36,0.675,0.7]},{"time":0.1666,"x":11.34,"y":1.94,"curve":[0.352,0.41,0.688,0.76]},{"time":0.4333,"x":41.41,"y":1.2,"curve":[0.364,0.64,0.7,1]},{"time":0.7,"x":59.86,"y":0.86}],"scale":[{"time":0,"x":0.386,"y":0.207,"curve":[0.279,0,0.622,0.39]},{"time":0.1666,"x":0.871,"y":0.767,"curve":[0.308,0.25,0.673,0.69]},{"time":0.4333,"x":0.964,"y":0.315,"curve":[0.308,0.25,0.673,0.69]},{"time":0.7,"x":0.394,"y":0.22}]},"liandui":{"rotate":[{"time":0,"angle":0}],"translate":[{"time":0,"x":-81.29,"y":0,"curve":[0,0.95,0.489,0.99]},{"time":0.6666,"x":0,"y":0}],"scale":[{"time":0,"x":1,"y":1}]},"shanguang1":{"rotate":[{"time":0,"angle":0},{"time":0.8333,"angle":-54.37}],"translate":[{"time":0,"x":-45.61,"y":4},{"time":0.8333,"x":-83,"y":4}],"scale":[{"time":0,"x":1,"y":1},{"time":0.8333,"x":0.352,"y":0.352}]},"shanguang2":{"rotate":[{"time":0,"angle":0},{"time":0.0666,"angle":35.49},{"time":0.9,"angle":112.12}],"translate":[{"time":0,"x":-54.9,"y":4},{"time":0.0666,"x":-41.42,"y":4},{"time":0.5,"x":-61.73,"y":4},{"time":0.9,"x":-78.66,"y":4}],"scale":[{"time":0,"x":1,"y":1,"curve":"stepped"},{"time":0.0666,"x":1,"y":1},{"time":0.9,"x":0.352,"y":0.352}]},"shanguang3":{"rotate":[{"time":0,"angle":0},{"time":0.0333,"angle":26.32},{"time":0.4666,"angle":62.84},{"time":0.9,"angle":90.02}],"translate":[{"time":0,"x":-45.61,"y":4},{"time":0.0333,"x":-36.36,"y":4},{"time":0.4666,"x":-43.39,"y":4},{"time":0.9,"x":-53.07,"y":4}],"scale":[{"time":0,"x":1,"y":1,"curve":"stepped"},{"time":0.0333,"x":1,"y":1},{"time":0.4666,"x":0.549,"y":0.549},{"time":0.9,"x":0.15,"y":0.15}]},"shanguang4":{"rotate":[{"time":0,"angle":26.32},{"time":0.6666,"angle":62.84},{"time":1.3333,"angle":90.02}],"translate":[{"time":0,"x":-29.11,"y":4},{"time":0.6666,"x":-41.87,"y":4},{"time":1.3333,"x":-66.35,"y":4}],"scale":[{"time":0,"x":1,"y":1},{"time":0.6666,"x":0.549,"y":0.549},{"time":1.3333,"x":0.15,"y":0.15}]},"shanguang5":{"rotate":[{"time":0,"angle":0},{"time":0.0666,"angle":35.49},{"time":1.2333,"angle":112.12}],"translate":[{"time":0,"x":-54.9,"y":4},{"time":0.0666,"x":-12.53,"y":4},{"time":0.6666,"x":-47.82,"y":4},{"time":1.2333,"x":-78.66,"y":4}],"scale":[{"time":0,"x":1,"y":1},{"time":0.0666,"x":1.084,"y":1.084},{"time":1.2333,"x":0.352,"y":0.352}]},"shanguang6":{"rotate":[{"time":0,"angle":0},{"time":1.2,"angle":-54.37}],"translate":[{"time":0,"x":-45.61,"y":4},{"time":1.2,"x":-83,"y":4}],"scale":[{"time":0,"x":1,"y":1},{"time":1.2,"x":0.352,"y":0.352}]},"shanguang7":{"rotate":[{"time":0,"angle":0},{"time":1.3333,"angle":-54.37}],"translate":[{"time":0,"x":-45.61,"y":4},{"time":0.7,"x":-72.83,"y":4},{"time":1.3333,"x":-97.17,"y":4}],"scale":[{"time":0,"x":1,"y":1},{"time":1.3333,"x":0.352,"y":0.352}]},"shanguang8":{"rotate":[{"time":0,"angle":0},{"time":0.4666,"angle":-111.94},{"time":1.0666,"angle":-163.09}],"translate":[{"time":0,"x":-45.61,"y":4},{"time":1.0666,"x":-83,"y":4}],"scale":[{"time":0,"x":0.607,"y":0.607},{"time":0.4666,"x":0.41,"y":0.41},{"time":1.0666,"x":0.352,"y":0.352}]},"shanguang9":{"rotate":[{"time":0,"angle":0},{"time":1.1,"angle":-54.37}],"translate":[{"time":0,"x":-45.61,"y":4},{"time":0.6,"x":-72.83,"y":4},{"time":1.1,"x":-97.17,"y":4}],"scale":[{"time":0,"x":1,"y":1},{"time":1.1,"x":0.352,"y":0.352}]},"shanguang10":{"rotate":[{"time":0,"angle":0},{"time":1,"angle":-54.37}],"translate":[{"time":0,"x":-45.61,"y":4},{"time":0.5,"x":-59.77,"y":4},{"time":1,"x":-74.19,"y":4}],"scale":[{"time":0,"x":1,"y":1},{"time":1,"x":0.352,"y":0.352}]},"shanguang11":{"rotate":[{"time":0,"angle":0},{"time":0.6666,"angle":-54.37}],"translate":[{"time":0,"x":-45.61,"y":4},{"time":0.6666,"x":-83,"y":4}],"scale":[{"time":0,"x":1,"y":1},{"time":0.6666,"x":0.352,"y":0.352}]}},"drawOrder":[{"time":0},{"time":0.0666}]},"sidaisan":{"slots":{"guangxiao":{"attachment":[{"time":0,"name":"guangxiao"}],"color":[{"time":0,"color":"ffffff5e","curve":[0.25,0,0.75,1]},{"time":0.1666,"color":"ffffffff","curve":"stepped"},{"time":0.4333,"color":"ffffffff","curve":[0.25,0,0.75,1]},{"time":0.7,"color":"ffffff00"}]},"liandui":{"attachment":[{"time":0,"name":"sidaisan"}],"color":[{"time":0,"color":"ffffffff"}]},"liandui1":{"attachment":[{"time":0,"name":"sidaisan1"}],"color":[{"time":0,"color":"ffffff00"},{"time":0.3333,"color":"ffffffff"},{"time":0.7333,"color":"ffffff00"}]},"shanguang1":{"attachment":[{"time":0,"name":"shanguang1"}],"color":[{"time":0,"color":"ffffffff","curve":"stepped"},{"time":0.4,"color":"ffffffff"},{"time":0.8333,"color":"ffffff00"}]},"shanguang2":{"attachment":[{"time":0,"name":null},{"time":0.0666,"name":"shanguang1"}],"color":[{"time":0,"color":"ffffffff","curve":"stepped"},{"time":0.0666,"color":"ffffffff","curve":"stepped"},{"time":0.5,"color":"ffffffff"},{"time":0.9,"color":"ffffff00"}]},"shanguang3":{"attachment":[{"time":0,"name":null},{"time":0.0333,"name":"shanguang1"}],"color":[{"time":0,"color":"ffffffff","curve":"stepped"},{"time":0.0333,"color":"ffffffff","curve":"stepped"},{"time":0.4666,"color":"ffffffff"},{"time":0.9,"color":"ffffff00"}]},"shanguang4":{"attachment":[{"time":0,"name":"shanguang1"}],"color":[{"time":0,"color":"ffffffff","curve":"stepped"},{"time":0.6666,"color":"ffffffff"},{"time":1.3333,"color":"ffffff00"}]},"shanguang5":{"attachment":[{"time":0,"name":null},{"time":0.0666,"name":"shanguang1"}],"color":[{"time":0,"color":"ffffffff","curve":"stepped"},{"time":0.0666,"color":"ffffffff","curve":"stepped"},{"time":0.6666,"color":"ffffffff"},{"time":1.2333,"color":"ffffff00"}]},"shanguang6":{"attachment":[{"time":0,"name":"shanguang1"}],"color":[{"time":0,"color":"ffffffff","curve":"stepped"},{"time":0.6666,"color":"ffffffff"},{"time":1.2,"color":"ffffff00"}]},"shanguang7":{"attachment":[{"time":0,"name":"shanguang1"}],"color":[{"time":0,"color":"ffffffff","curve":"stepped"},{"time":0.7,"color":"ffffffff"},{"time":1.3333,"color":"ffffff00"}]},"shanguang8":{"attachment":[{"time":0,"name":"shanguang1"}],"color":[{"time":0,"color":"ffffffff","curve":"stepped"},{"time":0.4666,"color":"ffffffff"},{"time":1.0666,"color":"ffffff00"}]},"shanguang9":{"attachment":[{"time":0,"name":"shanguang1"}],"color":[{"time":0,"color":"ffffffff","curve":"stepped"},{"time":0.6,"color":"ffffffff"},{"time":1.1,"color":"ffffff00"}]},"shanguang10":{"attachment":[{"time":0,"name":"shanguang1"}],"color":[{"time":0,"color":"ffffffff","curve":"stepped"},{"time":0.5,"color":"ffffffff"},{"time":1,"color":"ffffff00"}]},"shanguang11":{"attachment":[{"time":0,"name":"shanguang1"}],"color":[{"time":0,"color":"ffffffff","curve":"stepped"},{"time":0.3666,"color":"ffffffff"},{"time":0.6666,"color":"ffffff00"}]}},"bones":{"guangxiao":{"rotate":[{"time":0,"angle":0}],"translate":[{"time":0,"x":-130.28,"y":2.5,"curve":[0.341,0.36,0.675,0.7]},{"time":0.1666,"x":32.28,"y":1.94,"curve":[0.352,0.41,0.688,0.76]},{"time":0.4333,"x":82.69,"y":1.2,"curve":[0.364,0.64,0.7,1]},{"time":0.7,"x":98.25,"y":0.86}],"scale":[{"time":0,"x":0.386,"y":0.207,"curve":[0.279,0,0.622,0.39]},{"time":0.1666,"x":0.871,"y":0.767,"curve":[0.308,0.25,0.673,0.69]},{"time":0.4333,"x":0.964,"y":0.315,"curve":[0.308,0.25,0.673,0.69]},{"time":0.7,"x":0.394,"y":0.22}]},"liandui":{"rotate":[{"time":0,"angle":0}],"translate":[{"time":0,"x":-81.29,"y":0,"curve":[0,0.95,0.489,0.99]},{"time":0.6666,"x":0,"y":0}],"scale":[{"time":0,"x":1,"y":1}]},"shanguang1":{"rotate":[{"time":0,"angle":0},{"time":0.8333,"angle":-54.37}],"translate":[{"time":0,"x":-45.61,"y":4},{"time":0.8333,"x":-83,"y":4}],"scale":[{"time":0,"x":1,"y":1},{"time":0.8333,"x":0.352,"y":0.352}]},"shanguang2":{"rotate":[{"time":0,"angle":0},{"time":0.0666,"angle":35.49},{"time":0.9,"angle":112.12}],"translate":[{"time":0,"x":-54.9,"y":4},{"time":0.0666,"x":-41.42,"y":4},{"time":0.5,"x":-61.73,"y":4},{"time":0.9,"x":-78.66,"y":4}],"scale":[{"time":0,"x":1,"y":1,"curve":"stepped"},{"time":0.0666,"x":1,"y":1},{"time":0.9,"x":0.352,"y":0.352}]},"shanguang3":{"rotate":[{"time":0,"angle":0},{"time":0.0333,"angle":26.32},{"time":0.4666,"angle":62.84},{"time":0.9,"angle":90.02}],"translate":[{"time":0,"x":-45.61,"y":4},{"time":0.0333,"x":-36.36,"y":4},{"time":0.4666,"x":-43.39,"y":4},{"time":0.9,"x":-53.07,"y":4}],"scale":[{"time":0,"x":1,"y":1,"curve":"stepped"},{"time":0.0333,"x":1,"y":1},{"time":0.4666,"x":0.549,"y":0.549},{"time":0.9,"x":0.15,"y":0.15}]},"shanguang4":{"rotate":[{"time":0,"angle":26.32},{"time":0.6666,"angle":62.84},{"time":1.3333,"angle":90.02}],"translate":[{"time":0,"x":-29.11,"y":4},{"time":0.6666,"x":-41.87,"y":4},{"time":1.3333,"x":-66.35,"y":4}],"scale":[{"time":0,"x":1,"y":1},{"time":0.6666,"x":0.549,"y":0.549},{"time":1.3333,"x":0.15,"y":0.15}]},"shanguang5":{"rotate":[{"time":0,"angle":0},{"time":0.0666,"angle":35.49},{"time":1.2333,"angle":112.12}],"translate":[{"time":0,"x":-54.9,"y":4},{"time":0.0666,"x":-12.53,"y":4},{"time":0.6666,"x":-47.82,"y":4},{"time":1.2333,"x":-78.66,"y":4}],"scale":[{"time":0,"x":1,"y":1},{"time":0.0666,"x":1.084,"y":1.084},{"time":1.2333,"x":0.352,"y":0.352}]},"shanguang6":{"rotate":[{"time":0,"angle":0},{"time":1.2,"angle":-54.37}],"translate":[{"time":0,"x":-45.61,"y":4},{"time":1.2,"x":-83,"y":4}],"scale":[{"time":0,"x":1,"y":1},{"time":1.2,"x":0.352,"y":0.352}]},"shanguang7":{"rotate":[{"time":0,"angle":0},{"time":1.3333,"angle":-54.37}],"translate":[{"time":0,"x":-45.61,"y":4},{"time":0.7,"x":-72.83,"y":4},{"time":1.3333,"x":-97.17,"y":4}],"scale":[{"time":0,"x":1,"y":1},{"time":1.3333,"x":0.352,"y":0.352}]},"shanguang8":{"rotate":[{"time":0,"angle":0},{"time":0.4666,"angle":-111.94},{"time":1.0666,"angle":-163.09}],"translate":[{"time":0,"x":-45.61,"y":4},{"time":1.0666,"x":-83,"y":4}],"scale":[{"time":0,"x":0.607,"y":0.607},{"time":0.4666,"x":0.41,"y":0.41},{"time":1.0666,"x":0.352,"y":0.352}]},"shanguang9":{"rotate":[{"time":0,"angle":0},{"time":1.1,"angle":-54.37}],"translate":[{"time":0,"x":-45.61,"y":4},{"time":0.6,"x":-72.83,"y":4},{"time":1.1,"x":-97.17,"y":4}],"scale":[{"time":0,"x":1,"y":1},{"time":1.1,"x":0.352,"y":0.352}]},"shanguang10":{"rotate":[{"time":0,"angle":0},{"time":1,"angle":-54.37}],"translate":[{"time":0,"x":-45.61,"y":4},{"time":0.5,"x":-59.77,"y":4},{"time":1,"x":-74.19,"y":4}],"scale":[{"time":0,"x":1,"y":1},{"time":1,"x":0.352,"y":0.352}]},"shanguang11":{"rotate":[{"time":0,"angle":0},{"time":0.6666,"angle":-54.37}],"translate":[{"time":0,"x":-45.61,"y":4},{"time":0.6666,"x":-83,"y":4}],"scale":[{"time":0,"x":1,"y":1},{"time":0.6666,"x":0.352,"y":0.352}]}},"drawOrder":[{"time":0},{"time":0.0666}]}}}