{"skeleton":{"hash":"yw//eJ/poB86lUwJBO0oVB22d0M","spine":"3.6.52","width":93,"height":775,"images":"./images/"},"bones":[{"name":"root"},{"name":"gx","parent":"root","x":-28.55,"y":-0.07}],"slots":[{"name":"gx","bone":"gx","attachment":"gx"}],"skins":{"default":{"gx":{"gx":{"x":28.55,"y":0.07,"width":93,"height":775}}}},"animations":{"animation":{"slots":{"gx":{"color":[{"time":0,"color":"ffffffff"},{"time":1,"color":"ffffff00"},{"time":2,"color":"ffffffff"}],"attachment":[{"time":0,"name":"gx"},{"time":2,"name":"gx"}]}},"bones":{"gx":{"rotate":[{"time":0,"angle":0,"curve":"stepped"},{"time":2,"angle":0}],"translate":[{"time":0,"x":0,"y":0,"curve":"stepped"},{"time":2,"x":0,"y":0}],"scale":[{"time":0,"x":1,"y":1,"curve":"stepped"},{"time":2,"x":1,"y":1}]}},"drawOrder":[{"time":0},{"time":2}]}}}