{ "listdata": [{"path": "103/res/animation/banker/", "name": "ZJ.ExportJson", "md5": "0c7b15d33ab390db10c7f9ae1f9404b5"}, 
{"path": "103/res/animation/banker/", "name": "ZJ0.plist", "md5": "9890c4d73a2cd319d52e19fefc3fb7c4"}, 
{"path": "103/res/animation/banker/", "name": "ZJ0.png", "md5": "43baf1267b343ce402f8a7cb6619d00c"}, 
{"path": "103/res/animation/px/", "name": "bairenniuniu_paixing.ExportJson", "md5": "a7f4f68d81c529a75e4ab0d882a893c0"}, 
{"path": "103/res/animation/px/", "name": "bairenniuniu_paixing0.plist", "md5": "6a72337604408469fc90266ae2b9ea4a"}, 
{"path": "103/res/animation/px/", "name": "bairenniuniu_paixing0.png", "md5": "97e2596bf1500c67d3d27d8facc3df12"}, 
{"path": "103/res/animation/qiang/", "name": "Q4.ExportJson", "md5": "816ef44a5d57a976d04de2fc7406a34c"}, 
{"path": "103/res/animation/qiang/", "name": "Q40.plist", "md5": "a9898758a1e420d8b3e23a3578d57c9d"}, 
{"path": "103/res/animation/qiang/", "name": "Q40.png", "md5": "b698ffd433a65f9b55e828042b71ea82"}, 
{"path": "103/res/animation/startgame/", "name": "qiangzhuangniuniu_kaishi.ExportJson", "md5": "fb0900248cdaf6963137a360ac5e74de"}, 
{"path": "103/res/animation/startgame/", "name": "qiangzhuangniuniu_kaishi0.plist", "md5": "567ef4c11f2c17f8b53999ed4a888b7a"}, 
{"path": "103/res/animation/startgame/", "name": "qiangzhuangniuniu_kaishi0.png", "md5": "b2b5072dfc5041d1935003be988d66e6"}, 
{"path": "103/res/animation/tanpai/", "name": "qiangzhuangniuniu_tanpaitexiao.ExportJson", "md5": "f85a54c8a7bd33852a575b33b5b4274c"}, 
{"path": "103/res/animation/tanpai/", "name": "qiangzhuangniuniu_tanpaitexiao0.plist", "md5": "82bc98ffd60d09e32a7e2db19d3c3d7c"}, 
{"path": "103/res/animation/tanpai/", "name": "qiangzhuangniuniu_tanpaitexiao0.png", "md5": "c1d476d1ed0c4b3271fdaddc7d42739d"}, 
{"path": "103/res/animation/tx/", "name": "TX.ExportJson", "md5": "b35cc080d4b8363c9b79c3633b52f6ad"}, 
{"path": "103/res/animation/tx/", "name": "TX0.plist", "md5": "b1bebf277ea3f1479db18ee56e83968d"}, 
{"path": "103/res/animation/tx/", "name": "TX0.png", "md5": "4c1ab607dca1bf2f38f4fb35dd8ff5be"}, 
{"path": "103/res/animation_blue/", "name": "blue_1.png", "md5": "78a584ddf31be616e903783e466cf22f"}, 
{"path": "103/res/animation_blue/", "name": "blue_2.png", "md5": "78a584ddf31be616e903783e466cf22f"}, 
{"path": "103/res/animation_blue/", "name": "blue_3.png", "md5": "78a584ddf31be616e903783e466cf22f"}, 
{"path": "103/res/animation_blue/", "name": "blue_4.png", "md5": "78a584ddf31be616e903783e466cf22f"}, 
{"path": "103/res/animation_blue/", "name": "blue_5.png", "md5": "78a584ddf31be616e903783e466cf22f"}, 
{"path": "103/res/animation_yellow/", "name": "yellow_1.png", "md5": "7ba97f0fcd26c3ae4d62cf296669901c"}, 
{"path": "103/res/animation_yellow/", "name": "yellow_2.png", "md5": "7ba97f0fcd26c3ae4d62cf296669901c"}, 
{"path": "103/res/animation_yellow/", "name": "yellow_3.png", "md5": "7ba97f0fcd26c3ae4d62cf296669901c"}, 
{"path": "103/res/animation_yellow/", "name": "yellow_4.png", "md5": "7ba97f0fcd26c3ae4d62cf296669901c"}, 
{"path": "103/res/animation_yellow/", "name": "yellow_5.png", "md5": "7ba97f0fcd26c3ae4d62cf296669901c"}, 
{"path": "103/res/", "name": "Avatar0.png", "md5": "5a6df4d1afcca6f010c4cf67321f02d0"}, 
{"path": "103/res/", "name": "background.jpg", "md5": "f20f868492dac1c96e000266d8dc7c6d"}, 
{"path": "103/res/gamerule/", "name": "qznn.png", "md5": "6a19cd23992794126457966327add164"}, 
{"path": "103/res/gamerule/", "name": "qznn1.png", "md5": "41fbc60df295ccb566e83878ef9c2175"}, 
{"path": "103/res/image/", "name": "background.jpg", "md5": "f20f868492dac1c96e000266d8dc7c6d"}, 
{"path": "103/res/image/", "name": "bet10_1.png", "md5": "f0f4a2ccc05ef0c9a8640faec3d3ea6d"}, 
{"path": "103/res/image/", "name": "bet10_2.png", "md5": "de94f3f6dbaca530222e6dcb7f3f2388"}, 
{"path": "103/res/image/", "name": "bet10_3.png", "md5": "ad4d0ae85303a2926ddd438727f3ee1a"}, 
{"path": "103/res/image/", "name": "bet15_1.png", "md5": "d37dd0b89ae05d8afda525e2e18bd4f6"}, 
{"path": "103/res/image/", "name": "bet15_2.png", "md5": "f5bbd6628cf569e131db605849f8e2a1"}, 
{"path": "103/res/image/", "name": "bet15_3.png", "md5": "971165ec924d33b0330fb0a02581d799"}, 
{"path": "103/res/image/", "name": "bet20_1.png", "md5": "4e18da8408b1ca0100790290cd8b886b"}, 
{"path": "103/res/image/", "name": "bet20_2.png", "md5": "5471cb77e5434d8eecda13f466aab364"}, 
{"path": "103/res/image/", "name": "bet20_3.png", "md5": "ade25731d20f9860294a56cdc7121430"}, 
{"path": "103/res/image/", "name": "bet5_1.png", "md5": "f61648a0c3c010849a9fe30cdfbfe73a"}, 
{"path": "103/res/image/", "name": "bet5_2.png", "md5": "694230edc65042b695d1509537c880b5"}, 
{"path": "103/res/image/", "name": "bet5_3.png", "md5": "51a98cc13e9f6a77bb518ffcc5d53c09"}, 
{"path": "103/res/image/", "name": "btnnorob1.png", "md5": "5a77a3ffa3ddbf871dad76e54938cadb"}, 
{"path": "103/res/image/", "name": "btnnorob2.png", "md5": "97c632a3b8bdd7eab09f59f1b2b97270"}, 
{"path": "103/res/image/", "name": "buqiang.png", "md5": "e5764db59a019848d93c0db1678653f7"}, 
{"path": "103/res/image/", "name": "di.png", "md5": "f6d2842db18a2b594a0552cdce1221ff"}, 
{"path": "103/res/image/", "name": "difen.png", "md5": "27e9c3902dadf5c3ecde28411d4e35e9"}, 
{"path": "103/res/image/", "name": "fanhui.png", "md5": "18b1d62185b63dbadae556c16014e9b4"}, 
{"path": "103/res/image/", "name": "fanhui1.png", "md5": "865d359c814ef333ed3534b159543c1b"}, 
{"path": "103/res/image/", "name": "fourtimes1.png", "md5": "4db3dbd952679725032413a436f77029"}, 
{"path": "103/res/image/", "name": "fourtimes2.png", "md5": "55d0a98c6c7f3c56b2391657956edda0"}, 
{"path": "103/res/image/", "name": "fourtimes3.png", "md5": "bd647e665a9515c9f379c4bc59aa38d9"}, 
{"path": "103/res/image/", "name": "game_begining.png", "md5": "bcec9a2399a88f0fa35d81e1a1a7b71f"}, 
{"path": "103/res/image/", "name": "img_pxbg.png", "md5": "f51e0ff1629447b7eca01eebdc2b1028"}, 
{"path": "103/res/image/", "name": "jinbi.png", "md5": "dfed3cea7a84435aa9bbaecdd3c5c2b5"}, 
{"path": "103/res/image/", "name": "jinyin.png", "md5": "d4eaa10e979e0499e3a06ba25e800c20"}, 
{"path": "103/res/image/", "name": "jinyin1.png", "md5": "1837778b866603f886777970efca384f"}, 
{"path": "103/res/image/", "name": "onetimes1.png", "md5": "ec452127b36f9e85fc19e70196573242"}, 
{"path": "103/res/image/", "name": "onetimes2.png", "md5": "b39c28d9f4aedcf5119e93a4b776f760"}, 
{"path": "103/res/image/", "name": "onetimes3.png", "md5": "54a34243365c77d535c60a25c730f0f7"}, 
{"path": "103/res/image/", "name": "please_bet.png", "md5": "019e226891d39e3beba27fe6276c4c19"}, 
{"path": "103/res/image/", "name": "please_betbanker.png", "md5": "e12355165bd9b3afc214d0fff2416611"}, 
{"path": "103/res/image/", "name": "please_rest.png", "md5": "fe2e865dd6d40bf71e67a4d1aada8364"}, 
{"path": "103/res/image/", "name": "qiangnumber.png", "md5": "2fdf29883f17bf85d0ff118e5528eab3"}, 
{"path": "103/res/image/", "name": "qiangx.png", "md5": "9442a85c6833598e2f87b4fc69be70dc"}, 
{"path": "103/res/image/", "name": "qiangzhuangLayer.csb", "md5": "d1d79373f967de3b0daba9acb808d196"}, 
{"path": "103/res/image/", "name": "score_bg.png", "md5": "d4eec522a540092ea1a3a3ecb638a99b"}, 
{"path": "103/res/image/", "name": "shuzi3.png", "md5": "7ba97f0fcd26c3ae4d62cf296669901c"}, 
{"path": "103/res/image/", "name": "shuzi4.png", "md5": "78a584ddf31be616e903783e466cf22f"}, 
{"path": "103/res/image/", "name": "twotimes1.png", "md5": "3d2ab3a86d8ee1a8c1367a4199c80477"}, 
{"path": "103/res/image/", "name": "twotimes2.png", "md5": "7fdc4e7edcd9d7434ea450549cc15004"}, 
{"path": "103/res/image/", "name": "twotimes3.png", "md5": "3f1bf2b52aa4eea78e2b4b2466bc5a5a"}, 
{"path": "103/res/image/", "name": "TX_6.png", "md5": "62b15dba2dcd448e31db4db808c756bb"}, 
{"path": "103/res/image/", "name": "ui_lose_count.png", "md5": "385d81b34f093f13be79d197b0f170ac"}, 
{"path": "103/res/image/", "name": "ui_win_count.png", "md5": "64f87082964f0e0dc2e522ba6df32737"}, 
{"path": "103/res/image/", "name": "waitfornextround.png", "md5": "aa645b0aa6502c1df3ad68a3a2736039"}, 
{"path": "103/res/image/", "name": "waitforplayermates.png", "md5": "e2e248ea143693de94e22502bd2b8fa9"}, 
{"path": "103/res/image/", "name": "wait_seat.png", "md5": "7235fca7da0a129484a619e2e888d576"}, 
{"path": "103/res/image/", "name": "wenhao.png", "md5": "43479b50e63b956776eec7ec5038c06d"}, 
{"path": "103/res/image/", "name": "wenhao1.png", "md5": "55178b43f79544602e5de098bfa8f2ae"}, 
{"path": "103/res/image/", "name": "ximage.png", "md5": "eaf065ebe227637e7ff7526c2650f126"}, 
{"path": "103/res/image/", "name": "yinliang.png", "md5": "0708390e1bb703bab6ca4fa779c7dfbd"}, 
{"path": "103/res/image/", "name": "yinliang1.png", "md5": "6f767f3d0b8c904b9d0645043bd912d2"}, 
{"path": "103/res/image/", "name": "zhuozi.png", "md5": "62f3431636f8e464c989363a89da8790"}, 
{"path": "103/res/", "name": "num_chip.png", "md5": "3340c3102d07554764b79646b554b885"}, 
{"path": "103/res/plist/", "name": "tableuserItem.plist", "md5": "1df24b3e07ba255b1bfeebdf37b0b72f"}, 
{"path": "103/res/plist/", "name": "tableuserItem.png", "md5": "efcd89ed4572ac4400a928d469483096"}, 
{"path": "103/res/", "name": "poker.plist", "md5": "326cf5243d7ab73c4eb12c0378023c89"}, 
{"path": "103/res/", "name": "poker.png", "md5": "2a3e5bb04f4917eff2976d0d2227f82e"}, 
{"path": "103/res/roomlist/", "name": "level_1.png", "md5": "55ec3fdbd64b0d0bf618b3a77767537a"}, 
{"path": "103/res/roomlist/", "name": "level_2.png", "md5": "f28d36fe6044a8ae1fc43004c11d4b2b"}, 
{"path": "103/res/roomlist/", "name": "level_3.png", "md5": "5d6594881186c1dc5e58e55104a806f8"}, 
{"path": "103/res/roomlist/", "name": "level_4.png", "md5": "85c0abedc9f8a33a726ebd9058c19565"}, 
{"path": "103/res/", "name": "Rule.csb", "md5": "bbd53bb75ca8c4f95bb9b17cc2af022c"}, 
{"path": "103/res/", "name": "SitRoleNode.csb", "md5": "9582c3370c7459cf12a76ea889a29644"}, 
{"path": "103/res/sound_res/", "name": "background.mp3", "md5": "9d33881246c4fd1147d0cfda4f1c08c1"}, 
{"path": "103/res/sound_res/", "name": "beganGame.mp3", "md5": "2bbd371c3ad486016226a9910d9bc2df"}, 
{"path": "103/res/sound_res/", "name": "drawout.mp3", "md5": "a5e8e90c8b549b66608dc830a3cf900f"}, 
{"path": "103/res/sound_res/", "name": "flygold.mp3", "md5": "a55745a87fb8db7aafa527eafd59a174"}, 
{"path": "103/res/sound_res/", "name": "lose.mp3", "md5": "91e9e3d5f2d3a055b6256c06c1c56cf1"}, 
{"path": "103/res/sound_res/", "name": "new_shuaipai.mp3", "md5": "738f5170c23dd5d7a97d5cc67a384f29"}, 
{"path": "103/res/sound_res/", "name": "niu0.mp3", "md5": "ace8e2ee030a65f520f342cd73081589"}, 
{"path": "103/res/sound_res/", "name": "niu1.mp3", "md5": "fe88a69389e131aefca8f6e15d5c3ca6"}, 
{"path": "103/res/sound_res/", "name": "niu10.mp3", "md5": "489650fbb4b39cd14f71b78635099691"}, 
{"path": "103/res/sound_res/", "name": "niu11.mp3", "md5": "328867c1fd44b0e5aeee065b6192bb73"}, 
{"path": "103/res/sound_res/", "name": "niu12.mp3", "md5": "93ac3fcf4f3c62c2fd4286f0546be545"}, 
{"path": "103/res/sound_res/", "name": "niu13.mp3", "md5": "e146581b5112896b3e7a0626615ab74c"}, 
{"path": "103/res/sound_res/", "name": "niu2.mp3", "md5": "4cd071be8e9f18c4f93bb0eb3d2ea378"}, 
{"path": "103/res/sound_res/", "name": "niu3.mp3", "md5": "c649814d95b30c7e6504bc4b149aad6d"}, 
{"path": "103/res/sound_res/", "name": "niu4.mp3", "md5": "3e4cd68cb527e55feca92732c3302e21"}, 
{"path": "103/res/sound_res/", "name": "niu5.mp3", "md5": "2242104dd0b131ac687b5a9ad59fd11b"}, 
{"path": "103/res/sound_res/", "name": "niu6.mp3", "md5": "af03bfe187d021c5c88f145efc362169"}, 
{"path": "103/res/sound_res/", "name": "niu7.mp3", "md5": "55b1b7cf6790183c9f04e2b8fc1e991b"}, 
{"path": "103/res/sound_res/", "name": "niu8.mp3", "md5": "b4260adc8d49da680edf385c4be24901"}, 
{"path": "103/res/sound_res/", "name": "niu9.mp3", "md5": "752348b958736c96af9ee972bd9d084c"}, 
{"path": "103/res/sound_res/", "name": "noTypedrawout.mp3", "md5": "0b77e95f89a83d6296a51c9d08fcc276"}, 
{"path": "103/res/sound_res/", "name": "OPEN_CARD.wav", "md5": "a89c408e570913f058defccc063fff02"}, 
{"path": "103/res/sound_res/", "name": "qianx.mp3", "md5": "d1f121b6e2d7e27675bd8f017a6a0063"}, 
{"path": "103/res/sound_res/", "name": "qz_win.mp3", "md5": "e15e5b27222c2395d3d05005cde9e642"}, 
{"path": "103/res/sound_res/", "name": "ranbanker.mp3", "md5": "a9cb596d4d8ce2341f6533fbffdb9ac2"}, 
{"path": "103/res/sound_res/", "name": "remaning3.mp3", "md5": "9e693de8c1f6c964c8199c5af298fc23"}, 
{"path": "103/res/sound_res/", "name": "SEND_CARD.mp3", "md5": "ce248a99e9b502582fbbd6c3eba27126"}, 
{"path": "103/res/sound_res/", "name": "sureBanker.mp3", "md5": "e6982ceea28ad73fcde9049346ee7192"}, 
{"path": "103/res/sound_res/", "name": "touzhu.mp3", "md5": "059d561894a30ae0a2e99c642b4d459f"}, 
{"path": "103/res/", "name": "timer_numbers.png", "md5": "3439cbad539df698c951c26d5cef93e1"}, 
{"path": "103/src/models/", "name": "CMD_Game.luac", "md5": "1ec47d4bd0297a66be78b42bf9791663"}, 
{"path": "103/src/models/", "name": "GameLogic.luac", "md5": "378ab68991d2cece20fb6e846d588f8b"}, 
{"path": "103/src/models/", "name": "Poker.luac", "md5": "db7a0b8a7b7618a60a367e1793d373dd"}, 
{"path": "103/src/views/", "name": "GameLayer.luac", "md5": "d2b3a7fbb2313d2121a620748172e513"}, 
{"path": "103/src/views/", "name": "GameRoomLayer.luac", "md5": "1ac3cfda343848613e05afbee878afd2"}, 
{"path": "103/src/views/layer/", "name": "GameViewLayer.luac", "md5": "961790d583cd02ecacbb939c709f1ebe"}, 
{"path": "103/src/views/layer/", "name": "ruleLayer.luac", "md5": "153cab03b1ccd6835cd69e7b0842f94f"}, 
{"path": "103/src/views/layer/", "name": "SitRoleNode.luac", "md5": "a855077deb2d08081cf6b7ef4028690a"}, 
{"path": "103/src/views/", "name": "RoomView.luac", "md5": "081b4c7525dc6867fd896f927ceeec03"}, 
{"allcount": 137}]}