{"skeleton":{"hash":"+XXTsktw1Y2DHJOG1VRQUekQNEE","spine":"3.1.08","width":703,"height":498.62,"images":"./images/"},"bones":[{"name":"root"},{"name":"bone","parent":"root","x":31.44,"y":-7.42},{"name":"jiesuandi","parent":"bone","x":-8.69,"y":-118.81},{"name":"shibai","parent":"bone","x":-13.52,"y":146.83},{"name":"shibai1","parent":"bone","x":-12.78,"y":141.78},{"name":"shibai2","parent":"bone","x":-12.78,"y":141.78},{"name":"shibaidi","parent":"bone","x":-13.52,"y":134.27},{"name":"shibaihuangguan","parent":"bone","length":110.12,"x":-18.35,"y":207.68,"rotation":90.5},{"name":"shibaihuangguanyou","parent":"shibaihuangguan","length":92.41,"x":-2.04,"y":-18.9,"rotation":-26.75},{"name":"shibaihuangguanzuo","parent":"shibaihuangguan","length":89.47,"x":0.02,"y":25.32,"rotation":28.3},{"name":"shuchibang","parent":"bone","length":64.88,"x":92.82,"y":281.26,"rotation":-37.4},{"name":"shuchibang2","parent":"bone","length":64.88,"x":-129.78,"y":280.92,"scaleY":-1,"rotation":-142.63}],"slots":[{"name":"shibaidi","bone":"shibaidi","attachment":"shibaidi"},{"name":"jiesuandi","bone":"jiesuandi","attachment":"jiesuandi"},{"name":"shibai2","bone":"shibai2","blend":"additive"},{"name":"shibai","bone":"shibai","attachment":"shibai"},{"name":"shuchibang","bone":"shuchibang","attachment":"shuchibang"},{"name":"shuchibang2","bone":"shuchibang2","attachment":"shuchibang"},{"name":"shibaihuangguanzuo","bone":"shibaihuangguanzuo"},{"name":"shibaihuangguanyou","bone":"shibaihuangguanyou"},{"name":"shibaihuangguan","bone":"shibaihuangguan","attachment":"shibaihuangguan"},{"name":"shibai1","bone":"shibai1","blend":"additive"}],"skins":{"default":{"jiesuandi":{"jiesuandi":{"x":-5.1,"y":8.78,"width":703,"height":149}},"shibai":{"shibai":{"x":0.97,"y":-3.42,"width":261,"height":134}},"shibai1":{"shibai1":{"x":0.88,"y":-3.64,"scaleX":2.466,"scaleY":2.466,"width":128,"height":66}},"shibai2":{"shibai1":{"x":0.88,"y":-3.64,"scaleX":2.466,"scaleY":2.466,"width":128,"height":66}},"shibaidi":{"shibaidi":{"x":-8.67,"y":-2.7,"width":565,"height":137}},"shibaihuangguan":{"shibaihuangguan":{"x":46.39,"y":-1.26,"rotation":-90.5,"width":168,"height":120}},"shibaihuangguanyou":{"shibaihuangguanyou":{"x":53.81,"y":5.74,"rotation":-63.74,"width":119,"height":140}},"shibaihuangguanzuo":{"shibaihuangguanzuo":{"x":35.4,"rotation":-118.81,"width":107,"height":103}},"shuchibang":{"shuchibang":{"x":70.4,"y":5.52,"rotation":37.4,"width":150,"height":101}},"shuchibang2":{"shuchibang":{"x":70.4,"y":5.52,"rotation":37.4,"width":150,"height":101}}}},"animations":{"animation":{"slots":{"jiesuandi":{"attachment":[{"time":0,"name":null},{"time":0.5,"name":"jiesuandi"},{"time":0.6,"name":"jiesuandi"},{"time":0.7,"name":"jiesuandi"},{"time":0.7666,"name":"jiesuandi"}],"color":[{"time":0,"color":"ffffffff","curve":"stepped"},{"time":0.5,"color":"ffffffff","curve":"stepped"},{"time":0.6,"color":"ffffffff","curve":"stepped"},{"time":0.7,"color":"ffffffff","curve":"stepped"},{"time":0.7666,"color":"ffffffff"}]},"shibai":{"attachment":[{"time":0,"name":null},{"time":0.0666,"name":"shibai"},{"time":0.3333,"name":"shibai"},{"time":0.7666,"name":"shibai"}],"color":[{"time":0,"color":"ffffffff","curve":"stepped"},{"time":0.0666,"color":"ffffffff","curve":"stepped"},{"time":0.3333,"color":"ffffffff","curve":"stepped"},{"time":0.7666,"color":"ffffffff"}]},"shibai1":{"attachment":[{"time":0,"name":"shibai1"},{"time":0.7666,"name":"shibai1"}],"color":[{"time":0,"color":"ffffffff","curve":"stepped"},{"time":0.0666,"color":"ffffffff"},{"time":0.3666,"color":"ffffff00","curve":"stepped"},{"time":0.7666,"color":"ffffff00"}]},"shibai2":{"attachment":[{"time":0,"name":null},{"time":0.0666,"name":"shibai1"},{"time":0.7666,"name":null}],"color":[{"time":0,"color":"ffffffff"},{"time":0.0666,"color":"ffffffb6"},{"time":0.1333,"color":"ffffff60"},{"time":0.3,"color":"ffffff00","curve":"stepped"},{"time":0.7666,"color":"ffffff00"}]},"shibaidi":{"attachment":[{"time":0,"name":null},{"time":0.1333,"name":"shibaidi"},{"time":0.4,"name":"shibaidi"},{"time":0.7666,"name":"shibaidi"}],"color":[{"time":0,"color":"ffffffff","curve":"stepped"},{"time":0.4,"color":"ffffffff","curve":"stepped"},{"time":0.7666,"color":"ffffffff"}]},"shibaihuangguan":{"attachment":[{"time":0,"name":null},{"time":0.2666,"name":"shibaihuangguan"},{"time":0.3333,"name":"shibaihuangguan"},{"time":0.4,"name":null},{"time":0.7666,"name":null}],"color":[{"time":0,"color":"ffffffff","curve":"stepped"},{"time":0.2666,"color":"ffffffff","curve":"stepped"},{"time":0.3333,"color":"ffffffff","curve":"stepped"},{"time":0.4,"color":"ffffffff","curve":"stepped"},{"time":0.7666,"color":"ffffffff"}]},"shibaihuangguanyou":{"attachment":[{"time":0,"name":null},{"time":0.4,"name":"shibaihuangguanyou"},{"time":0.4666,"name":"shibaihuangguanyou"},{"time":0.7666,"name":"shibaihuangguanyou"}],"color":[{"time":0,"color":"ffffffff","curve":"stepped"},{"time":0.4,"color":"ffffffff","curve":"stepped"},{"time":0.4666,"color":"ffffffff","curve":"stepped"},{"time":0.7666,"color":"ffffffff"}]},"shibaihuangguanzuo":{"attachment":[{"time":0,"name":null},{"time":0.4,"name":"shibaihuangguanzuo"},{"time":0.5,"name":"shibaihuangguanzuo"},{"time":0.7666,"name":"shibaihuangguanzuo"}],"color":[{"time":0,"color":"ffffffff","curve":"stepped"},{"time":0.4,"color":"ffffffff","curve":"stepped"},{"time":0.5,"color":"ffffffff","curve":"stepped"},{"time":0.7666,"color":"ffffffff"}]},"shuchibang":{"attachment":[{"time":0,"name":null},{"time":0.3666,"name":"shuchibang"},{"time":0.4666,"name":"shuchibang"},{"time":0.6,"name":"shuchibang"},{"time":0.7666,"name":"shuchibang"}],"color":[{"time":0,"color":"ffffffff","curve":"stepped"},{"time":0.3666,"color":"ffffffff","curve":"stepped"},{"time":0.4666,"color":"ffffffff","curve":"stepped"},{"time":0.6,"color":"ffffffff","curve":"stepped"},{"time":0.7666,"color":"ffffffff"}]},"shuchibang2":{"attachment":[{"time":0,"name":null},{"time":0.3666,"name":"shuchibang"},{"time":0.4666,"name":"shuchibang"},{"time":0.6,"name":"shuchibang"},{"time":0.7666,"name":"shuchibang"}],"color":[{"time":0,"color":"ffffffff","curve":"stepped"},{"time":0.3666,"color":"ffffffff","curve":"stepped"},{"time":0.4666,"color":"ffffffff","curve":"stepped"},{"time":0.6,"color":"ffffffff","curve":"stepped"},{"time":0.7666,"color":"ffffffff"}]}},"bones":{"root":{"rotate":[{"time":0,"angle":0,"curve":"stepped"},{"time":0.7666,"angle":0}],"translate":[{"time":0,"x":0,"y":0,"curve":"stepped"},{"time":0.7666,"x":0,"y":0}],"scale":[{"time":0,"x":1,"y":1,"curve":"stepped"},{"time":0.7666,"x":1,"y":1}]},"jiesuandi":{"rotate":[{"time":0,"angle":0,"curve":"stepped"},{"time":0.5,"angle":0,"curve":"stepped"},{"time":0.6,"angle":0,"curve":"stepped"},{"time":0.7,"angle":0,"curve":"stepped"},{"time":0.7666,"angle":0}],"translate":[{"time":0,"x":0,"y":0,"curve":"stepped"},{"time":0.5,"x":0,"y":0,"curve":"stepped"},{"time":0.6,"x":0,"y":0,"curve":"stepped"},{"time":0.7,"x":0,"y":0,"curve":"stepped"},{"time":0.7666,"x":0,"y":0}],"scale":[{"time":0,"x":1,"y":1},{"time":0.5,"x":1,"y":0.177},{"time":0.6,"x":1,"y":1.104},{"time":0.7,"x":1,"y":1,"curve":"stepped"},{"time":0.7666,"x":1,"y":1}]},"shibai":{"rotate":[{"time":0,"angle":0,"curve":"stepped"},{"time":0.0666,"angle":0,"curve":"stepped"},{"time":0.3333,"angle":0,"curve":"stepped"},{"time":0.7666,"angle":0}],"translate":[{"time":0,"x":0,"y":0,"curve":"stepped"},{"time":0.0666,"x":0,"y":0,"curve":"stepped"},{"time":0.3333,"x":0,"y":0,"curve":"stepped"},{"time":0.7666,"x":0,"y":0}],"scale":[{"time":0,"x":1,"y":1},{"time":0.0666,"x":0.843,"y":0.843},{"time":0.3333,"x":1,"y":1,"curve":"stepped"},{"time":0.7666,"x":1,"y":1}]},"shibai1":{"rotate":[{"time":0,"angle":0,"curve":"stepped"},{"time":0.7666,"angle":0}],"translate":[{"time":0,"x":-4.48,"y":3.94},{"time":0.0666,"x":-2.22,"y":4.14,"curve":"stepped"},{"time":0.7666,"x":-2.22,"y":4.14}],"scale":[{"time":0,"x":4.689,"y":4.689},{"time":0.0666,"x":0.676,"y":0.676,"curve":"stepped"},{"time":0.7666,"x":0.676,"y":0.676}]},"shibaihuangguan":{"rotate":[{"time":0,"angle":0,"curve":"stepped"},{"time":0.2666,"angle":0,"curve":"stepped"},{"time":0.3333,"angle":0,"curve":"stepped"},{"time":0.4,"angle":0,"curve":"stepped"},{"time":0.7666,"angle":0}],"translate":[{"time":0,"x":0,"y":0},{"time":0.2666,"x":0,"y":196.31},{"time":0.3333,"x":0,"y":-9.14},{"time":0.4,"x":0,"y":3.91,"curve":"stepped"},{"time":0.7666,"x":0,"y":3.91}],"scale":[{"time":0,"x":1,"y":1},{"time":0.2666,"x":1.321,"y":0.517},{"time":0.3333,"x":1,"y":1,"curve":"stepped"},{"time":0.4,"x":1,"y":1,"curve":"stepped"},{"time":0.7666,"x":1,"y":1}]},"shibaihuangguanyou":{"rotate":[{"time":0,"angle":0},{"time":0.4,"angle":9.15},{"time":0.4666,"angle":0,"curve":"stepped"},{"time":0.7666,"angle":0}],"translate":[{"time":0,"x":0,"y":0,"curve":"stepped"},{"time":0.4,"x":0,"y":0,"curve":"stepped"},{"time":0.4666,"x":0,"y":0,"curve":"stepped"},{"time":0.7666,"x":0,"y":0}],"scale":[{"time":0,"x":1,"y":1,"curve":"stepped"},{"time":0.4,"x":1,"y":1,"curve":"stepped"},{"time":0.4666,"x":1,"y":1,"curve":"stepped"},{"time":0.7666,"x":1,"y":1}]},"shibaihuangguanzuo":{"rotate":[{"time":0,"angle":0},{"time":0.4,"angle":-7.22},{"time":0.5,"angle":0,"curve":"stepped"},{"time":0.7666,"angle":0}],"translate":[{"time":0,"x":0,"y":0,"curve":"stepped"},{"time":0.4,"x":0,"y":0,"curve":"stepped"},{"time":0.5,"x":0,"y":0,"curve":"stepped"},{"time":0.7666,"x":0,"y":0}],"scale":[{"time":0,"x":1,"y":1,"curve":"stepped"},{"time":0.4,"x":1,"y":1,"curve":"stepped"},{"time":0.5,"x":1,"y":1,"curve":"stepped"},{"time":0.7666,"x":1,"y":1}]},"shuchibang":{"rotate":[{"time":0,"angle":0},{"time":0.3666,"angle":65.45},{"time":0.4666,"angle":-13.85},{"time":0.6,"angle":0,"curve":"stepped"},{"time":0.7666,"angle":0}],"translate":[{"time":0,"x":0,"y":0,"curve":"stepped"},{"time":0.3666,"x":0,"y":0,"curve":"stepped"},{"time":0.4666,"x":0,"y":0,"curve":"stepped"},{"time":0.6,"x":0,"y":0,"curve":"stepped"},{"time":0.7666,"x":0,"y":0}],"scale":[{"time":0,"x":1,"y":1,"curve":"stepped"},{"time":0.3666,"x":1,"y":1,"curve":"stepped"},{"time":0.4666,"x":1,"y":1,"curve":"stepped"},{"time":0.6,"x":1,"y":1,"curve":"stepped"},{"time":0.7666,"x":1,"y":1}]},"shibai2":{"rotate":[{"time":0,"angle":0,"curve":"stepped"},{"time":0.0666,"angle":0,"curve":"stepped"},{"time":0.7666,"angle":0}],"translate":[{"time":0,"x":0,"y":0,"curve":"stepped"},{"time":0.0666,"x":0,"y":0,"curve":"stepped"},{"time":0.7666,"x":0,"y":0}],"scale":[{"time":0,"x":1,"y":1},{"time":0.0666,"x":0.821,"y":0.821},{"time":0.1333,"x":1.29,"y":1.29},{"time":0.3,"x":1.524,"y":1.524,"curve":"stepped"},{"time":0.7666,"x":1.524,"y":1.524}]},"shibaidi":{"rotate":[{"time":0,"angle":0,"curve":"stepped"},{"time":0.1333,"angle":0,"curve":"stepped"},{"time":0.2,"angle":0,"curve":"stepped"},{"time":0.2666,"angle":0,"curve":"stepped"},{"time":0.3666,"angle":0,"curve":"stepped"},{"time":0.7666,"angle":0}],"translate":[{"time":0,"x":0,"y":0,"curve":"stepped"},{"time":0.1333,"x":0,"y":0,"curve":"stepped"},{"time":0.2,"x":0,"y":0,"curve":"stepped"},{"time":0.2666,"x":0,"y":0,"curve":"stepped"},{"time":0.3666,"x":0,"y":0,"curve":"stepped"},{"time":0.7666,"x":0,"y":0}],"scale":[{"time":0,"x":1,"y":1},{"time":0.1333,"x":0.297,"y":0.297},{"time":0.2,"x":1.114,"y":1.114},{"time":0.2666,"x":0.969,"y":0.969},{"time":0.3666,"x":1,"y":1,"curve":"stepped"},{"time":0.7666,"x":1,"y":1}]},"bone":{"rotate":[{"time":0,"angle":0,"curve":"stepped"},{"time":0.7666,"angle":0}],"translate":[{"time":0,"x":0,"y":0,"curve":"stepped"},{"time":0.7666,"x":0,"y":0}],"scale":[{"time":0,"x":1,"y":1,"curve":"stepped"},{"time":0.7666,"x":1,"y":1}]},"shuchibang2":{"rotate":[{"time":0,"angle":0},{"time":0.3666,"angle":282.91},{"time":0.4666,"angle":11.41},{"time":0.6,"angle":0,"curve":"stepped"},{"time":0.7666,"angle":0}],"translate":[{"time":0,"x":0,"y":0,"curve":"stepped"},{"time":0.3666,"x":0,"y":0,"curve":"stepped"},{"time":0.4666,"x":0,"y":0,"curve":"stepped"},{"time":0.6,"x":0,"y":0,"curve":"stepped"},{"time":0.7666,"x":0,"y":0}],"scale":[{"time":0,"x":1,"y":1,"curve":"stepped"},{"time":0.3666,"x":1,"y":1,"curve":"stepped"},{"time":0.4666,"x":1,"y":1,"curve":"stepped"},{"time":0.6,"x":1,"y":1,"curve":"stepped"},{"time":0.7666,"x":1,"y":1}]}},"drawOrder":[{"time":0},{"time":0.2},{"time":0.3},{"time":0.3333},{"time":0.3666},{"time":0.4},{"time":0.4666},{"time":0.5},{"time":0.6},{"time":0.6333},{"time":0.7},{"time":0.7666}]}}}